user_id,total_deposited,deposit_count,avg_deposit,first_deposit_time,last_deposit_time,unique_deposit_assets,total_withdrawn,withdrawal_count,avg_withdrawal,first_withdrawal_time,last_withdrawal_time,unique_withdrawal_assets,total_trade_volume_usd,trade_count,avg_trade_usd,unique_pairs_traded,first_trade_time,last_trade_time,deposit_withdrawal_ratio,withdrawal_deposit_ratio,hours_deposit_to_withdrawal,trade_to_deposit_ratio,total_unique_assets,activity_frequency,is_suspicious,low_volume_trader,kenya_trader,campaign_target
1001-11001-1521-1561-154,100150.00209872,3.0,33383.33403290666,2025-01-17 17:38:26.189682+00:00,2025-01-18 04:22:04.805973+00:00,2.0,431339.0,20.0,21566.95,2025-01-17 14:56:53.191137+00:00,2025-01-18 03:00:30.301178+00:00,1.0,18.32274,3,6.10758,1,2024-11-30 19:02:07.953535+00:00,2024-12-03 04:30:29.849758+00:00,0.23218397153681905,4.306929515336604,-2.6924995958333335,0.27442945006539615,3.0,26.0,0,True,0,0
1001-11001-1521-1571-155,0.00026701,1.0,0.00026701,2025-03-12 15:08:57.744625+00:00,2025-03-12 15:08:57.744625+00:00,1.0,32888.0,1.0,32888.0,2025-03-12 15:31:47.549399+00:00,2025-03-12 15:31:47.549399+00:00,1.0,47.80214,1,47.80214,1,2025-03-11 14:11:15.735595+00:00,2025-03-11 14:11:15.735595+00:00,8.118766723424957e-09,123171416.80086888,0.3805013261111111,268541290.5883675,2.0,3.0,0,False,0,0
1001-11001-1521-1971-1102,0.00024234,1.0,0.00024234,2025-01-18 06:42:12.823378+00:00,2025-01-18 06:42:12.823378+00:00,1.0,40300.0,1.0,40300.0,2025-01-18 07:16:01.131864+00:00,2025-01-18 07:16:01.131864+00:00,1.0,46.67286666666667,1,46.67286666666667,1,2024-12-09 12:29:53.165034+00:00,2024-12-09 12:29:53.165034+00:00,6.013399503722084e-09,166295287.61244532,0.5634190238888889,288888751.34109104,2.0,3.0,0,False,0,0
1001-11001-1521-1971-156,0.0,0.0,0.0,0,0,0.0,1983.0,1.0,1983.0,2025-04-01 12:43:29.495136+00:00,2025-04-01 12:43:29.495136+00:00,1.0,2.22308,1,2.22308,1,2024-12-05 18:25:00.291218+00:00,2024-12-05 18:25:00.291218+00:00,0.0,0.0,999.0,0.0,1.0,2.0,0,False,0,0
1001-11001-1521-1981-156,0.17213977,7.0,0.024591395714285712,2025-01-17 15:25:22.825389+00:00,2025-01-18 08:19:49.313903+00:00,1.0,93089.0,6.0,15514.833333333334,2025-01-17 15:23:24.859884+00:00,2025-01-18 08:38:58.470911+00:00,1.0,4.94016,1,4.94016,1,2024-12-07 07:37:54.783037+00:00,2024-12-07 07:37:54.783037+00:00,1.84919560850369e-06,540775.673163732,-0.03276819583333333,43047.80934702073,2.0,14.0,0,False,0,0
1001-11001-1521-1981-157,0.00111609,2.0,0.000558045,2025-01-17 16:31:37.196442+00:00,2025-01-18 03:23:57.853288+00:00,1.0,84006.0,2.0,42003.0,2025-01-17 16:47:59.117039+00:00,2025-01-18 08:40:01.876395+00:00,1.0,437.3505466666666,1,437.3505466666666,1,2024-11-30 04:15:36.188366+00:00,2024-11-30 04:15:36.188366+00:00,1.3285836725948146e-08,75268123.53842433,0.2727557213888889,587789353.905151,2.0,5.0,0,False,0,0
1001-11011-1521-1561-148,0.0003161,3.0,0.00010536666666666666,2025-01-17 17:54:50.985122+00:00,2025-01-18 07:13:18.549155+00:00,1.0,52941.0,3.0,17647.0,2025-01-17 19:47:16.420404+00:00,2025-01-18 08:24:16.434039+00:00,1.0,91.08577333333334,5,18.217154666666666,1,2024-11-28 16:15:52.658312+00:00,2024-12-03 03:05:59.972849+00:00,5.970797680436712e-09,167481809.55393863,1.8737320227777778,432232394.8117685,2.0,11.0,0,True,0,0
1001-11011-1521-1561-156,0.00017098,1.0,0.00017098,2025-01-18 01:57:57.690537+00:00,2025-01-18 01:57:57.690537+00:00,1.0,28627.0,1.0,28627.0,2025-01-18 02:14:30.090495+00:00,2025-01-18 02:14:30.090495+00:00,1.0,3.6441266666666663,1,3.6441266666666663,1,2024-12-11 11:14:39.410328+00:00,2024-12-11 11:14:39.410328+00:00,5.9726831313096025e-09,167428939.0571997,0.275666655,31969762.545326937,2.0,3.0,0,False,0,0
1001-11011-1521-1571-1101,0.10509625,3.0,0.03503208333333333,2025-01-18 00:00:30.160167+00:00,2025-01-18 05:30:35.401317+00:00,1.0,40366.0,6.0,6727.666666666667,2025-01-17 15:47:21.635702+00:00,2025-01-18 04:48:19.456551+00:00,1.0,3.7148,1,3.7148,1,2024-12-03 01:11:50.631292+00:00,2024-12-03 01:11:50.631292+00:00,2.603583461328841e-06,384086.01638973795,-8.219034573611111,53019.96978959763,2.0,10.0,0,False,0,0
1001-11011-1521-1571-148,0.0,0.0,0.0,0,0,0.0,35408.0,1.0,35408.0,2025-01-18 00:00:08.132816+00:00,2025-01-18 00:00:08.132816+00:00,1.0,1.2355734806666665,1,1.2355734806666665,1,2024-12-01 16:19:54.090971+00:00,2024-12-01 16:19:54.090971+00:00,0.0,0.0,999.0,0.0,1.0,2.0,0,False,0,0
1001-11011-1521-1971-1101,363.01,3.0,121.00333333333333,2025-01-17 19:42:31.770431+00:00,2025-01-18 09:06:54.058994+00:00,1.0,493800.0,10.0,49380.0,2025-01-17 19:48:34.302464+00:00,2025-01-18 13:01:00.713082+00:00,1.0,461.73762,4,115.434405,1,2024-12-01 16:00:52.347480+00:00,2024-12-07 08:23:44.769398+00:00,0.0007351356824625354,1360.293104873144,0.1007033425,1907.9541334949452,2.0,17.0,0,True,0,0
1001-11011-1521-1971-149,0.0,0.0,0.0,0,0,0.0,9963.08406,2.0,4981.54203,2025-01-17 14:41:44.208102+00:00,2025-01-17 19:57:47.879232+00:00,2.0,19.852780000000003,2,9.926390000000001,1,2024-12-02 11:35:40.074529+00:00,2024-12-03 18:44:27.903097+00:00,0.0,0.0,999.0,0.0,2.0,4.0,0,True,0,0
1001-11011-1521-1971-156,0.0,0.0,0.0,0,0,0.0,110018.0,3.0,36672.666666666664,2025-01-17 16:42:07.346209+00:00,2025-01-18 12:31:10.405886+00:00,1.0,220.13828666666666,2,110.06914333333333,1,2024-11-29 12:07:47.234325+00:00,2024-12-05 04:46:15.202454+00:00,0.0,0.0,999.0,0.0,1.0,5.0,0,True,0,0
1001-11011-1521-1971-197,500000.0,1.0,500000.0,2025-01-18 12:10:44.270821+00:00,2025-01-18 12:10:44.270821+00:00,1.0,909.0,1.0,909.0,2025-01-18 12:12:52.178858+00:00,2025-01-18 12:12:52.178858+00:00,1.0,533.9900733333333,1,533.9900733333333,1,2024-12-05 04:06:24.051254+00:00,2024-12-05 04:06:24.051254+00:00,550.05500550055,0.001818,0.035530010277777774,1.60197022,2.0,3.0,0,False,0,0
1001-11011-1521-1981-155,0.0,0.0,0.0,0,0,0.0,1200.0,1.0,1200.0,2025-03-12 13:36:13.306677+00:00,2025-03-12 13:36:13.306677+00:00,1.0,170.16645333333332,1,170.16645333333332,1,2024-11-30 06:24:04.708978+00:00,2024-11-30 06:24:04.708978+00:00,0.0,0.0,999.0,0.0,1.0,2.0,0,False,0,0
1001-11011-1521-1981-156,0.0,0.0,0.0,0,0,0.0,46000.0,3.0,15333.333333333334,2025-01-17 23:00:14.554588+00:00,2025-05-08 15:15:13.828632+00:00,1.0,34.70142666666666,1,34.70142666666666,1,2025-03-11 17:43:10.521485+00:00,2025-03-11 17:43:10.521485+00:00,0.0,0.0,999.0,0.0,1.0,4.0,0,False,0,0
1001-11021-1521-1571-156,0.0,0.0,0.0,0,0,0.0,20300.0,3.0,6766.666666666667,2025-01-17 18:38:24.296102+00:00,2025-01-18 12:00:05.589456+00:00,1.0,41.974286666666664,6,6.995714444444444,1,2024-11-30 18:50:14.853970+00:00,2024-12-11 11:10:26.264956+00:00,0.0,0.0,999.0,0.0,1.0,9.0,0,True,0,0
1001-11021-1521-1971-1100,0.02652309,3.0,0.00884103,2025-01-17 23:20:21.301786+00:00,2025-01-18 12:44:29.673473+00:00,1.0,276200.0,9.0,30688.88888888889,2025-01-17 17:55:46.958467+00:00,2025-03-12 17:42:52.910578+00:00,1.0,91.06948,1,91.06948,1,2024-12-09 12:08:34.104440+00:00,2024-12-09 12:08:34.104440+00:00,9.602856625633599e-08,10413567.951547123,-5.4095398108333335,5150388.585945304,2.0,13.0,0,False,0,0
1001-11021-1521-1971-199,0.0,0.0,0.0,0,0,0.0,82500.0,3.0,27500.0,2025-01-18 12:33:24.554023+00:00,2025-03-12 11:54:00.719411+00:00,1.0,790.2057866666667,1,790.2057866666667,1,2024-11-30 06:26:41.210935+00:00,2024-11-30 06:26:41.210935+00:00,0.0,0.0,999.0,0.0,1.0,4.0,0,False,0,0
1001-11021-1521-1981-155,0.0,0.0,0.0,0,0,0.0,5000.0,1.0,5000.0,2025-03-12 15:25:00.476832+00:00,2025-03-12 15:25:00.476832+00:00,1.0,583.54856,1,583.54856,1,2024-11-27 21:12:10.005948+00:00,2024-11-27 21:12:10.005948+00:00,0.0,0.0,999.0,0.0,1.0,2.0,0,False,0,0
1001-1481-1521-1561-149,0.00267668,1.0,0.00267668,2025-01-18 01:47:01.003443+00:00,2025-01-18 01:47:01.003443+00:00,1.0,50000.0,1.0,50000.0,2025-01-17 23:07:55.900016+00:00,2025-01-17 23:07:55.900016+00:00,1.0,33.343399999999995,1,33.343399999999995,1,2024-11-28 16:21:03.257126+00:00,2024-11-28 16:21:03.257126+00:00,5.35336e-08,18679857.136452623,-2.651417618611111,18685498.453307826,2.0,3.0,0,False,0,0
1001-1481-1521-1971-1102,0.0,0.0,0.0,0,0,0.0,5892.0,1.0,5892.0,2025-01-18 10:00:14.285729+00:00,2025-01-18 10:00:14.285729+00:00,1.0,16.228540000000002,1,16.228540000000002,1,2024-12-11 07:49:07.649690+00:00,2024-12-11 07:49:07.649690+00:00,0.0,0.0,999.0,0.0,1.0,2.0,0,False,0,0
1001-1481-1521-1971-156,0.0,0.0,0.0,0,0,0.0,80000.0,2.0,40000.0,2025-01-17 17:32:13.649493+00:00,2025-01-17 18:47:29.774691+00:00,1.0,24.256553333333333,1,24.256553333333333,1,2024-12-01 15:57:09.541217+00:00,2024-12-01 15:57:09.541217+00:00,0.0,0.0,999.0,0.0,1.0,3.0,0,False,0,0
1001-1491-1521-1561-156,0.00070991,1.0,0.00070991,2025-01-18 12:19:52.308774+00:00,2025-01-18 12:19:52.308774+00:00,1.0,30000.0,2.0,15000.0,2025-01-18 12:44:34.389340+00:00,2025-03-12 12:07:57.095355+00:00,1.0,186.5177733333333,1,186.5177733333333,1,2024-12-02 11:39:10.196828+00:00,2024-12-02 11:39:10.196828+00:00,2.3663666666666667e-08,42258877.885929205,0.4116890461111111,394101590.34243774,2.0,4.0,0,False,0,0
1001-1491-1521-1571-198,0.0,0.0,0.0,0,0,0.0,20000.0,2.0,10000.0,2025-01-17 21:18:23.916412+00:00,2025-01-17 21:43:54.269132+00:00,1.0,121.15914,4,30.289785,3,2024-11-29 11:37:11.845379+00:00,2024-12-10 13:16:31.006102+00:00,0.0,0.0,999.0,0.0,1.0,6.0,0,True,0,0
1001-1491-1521-1981-1100,0.0,0.0,0.0,0,0,0.0,10100.0,2.0,5050.0,2025-01-17 14:42:02.030150+00:00,2025-01-17 19:10:24.576281+00:00,1.0,0.6594333333333333,1,0.6594333333333333,1,2024-11-30 18:56:46.737542+00:00,2024-11-30 18:56:46.737542+00:00,0.0,0.0,999.0,0.0,1.0,3.0,0,False,0,0
1001-1501-1521-1561-1101,0.0,0.0,0.0,0,0,0.0,33473.0,1.0,33473.0,2025-04-01 12:00:08.148905+00:00,2025-04-01 12:00:08.148905+00:00,1.0,10.59848,1,10.59848,1,2024-11-30 19:35:24.966645+00:00,2024-11-30 19:35:24.966645+00:00,0.0,0.0,999.0,0.0,1.0,2.0,0,False,0,0
1001-1501-1521-1981-197,0.00024376,1.0,0.00024376,2025-03-12 17:38:28.024200+00:00,2025-03-12 17:38:28.024200+00:00,1.0,0.0,0.0,0.0,0,0,0.0,18.247206666666667,1,18.247206666666667,1,2024-12-03 00:59:45.648914+00:00,2024-12-03 00:59:45.648914+00:00,999.0,0.0,999.0,112285895.96324253,1.0,2.0,0,False,0,0
1001-1511-1521-1561-1101,0.00957325,1.0,0.00957325,2025-01-18 01:57:12.608121+00:00,2025-01-18 01:57:12.608121+00:00,1.0,450000.0,4.0,112500.0,2025-01-17 14:49:10.372127+00:00,2025-01-18 07:57:56.919919+00:00,1.0,163.67576666666668,1,163.67576666666668,1,2024-12-03 18:01:40.979926+00:00,2024-12-03 18:01:40.979926+00:00,2.1273888888888888e-08,47005980.20525945,-11.133954442777778,25645799.49337999,2.0,6.0,0,False,0,0
1001-1511-1521-1561-149,16.4,1.0,16.4,2025-01-18 01:59:36.607518+00:00,2025-01-18 01:59:36.607518+00:00,1.0,26830.0,1.0,26830.0,2025-01-18 09:42:20.091743+00:00,2025-01-18 09:42:20.091743+00:00,1.0,15.464166666666667,1,15.464166666666667,1,2024-11-28 16:35:52.282981+00:00,2024-11-28 16:35:52.282981+00:00,0.0006112560566530003,1635.9756097560978,7.7120789513888885,1414.4054878048782,2.0,3.0,0,False,0,0
1001-1511-1521-1561-151,0.0,0.0,0.0,0,0,0.0,73300.0,2.0,36650.0,2025-01-18 10:22:36.594058+00:00,2025-03-12 16:35:58.926319+00:00,1.0,136.65958,2,68.32979,1,2024-12-01 16:04:33.854118+00:00,2024-12-02 10:57:13.011048+00:00,0.0,0.0,999.0,0.0,1.0,4.0,0,True,0,0
1001-1511-1521-1561-157,131.28,1.0,131.28,2025-01-18 02:33:36.962801+00:00,2025-01-18 02:33:36.962801+00:00,1.0,172000.0,4.0,43000.0,2025-01-18 02:49:51.699416+00:00,2025-01-18 09:30:11.806670+00:00,1.0,45.560113333333334,1,45.560113333333334,1,2024-12-07 07:47:06.472950+00:00,2024-12-07 07:47:06.472950+00:00,0.0007632558139534884,1310.1767215112736,0.27076017083333337,520.5680225472273,2.0,6.0,0,False,0,0
1001-1511-1521-1561-198,5.364528,1.0,5.364528,2025-01-17 21:10:36.547582+00:00,2025-01-17 21:10:36.547582+00:00,1.0,0.0,0.0,0.0,0,0,0.0,19.448366666666665,1,19.448366666666665,1,2024-12-06 13:20:45.639647+00:00,2024-12-06 13:20:45.639647+00:00,999.0,0.0,999.0,5438.0459939812035,1.0,2.0,0,False,0,0
1001-1511-1521-1981-197,0.0,0.0,0.0,0,0,0.0,50933.0,5.0,10186.6,2025-01-17 17:35:16.495993+00:00,2025-01-18 00:06:21.970377+00:00,1.0,8.714806666666666,2,4.357403333333333,1,2024-12-03 18:23:25.383533+00:00,2024-12-06 13:32:25.873415+00:00,0.0,0.0,999.0,0.0,1.0,7.0,0,True,0,0
1001-1521-1521-1561-148,140.0,3.0,46.666666666666664,2025-01-18 11:22:58.444171+00:00,2025-01-18 12:21:15.919698+00:00,1.0,25200.0,2.0,12600.0,2025-01-18 10:18:12.182509+00:00,2025-03-12 12:16:29.318453+00:00,1.0,33.1696,1,33.1696,1,2024-12-11 11:11:38.439284+00:00,2024-12-11 11:11:38.439284+00:00,0.005555555555555556,180.0,-1.0795171283333334,355.3885714285714,2.0,6.0,0,False,0,0
1001-1521-1521-1571-1101,0.001832,1.0,0.001832,2025-01-17 22:10:52.296791+00:00,2025-01-17 22:10:52.296791+00:00,1.0,0.0,0.0,0.0,0,0,0.0,139.64938,1,139.64938,1,2024-12-05 05:40:16.410212+00:00,2024-12-05 05:40:16.410212+00:00,999.0,0.0,999.0,114341741.26637554,1.0,2.0,0,False,0,0
1001-1521-1521-1571-149,0.00380095,1.0,0.00380095,2025-01-17 17:24:57.669934+00:00,2025-01-17 17:24:57.669934+00:00,1.0,387400.0,12.0,32283.333333333332,2025-01-17 18:22:48.095705+00:00,2025-01-18 12:45:34.020662+00:00,1.0,87.99936666666667,3,29.333122222222226,1,2024-11-30 19:39:19.561162+00:00,2024-12-08 17:46:17.614405+00:00,9.811435209086216e-09,101921887.94906537,0.9640071586111112,34727910.12773123,2.0,16.0,0,True,0,0
1001-1521-1521-1971-1102,0.34901425,2.0,0.174507125,2025-03-12 13:53:23.207490+00:00,2025-03-12 16:58:05.509166+00:00,1.0,62835.0,3.0,20945.0,2025-03-12 13:27:11.766058+00:00,2025-03-12 17:06:01.952423+00:00,1.0,359.28469333333334,5,71.85693866666666,4,2024-11-27 20:51:34.258095+00:00,2024-12-10 20:02:11.371201+00:00,5.554456115222408e-06,180035.6289177304,-0.4365115088888889,1544140.5042917302,2.0,10.0,0,True,0,0
1001-1531-1521-1571-149,103.99012882,4.0,25.997532205,2025-01-17 17:50:49.847923+00:00,2025-01-18 04:18:38.384295+00:00,2.0,160709.0,4.0,40177.25,2025-01-17 17:59:12.743733+00:00,2025-01-18 10:50:46.520951+00:00,1.0,8.643793333333333,1,8.643793333333333,1,2024-12-09 23:35:10.733161+00:00,2024-12-09 23:35:10.733161+00:00,0.000647070971880853,1545.4255305152724,0.13969328055555555,124.68193036324388,3.0,9.0,0,False,0,0
1001-1531-1521-1971-150,0.0,0.0,0.0,0,0,0.0,23981.0,2.0,11990.5,2025-01-18 06:24:40.221168+00:00,2025-01-18 06:41:59.227151+00:00,1.0,33.310433333333336,3,11.103477777777778,1,2024-12-06 12:49:46.591133+00:00,2024-12-08 17:15:12.113598+00:00,0.0,0.0,999.0,0.0,1.0,5.0,0,True,0,0
1001-1531-1521-1971-199,0.0,0.0,0.0,0,0,0.0,44561.0,2.0,22280.5,2025-03-12 12:34:07.546428+00:00,2025-03-12 15:22:42.735631+00:00,1.0,7.176153333333333,1,7.176153333333333,1,2024-11-30 18:44:31.622426+00:00,2024-11-30 18:44:31.622426+00:00,0.0,0.0,999.0,0.0,1.0,3.0,0,False,0,0
1001-1531-1521-1981-153,0.03881594,1.0,0.03881594,2025-01-18 10:52:41.966661+00:00,2025-01-18 10:52:41.966661+00:00,1.0,7894.0,1.0,7894.0,2025-01-18 11:56:18.670098+00:00,2025-01-18 11:56:18.670098+00:00,1.0,3.87842,1,3.87842,1,2024-11-28 16:34:54.091972+00:00,2024-11-28 16:34:54.091972+00:00,4.917144666835572e-06,203370.058795433,1.0601953991666666,149877.34420446857,2.0,3.0,0,False,0,0
1001-1551-1521-1561-148,0.0,0.0,0.0,0,0,0.0,5772.0,1.0,5772.0,2025-04-01 12:29:13.913699+00:00,2025-04-01 12:29:13.913699+00:00,1.0,104.72065333333333,2,52.360326666666666,1,2024-12-02 11:46:12.326053+00:00,2024-12-05 17:56:41.979178+00:00,0.0,0.0,999.0,0.0,1.0,3.0,0,True,0,0
1001-1551-1521-1571-148,590.94222624,2.0,295.47111312,2025-01-17 15:41:25.866202+00:00,2025-03-12 16:19:09.029474+00:00,1.0,957476.0,2.0,478738.0,2025-01-17 15:46:31.040598+00:00,2025-03-12 16:29:30.717789+00:00,1.0,335.65651333333335,3,111.88550444444445,2,2024-11-28 16:15:02.663442+00:00,2024-12-06 13:31:01.998058+00:00,0.0006171875078226503,1620.2531440207817,0.08477066555555555,852.0033729922005,2.0,7.0,0,True,0,0
1001-1551-1521-1981-149,0.01104715,6.0,0.0018411916666666668,2025-01-17 22:47:32.564795+00:00,2025-01-18 01:57:14.384972+00:00,1.0,1060000.0,1.0,1060000.0,2025-01-18 02:47:33.572696+00:00,2025-01-18 02:47:33.572696+00:00,1.0,22.630546666666667,1,22.630546666666667,1,2024-11-30 04:26:41.711072+00:00,2024-11-30 04:26:41.711072+00:00,1.0421839622641509e-08,95952349.70105411,4.0002799725000004,3072812.4448387143,2.0,8.0,0,False,0,0
1001-1551-1521-1981-199,0.00101066,1.0,0.00101066,2025-01-18 02:36:37.086566+00:00,2025-01-18 02:36:37.086566+00:00,1.0,85200.0,3.0,28400.0,2025-01-17 17:35:32.628700+00:00,2025-03-12 17:17:52.480890+00:00,1.0,665.28352,2,332.64176,1,2024-11-29 11:52:58.308126+00:00,2024-12-03 02:11:56.756937+00:00,1.1862206572769954e-08,84301347.63421921,-9.017904962777777,987399600.2612153,2.0,6.0,0,False,0,0
1001-1561-1521-1561-150,0.00034426,2.0,0.00017213,2025-01-17 22:18:11.315792+00:00,2025-01-18 00:50:57.472728+00:00,1.0,57674.0,2.0,28837.0,2025-01-17 22:27:43.967334+00:00,2025-01-18 00:59:16.979812+00:00,1.0,72.80920666666667,3,24.269735555555556,1,2024-11-27 20:59:01.568967+00:00,2024-12-07 21:00:47.862254+00:00,5.9690675174255294e-09,167530354.9642712,0.15906987277777776,317242229.71010286,2.0,7.0,0,True,0,0
1001-1561-1521-1971-154,0.0,0.0,0.0,0,0,0.0,32450.0,4.0,8112.5,2025-01-17 18:56:25.778035+00:00,2025-01-18 07:48:15.321935+00:00,1.0,59.99877333333333,1,59.99877333333333,1,2024-11-30 18:53:10.929360+00:00,2024-11-30 18:53:10.929360+00:00,0.0,0.0,999.0,0.0,1.0,5.0,0,False,0,0
1001-1571-1521-1571-150,0.0085552,1.0,0.0085552,2025-03-12 16:28:25.381010+00:00,2025-03-12 16:28:25.381010+00:00,1.0,0.0,0.0,0.0,0,0,0.0,2547.5976266666667,2,1273.7988133333333,1,2024-12-01 16:06:11.008820+00:00,2024-12-03 01:31:01.014923+00:00,999.0,0.0,999.0,446675289.8821769,1.0,3.0,0,False,0,0
1001-1571-1521-1971-153,0.0,0.0,0.0,0,0,0.0,20000.0,2.0,10000.0,2025-03-12 15:18:41.857479+00:00,2025-05-08 15:17:11.727270+00:00,1.0,60.56493333333333,1,60.56493333333333,1,2024-11-30 05:12:20.663482+00:00,2024-11-30 05:12:20.663482+00:00,0.0,0.0,999.0,0.0,1.0,3.0,0,False,0,0
1001-1571-1521-1971-154,0.0,0.0,0.0,0,0,0.0,16695.0,1.0,16695.0,2025-01-18 05:14:34.974963+00:00,2025-01-18 05:14:34.974963+00:00,1.0,33.439820000000005,1,33.439820000000005,1,2024-12-02 11:31:30.177897+00:00,2024-12-02 11:31:30.177897+00:00,0.0,0.0,999.0,0.0,1.0,2.0,0,False,0,0
1001-1571-1521-1971-156,0.0,0.0,0.0,0,0,0.0,110000.0,1.0,110000.0,2025-01-18 08:57:32.789383+00:00,2025-01-18 08:57:32.789383+00:00,1.0,2792.99454,3,930.99818,2,2024-11-30 06:25:07.585401+00:00,2024-11-30 19:05:28.336178+00:00,0.0,0.0,999.0,0.0,1.0,4.0,0,False,0,0
1001-1571-1521-1981-157,0.0,0.0,0.0,0,0,0.0,10200.0,1.0,10200.0,2025-01-18 10:53:46.886279+00:00,2025-01-18 10:53:46.886279+00:00,1.0,36.09044,3,12.030146666666667,1,2024-11-28 16:40:51.977198+00:00,2024-12-11 07:24:46.313848+00:00,0.0,0.0,999.0,0.0,1.0,4.0,0,True,0,0
1001-1971-1521-1561-148,0.00028145000000000004,2.0,0.00014072500000000002,2025-01-17 15:22:37.785632+00:00,2025-01-18 09:51:19.944552+00:00,1.0,45255.0,2.0,22627.5,2025-01-17 15:30:46.487898+00:00,2025-01-18 09:59:06.953030+00:00,1.0,2588.01946,7,369.7170657142857,3,2024-11-28 16:14:20.699536+00:00,2024-12-10 20:19:32.904817+00:00,6.21920229808861e-09,160792325.45745245,0.13575062944444444,13792962124.711313,2.0,11.0,0,False,0,0
1001-1971-1521-1561-151,50.0,1.0,50.0,2025-01-17 15:24:24.485386+00:00,2025-01-17 15:24:24.485386+00:00,1.0,102500.0,6.0,17083.333333333332,2025-01-17 15:04:46.795165+00:00,2025-01-18 10:22:56.448187+00:00,1.0,10.557866666666666,1,10.557866666666666,1,2024-12-08 17:52:41.874958+00:00,2024-12-08 17:52:41.874958+00:00,0.0004878048780487805,2050.0,-0.32713617250000004,316.736,2.0,8.0,0,False,0,0
1001-1971-1521-1571-150,0.0,0.0,0.0,0,0,0.0,4000.0,1.0,4000.0,2025-03-12 14:12:41.047007+00:00,2025-03-12 14:12:41.047007+00:00,1.0,71.99833333333333,2,35.99916666666667,2,2024-11-28 16:18:29.234271+00:00,2024-11-28 16:33:12.394776+00:00,0.0,0.0,999.0,0.0,1.0,3.0,0,True,0,0
1001-1971-1521-1971-148,0.0,0.0,0.0,0,0,0.0,27300.0,3.0,9100.0,2025-01-17 16:49:33.937353+00:00,2025-01-18 09:27:20.497721+00:00,1.0,50.378813333333326,3,16.792937777777777,1,2024-11-30 05:47:46.790387+00:00,2024-12-10 20:06:08.791014+00:00,0.0,0.0,999.0,0.0,1.0,6.0,0,True,0,0
1001-1971-1521-1981-1102,0.0011557,2.0,0.00057785,2025-01-17 19:11:03.947987+00:00,2025-01-18 10:52:26.792727+00:00,1.0,230000.0,8.0,28750.0,2025-01-17 15:04:04.310938+00:00,2025-01-18 11:16:04.390334+00:00,1.0,51.815286666666665,1,51.815286666666665,1,2024-12-08 18:04:10.015115+00:00,2024-12-08 18:04:10.015115+00:00,5.024782608695652e-09,199013584.8403565,-4.116565846944445,67251821.40693952,2.0,11.0,0,False,0,0
1001-1971-1521-1981-154,0.00240844,2.0,0.00120422,2025-03-12 13:04:31.951263+00:00,2025-03-12 17:37:54.559228+00:00,1.0,75000.0,1.0,75000.0,2025-03-12 15:29:53.523416+00:00,2025-03-12 15:29:53.523416+00:00,1.0,48.22634666666667,1,48.22634666666667,1,2024-12-10 20:19:47.320791+00:00,2024-12-10 20:19:47.320791+00:00,3.211253333333333e-08,31140489.27936756,2.4226589313888884,30035840.627127934,2.0,4.0,0,False,0,0
1001-1971-1521-1981-198,50.0,1.0,50.0,2025-01-18 09:46:47.767331+00:00,2025-01-18 09:46:47.767331+00:00,1.0,0.0,0.0,0.0,0,0,0.0,19.981013333333333,2,9.990506666666667,1,2024-12-06 13:43:19.453658+00:00,2024-12-10 13:25:49.228082+00:00,999.0,0.0,999.0,599.4304,1.0,3.0,0,True,0,0
1001-1981-1521-1561-154,89.777732,3.0,29.925910666666667,2025-01-17 17:25:46.224810+00:00,2025-01-18 02:28:35.289549+00:00,1.0,28000.0,3.0,9333.333333333334,2025-01-17 21:08:09.575725+00:00,2025-01-18 09:05:04.627143+00:00,1.0,28.16209333333333,1,28.16209333333333,1,2024-12-05 18:19:48.587953+00:00,2024-12-05 18:19:48.587953+00:00,0.0032063475714285716,311.8813471474196,3.706486365277778,470.53026467632304,2.0,7.0,0,False,0,0
1001-1981-1521-1571-1101,152.00061361,2.0,76.000306805,2025-03-12 11:18:49.566020+00:00,2025-03-12 12:12:38.311435+00:00,2.0,133980.0,6.0,22330.0,2025-01-17 17:17:36.405696+00:00,2025-03-12 15:37:15.607681+00:00,1.0,65.76758666666666,4,16.441896666666665,2,2024-12-02 11:01:18.416978+00:00,2024-12-11 14:22:44.051057+00:00,0.00113450226608449,881.4438101135769,-1290.020322312222,649.0196168096903,3.0,12.0,0,True,0,0
1001-1981-1521-1571-153,0.0,0.0,0.0,0,0,0.0,49900.0,6.0,8316.666666666666,2025-01-17 15:51:36.525840+00:00,2025-01-18 08:19:11.362550+00:00,1.0,24.48184666666667,5,4.896369333333334,1,2024-11-27 20:49:04.402104+00:00,2024-12-11 11:11:51.448562+00:00,0.0,0.0,999.0,0.0,1.0,11.0,0,True,0,0
1001-1981-1521-1571-157,0.0,0.0,0.0,0,0,0.0,5000.0,1.0,5000.0,2025-03-12 12:48:10.545553+00:00,2025-03-12 12:48:10.545553+00:00,1.0,13.333333333333334,1,13.333333333333334,1,2025-03-11 17:33:58.380934+00:00,2025-03-11 17:33:58.380934+00:00,0.0,0.0,999.0,0.0,1.0,2.0,0,False,0,0
1001-1981-1521-1981-199,0.011,1.0,0.011,2025-01-17 18:56:21.360844+00:00,2025-01-17 18:56:21.360844+00:00,1.0,3817.0,1.0,3817.0,2025-01-17 20:09:23.717441+00:00,2025-01-17 20:09:23.717441+00:00,1.0,5.554826666666667,2,2.7774133333333335,2,2024-11-27 20:56:29.857428+00:00,2024-12-05 05:45:06.508810+00:00,2.881844380403458e-06,347000.0,1.2173212769444444,757476.3636363636,2.0,4.0,0,True,0,0
1001-1991-1521-1561-157,25.565889,2.0,12.7829445,2025-01-17 15:15:55.981096+00:00,2025-03-12 11:16:17.266925+00:00,1.0,12123.0,1.0,12123.0,2025-01-17 16:15:39.063856+00:00,2025-01-17 16:15:39.063856+00:00,1.0,20.659693333333333,1,20.659693333333333,1,2024-12-03 02:05:13.744895+00:00,2024-12-03 02:05:13.744895+00:00,0.002108874783469438,474.1865225183447,0.9953007666666666,1212.1440408350363,2.0,4.0,0,False,0,0
1001-1991-1521-1571-1101,0.00667499,1.0,0.00667499,2025-01-17 21:46:16.536671+00:00,2025-01-17 21:46:16.536671+00:00,1.0,276000.0,3.0,92000.0,2025-01-17 18:20:25.552054+00:00,2025-01-18 05:16:46.935281+00:00,1.0,106.68302666666666,2,53.34151333333333,1,2024-12-07 07:54:41.203645+00:00,2024-12-10 13:46:06.526015+00:00,2.4184746376811593e-08,41348376.55187499,-3.430829060277778,23973749.773407903,2.0,6.0,0,True,0,0
1001-1991-1521-1571-149,228.14,2.0,114.07,2025-01-18 06:15:59.053006+00:00,2025-01-18 08:50:34.827054+00:00,1.0,903600.0,15.0,60240.0,2025-01-17 17:46:08.589076+00:00,2025-03-12 13:49:12.419834+00:00,1.0,43.71982,1,43.71982,1,2025-07-18 15:24:36.232456+00:00,2025-07-18 15:24:36.232456+00:00,0.00025247897299690125,3960.7258700797756,-12.497351091666665,287.45388796353114,2.0,18.0,0,False,0,0
1001-1991-1521-1971-150,0.20145725,1.0,0.20145725,2025-01-17 20:49:18.069292+00:00,2025-01-17 20:49:18.069292+00:00,1.0,260000.0,1.0,260000.0,2025-01-17 21:44:14.837921+00:00,2025-01-17 21:44:14.837921+00:00,1.0,156.13721999999999,2,78.06860999999999,1,2024-11-29 11:40:03.169217+00:00,2024-12-05 05:31:28.538333+00:00,7.74835576923077e-07,1290596.3920385095,0.9157690636111111,1162558.4584322479,2.0,4.0,0,True,0,0
1001-1991-1521-1971-154,0.00168299,3.0,0.0005609966666666667,2025-01-17 20:52:39.592116+00:00,2025-03-12 16:26:51.725537+00:00,1.0,206283.0,12.0,17190.25,2025-01-17 14:56:43.704247+00:00,2025-03-12 16:23:04.714671+00:00,1.0,177.25539333333333,11,16.114126666666667,1,2024-11-29 11:32:03.455642+00:00,2024-12-10 13:25:36.251890+00:00,8.158646131770433e-09,122569355.72998056,-5.932191074722222,157982572.6831413,2.0,26.0,0,False,0,0
1001-1991-1521-1971-197,0.00023382,1.0,0.00023382,2025-01-17 15:39:29.788002+00:00,2025-01-17 15:39:29.788002+00:00,1.0,0.0,0.0,0.0,0,0,0.0,14.696113333333333,1,14.696113333333333,1,2024-11-28 16:00:08.732454+00:00,2024-11-28 16:00:08.732454+00:00,999.0,0.0,999.0,94278376.52895388,1.0,2.0,0,False,0,0
1001-1991-1521-1981-150,0.00218403,1.0,0.00218403,2025-01-18 09:53:02.404615+00:00,2025-01-18 09:53:02.404615+00:00,1.0,0.0,0.0,0.0,0,0,0.0,8.47342,2,4.23671,1,2024-12-03 18:31:48.687848+00:00,2024-12-10 13:52:41.975519+00:00,999.0,0.0,999.0,5819576.654166839,1.0,3.0,0,True,0,0
1001-1991-1521-1981-156,1150.0,1.0,1150.0,2025-01-17 17:06:44.609504+00:00,2025-01-17 17:06:44.609504+00:00,1.0,0.003975,1.0,0.003975,2025-01-17 17:10:53.297976+00:00,2025-01-17 17:10:53.297976+00:00,1.0,6.569506666666666,1,6.569506666666666,1,2024-11-30 05:07:56.953266+00:00,2024-11-30 05:07:56.953266+00:00,289308.1761006289,3.456521739130435e-06,0.06908013111111111,8.568921739130435,2.0,3.0,0,False,0,0
1011-11001-1521-1571-153,40000.0,1.0,40000.0,2025-01-17 20:41:47.796545+00:00,2025-01-17 20:41:47.796545+00:00,1.0,0.16995,2.0,0.084975,2025-01-17 20:43:36.966351+00:00,2025-01-17 20:44:39.718558+00:00,1.0,14.533206666666668,1,14.533206666666668,1,2024-12-03 02:23:33.126354+00:00,2024-12-03 02:23:33.126354+00:00,235363.34215945867,4.24875e-06,0.03032494611111111,0.54499525,2.0,4.0,0,False,0,0
1011-11001-1521-1971-148,0.04186027,1.0,0.04186027,2025-01-18 10:08:12.499332+00:00,2025-01-18 10:08:12.499332+00:00,1.0,61096.0,2.0,30548.0,2025-01-18 07:00:04.139801+00:00,2025-01-18 11:34:26.799430+00:00,1.0,94.34419333333332,2,47.17209666666666,1,2024-11-29 11:47:03.456998+00:00,2024-12-07 21:13:24.145424+00:00,6.851556566714678e-07,1459522.358551438,-3.1356554252777777,3380682.6855154065,2.0,5.0,0,True,0,0
1011-11001-1521-1971-153,0.0,0.0,0.0,0,0,0.0,4743.0,1.0,4743.0,2025-01-17 21:00:05.302886+00:00,2025-01-17 21:00:05.302886+00:00,1.0,3.15706,1,3.15706,1,2024-12-09 12:03:15.412465+00:00,2024-12-09 12:03:15.412465+00:00,0.0,0.0,999.0,0.0,1.0,2.0,0,False,0,0
1011-11001-1521-1981-1101,0.0,0.0,0.0,0,0,0.0,223100.0,20.0,11155.0,2025-01-17 15:01:52.978183+00:00,2025-03-12 15:10:51.209223+00:00,1.0,93.45868666666665,2,46.729343333333325,1,2024-11-30 05:39:59.939749+00:00,2024-11-30 06:17:45.269598+00:00,0.0,0.0,999.0,0.0,1.0,22.0,0,True,0,0
1011-11011-1521-1561-156,0.0,0.0,0.0,0,0,0.0,77500.0,5.0,15500.0,2025-01-17 15:08:58.274034+00:00,2025-01-18 09:13:41.894429+00:00,1.0,40.008586666666666,2,20.004293333333333,2,2024-11-27 21:12:37.600809+00:00,2024-11-29 11:45:50.143937+00:00,0.0,0.0,999.0,0.0,1.0,7.0,0,True,0,0
1011-11011-1521-1981-156,0.00055435,1.0,0.00055435,2025-01-17 22:18:08.117415+00:00,2025-01-17 22:18:08.117415+00:00,1.0,92800.0,1.0,92800.0,2025-01-17 22:22:58.446091+00:00,2025-01-17 22:22:58.446091+00:00,1.0,110.83848,2,55.41924,1,2024-12-08 17:42:14.898865+00:00,2024-12-09 22:50:03.307567+00:00,5.973599137931034e-09,167403265.08523497,0.08064685444444444,299914710.92270225,2.0,4.0,0,True,0,0
1011-11011-1521-1981-197,0.0,0.0,0.0,0,0,0.0,62000.0,4.0,15500.0,2025-03-12 12:12:26.614274+00:00,2025-03-12 16:29:49.334298+00:00,1.0,1161.4151,1,1161.4151,1,2024-12-03 00:54:35.290556+00:00,2024-12-03 00:54:35.290556+00:00,0.0,0.0,999.0,0.0,1.0,5.0,0,False,0,0
1011-11021-1521-1561-151,0.0,0.0,0.0,0,0,0.0,138000.0,4.0,34500.0,2025-01-18 07:25:43.574761+00:00,2025-03-12 14:22:50.140996+00:00,1.0,1194.5537333333334,4,298.63843333333335,3,2024-11-29 11:52:41.389168+00:00,2024-12-10 13:32:37.893175+00:00,0.0,0.0,999.0,0.0,1.0,8.0,0,False,0,0
1011-11021-1521-1571-148,0.0,0.0,0.0,0,0,0.0,3680.0,2.0,1840.0,2025-01-17 19:52:08.912988+00:00,2025-01-17 20:03:07.812057+00:00,1.0,10.10046,1,10.10046,1,2024-12-01 16:08:59.311174+00:00,2024-12-01 16:08:59.311174+00:00,0.0,0.0,999.0,0.0,1.0,3.0,0,False,0,0
1011-11021-1521-1971-149,0.00060826,1.0,0.00060826,2025-03-12 14:21:57.333832+00:00,2025-03-12 14:21:57.333832+00:00,1.0,375394.0,1.0,375394.0,2025-03-12 17:16:51.253029+00:00,2025-03-12 17:16:51.253029+00:00,1.0,340.24743333333333,2,170.12371666666667,1,2024-11-28 16:31:02.729658+00:00,2024-12-09 23:49:48.952221+00:00,1.6203242459922108e-09,617160424.8183342,2.914977554722222,839067421.8261927,2.0,4.0,0,True,0,0
1011-11021-1521-1971-197,0.0,0.0,0.0,0,0,0.0,150000.0,2.0,75000.0,2025-01-17 17:26:32.708886+00:00,2025-01-18 08:47:42.900861+00:00,1.0,5.288486666666667,1,5.288486666666667,1,2024-12-07 20:39:00.406388+00:00,2024-12-07 20:39:00.406388+00:00,0.0,0.0,999.0,0.0,1.0,3.0,0,False,0,0
1011-11021-1521-1971-198,10.0,1.0,10.0,2025-01-18 08:05:06.956541+00:00,2025-01-18 08:05:06.956541+00:00,1.0,0.0,0.0,0.0,0,0,0.0,137.76460666666668,2,68.88230333333334,1,2024-12-02 11:36:02.286615+00:00,2024-12-09 23:02:50.481179+00:00,999.0,0.0,999.0,20664.691,1.0,3.0,0,True,0,0
1011-11021-1521-1981-1102,40.0,1.0,40.0,2025-01-18 05:35:58.341219+00:00,2025-01-18 05:35:58.341219+00:00,1.0,65441.0,2.0,32720.5,2025-01-18 06:06:39.255978+00:00,2025-01-18 06:07:01.252542+00:00,1.0,44.95440000000001,1,44.95440000000001,1,2024-12-03 01:19:35.957667+00:00,2024-12-03 01:19:35.957667+00:00,0.0006112376033373573,1636.025,0.5113652108333333,1685.7900000000002,2.0,4.0,0,False,0,0
1011-11021-1521-1981-154,0.0,0.0,0.0,0,0,0.0,90000.0,3.0,30000.0,2025-01-18 05:00:12.574665+00:00,2025-03-12 12:44:17.438031+00:00,1.0,44.23175333333334,1,44.23175333333334,1,2024-11-27 21:38:52.650600+00:00,2024-11-27 21:38:52.650600+00:00,0.0,0.0,999.0,0.0,1.0,4.0,0,False,0,0
1011-1481-1521-1561-150,0.00043734,1.0,0.00043734,2025-01-17 16:43:46.773394+00:00,2025-01-17 16:43:46.773394+00:00,1.0,73275.0,1.0,73275.0,2025-01-17 18:48:11.025976+00:00,2025-01-17 18:48:11.025976+00:00,1.0,494.05637333333334,5,98.81127466666666,1,2024-11-30 04:54:10.790351+00:00,2024-12-08 17:19:55.899841+00:00,5.968474923234391e-09,167546988.61297846,2.073403495,1694527278.547583,2.0,7.0,0,True,0,0
1011-1481-1521-1561-198,0.0,0.0,0.0,0,0,0.0,7703.0,1.0,7703.0,2025-03-12 12:49:29.594998+00:00,2025-03-12 12:49:29.594998+00:00,1.0,31.12806666666667,5,6.225613333333333,2,2024-12-05 17:52:28.971301+00:00,2024-12-10 13:34:40.974062+00:00,0.0,0.0,999.0,0.0,1.0,6.0,0,True,0,0
1011-1481-1521-1571-197,0.0,0.0,0.0,0,0,0.0,65000.0,3.0,21666.666666666668,2025-03-12 11:43:40.826784+00:00,2025-03-12 17:08:45.561169+00:00,1.0,3.831733333333333,2,1.9158666666666666,1,2024-11-30 05:46:59.994103+00:00,2024-12-04 12:22:09.989951+00:00,0.0,0.0,999.0,0.0,1.0,5.0,0,True,0,0
1011-1481-1521-1971-148,0.0,0.0,0.0,0,0,0.0,240000.0,6.0,40000.0,2025-01-17 18:37:58.827549+00:00,2025-01-18 05:02:16.130932+00:00,1.0,11.222733333333332,1,11.222733333333332,1,2024-12-01 16:33:48.482815+00:00,2024-12-01 16:33:48.482815+00:00,0.0,0.0,999.0,0.0,1.0,7.0,0,False,0,0
1011-1481-1521-1981-149,149.8,2.0,74.9,2025-01-17 15:38:08.960648+00:00,2025-01-18 01:01:25.895409+00:00,1.0,238600.0,5.0,47720.0,2025-01-17 16:26:22.593309+00:00,2025-01-18 11:50:19.554681+00:00,1.0,423.5925333333334,1,423.5925333333334,1,2024-12-10 20:02:19.797367+00:00,2024-12-10 20:02:19.797367+00:00,0.0006278290025146689,1592.7903871829105,0.8037868502777779,4241.5807743658215,2.0,8.0,0,False,0,0
1011-1481-1521-1981-157,103.0,1.0,103.0,2025-01-18 09:50:45.019588+00:00,2025-01-18 09:50:45.019588+00:00,1.0,0.0,0.0,0.0,0,0,0.0,78.96933333333334,1,78.96933333333334,1,2024-11-28 16:19:00.828713+00:00,2024-11-28 16:19:00.828713+00:00,999.0,0.0,999.0,1150.0388349514565,1.0,2.0,0,False,0,0
1011-1491-1521-1571-1102,90.0,1.0,90.0,2025-01-18 09:26:05.008668+00:00,2025-01-18 09:26:05.008668+00:00,1.0,267500.0,8.0,33437.5,2025-01-18 06:38:16.967977+00:00,2025-03-12 14:18:39.729439+00:00,1.0,33.8224,1,33.8224,1,2024-11-28 16:09:50.534310+00:00,2024-11-28 16:09:50.534310+00:00,0.0003364485981308411,2972.222222222222,-2.7966779697222224,563.7066666666667,2.0,10.0,0,False,0,0
1011-1491-1521-1971-198,39.05,1.0,39.05,2025-01-18 09:26:29.456707+00:00,2025-01-18 09:26:29.456707+00:00,1.0,34008.0,2.0,17004.0,2025-01-18 10:20:16.310260+00:00,2025-01-18 10:49:08.888817+00:00,1.0,21.676399999999997,1,21.676399999999997,1,2024-12-04 12:19:09.801363+00:00,2024-12-04 12:19:09.801363+00:00,0.0011482592331216184,870.8834827144686,0.8963482091666667,832.6402048655569,2.0,4.0,0,False,0,0
1011-1491-1521-1971-199,0.00026744,1.0,0.00026744,2025-01-17 22:12:38.607869+00:00,2025-01-17 22:12:38.607869+00:00,1.0,44801.0,1.0,44801.0,2025-01-17 22:39:36.849397+00:00,2025-01-17 22:39:36.849397+00:00,1.0,84.81682666666667,3,28.272275555555556,1,2024-12-07 21:01:08.030899+00:00,2024-12-09 22:42:38.011011+00:00,5.969509609160509e-09,167517947.95094228,0.44951153555555556,475715076.2787916,2.0,5.0,0,True,0,0
1011-1491-1521-1981-1102,0.00489738,3.0,0.0016324599999999999,2025-01-17 19:46:28.279520+00:00,2025-01-18 07:13:24.505421+00:00,1.0,809430.0,1.0,809430.0,2025-01-18 07:24:47.849290+00:00,2025-01-18 07:24:47.849290+00:00,1.0,43.52408666666666,2,21.76204333333333,2,2024-12-09 23:33:13.013318+00:00,2024-12-09 23:33:33.034286+00:00,6.050405841147474e-09,165278169.14350122,11.638769380555557,13330827.912067268,2.0,6.0,0,True,0,0
1011-1501-1521-1561-1100,0.0007419799999999999,3.0,0.00024732666666666666,2025-01-17 16:31:41.430530+00:00,2025-03-12 12:12:53.692082+00:00,1.0,109240.0,3.0,36413.333333333336,2025-01-17 17:04:00.268094+00:00,2025-03-12 12:37:23.901379+00:00,1.0,26.55718,1,26.55718,1,2024-12-09 12:05:33.560302+00:00,2024-12-09 12:05:33.560302+00:00,6.792200659099231e-09,147227688.07784578,0.5385659899999999,53688468.69187849,2.0,7.0,0,False,0,0
1011-1501-1521-1561-155,0.0,0.0,0.0,0,0,0.0,112500.0,5.0,22500.0,2025-01-17 16:12:35.147396+00:00,2025-01-18 11:46:27.181698+00:00,1.0,65.68057333333333,1,65.68057333333333,1,2024-11-30 06:07:30.461364+00:00,2024-11-30 06:07:30.461364+00:00,0.0,0.0,999.0,0.0,1.0,6.0,0,False,0,0
1011-1501-1521-1571-1101,0.0,0.0,0.0,0,0,0.0,5387.853153,3.0,1795.951051,2025-01-17 19:25:44.255726+00:00,2025-01-18 12:53:07.696993+00:00,2.0,691.2248466666666,3,230.4082822222222,3,2024-12-04 12:45:59.144145+00:00,2024-12-04 12:49:38.407215+00:00,0.0,0.0,999.0,0.0,2.0,6.0,0,False,0,0
1011-1501-1521-1571-153,0.0,0.0,0.0,0,0,0.0,4910.0,1.0,4910.0,2025-01-18 12:46:47.640643+00:00,2025-01-18 12:46:47.640643+00:00,1.0,6.31472,1,6.31472,1,2024-12-09 12:10:25.939672+00:00,2024-12-09 12:10:25.939672+00:00,0.0,0.0,999.0,0.0,1.0,2.0,0,False,0,0
1011-1501-1521-1571-199,1000000.0,1.0,1000000.0,2025-01-17 15:08:59.694081+00:00,2025-01-17 15:08:59.694081+00:00,1.0,0.0,0.0,0.0,0,0,0.0,102.78198666666667,1,102.78198666666667,1,2024-12-05 17:56:59.188902+00:00,2024-12-05 17:56:59.188902+00:00,999.0,0.0,999.0,0.15417298000000002,1.0,2.0,0,False,0,0
1011-1501-1521-1971-157,20009.9945,2.0,10004.99725,2025-01-17 15:46:05.565369+00:00,2025-01-17 17:48:58.466548+00:00,2.0,66359.09098000001,3.0,22119.696993333335,2025-01-17 15:33:51.184567+00:00,2025-03-12 11:34:28.206672+00:00,2.0,16.261793333333333,2,8.130896666666667,2,2024-12-04 12:41:39.074327+00:00,2024-12-10 13:47:25.835240+00:00,0.3015411182475483,3.3162973123255983,-0.20399466722222223,1.2190253225706784,4.0,7.0,0,True,0,0
1011-1501-1521-1971-198,0.0005,1.0,0.0005,2025-03-12 11:49:10.354079+00:00,2025-03-12 11:49:10.354079+00:00,1.0,126465.0,5.0,25293.0,2025-01-17 18:31:24.274115+00:00,2025-03-12 14:43:44.617621+00:00,1.0,115.87012666666666,3,38.623375555555555,1,2024-11-27 21:40:39.248772+00:00,2024-12-05 17:53:50.824987+00:00,3.953663068833274e-09,252930000.0,-1289.2961333233334,347610380.0,2.0,9.0,0,True,0,0
1011-1511-1521-1571-1102,0.0,0.0,0.0,0,0,0.0,1170.0,1.0,1170.0,2025-01-18 11:02:36.414120+00:00,2025-01-18 11:02:36.414120+00:00,1.0,1.6158666666666668,1,1.6158666666666668,1,2024-12-10 13:49:04.342569+00:00,2024-12-10 13:49:04.342569+00:00,0.0,0.0,999.0,0.0,1.0,2.0,0,False,0,0
1011-1511-1521-1571-154,0.02042381,1.0,0.02042381,2025-01-18 07:07:56.352799+00:00,2025-01-18 07:07:56.352799+00:00,1.0,7666.0,1.0,7666.0,2025-01-18 07:22:49.342094+00:00,2025-01-18 07:22:49.342094+00:00,1.0,1.7163866666666667,1,1.7163866666666667,1,2024-12-03 18:33:01.984633+00:00,2024-12-03 18:33:01.984633+00:00,2.6642068875554397e-06,375346.2258021397,0.24805258194444443,126057.77276619789,2.0,3.0,0,False,0,0
1011-1511-1521-1571-199,0.0,0.0,0.0,0,0,0.0,20300.0,8.0,2537.5,2025-01-17 16:25:53.192907+00:00,2025-01-18 10:30:20.292652+00:00,1.0,27.17932,2,13.58966,1,2024-12-06 13:45:27.911573+00:00,2024-12-07 08:14:14.231337+00:00,0.0,0.0,999.0,0.0,1.0,10.0,0,True,0,0
1011-1511-1521-1971-150,3.03133718,3.0,1.0104457266666667,2025-01-17 20:08:52.237795+00:00,2025-05-08 15:19:11.123943+00:00,1.0,12649385.65,12.0,1054115.4708333334,2025-01-17 20:15:01.080725+00:00,2025-03-12 14:21:13.411862+00:00,2.0,64.52394666666666,1,64.52394666666666,1,2024-12-01 16:41:29.687149+00:00,2024-12-01 16:41:29.687149+00:00,2.3964303594459546e-07,4172873.190569978,0.10245636944444445,31928.457394502046,3.0,16.0,0,False,0,0
1011-1511-1521-1981-149,0.02761419,1.0,0.02761419,2025-01-17 16:04:51.618417+00:00,2025-01-17 16:04:51.618417+00:00,1.0,0.0,0.0,0.0,0,0,0.0,215.51989999999998,1,215.51989999999998,1,2024-12-10 20:21:53.908656+00:00,2024-12-10 20:21:53.908656+00:00,999.0,0.0,999.0,11707019.108653918,1.0,2.0,0,False,0,0
1011-1521-1521-1561-199,0.0,0.0,0.0,0,0,0.0,250000.0,2.0,125000.0,2025-01-17 23:53:13.335952+00:00,2025-01-18 11:17:06.856228+00:00,1.0,13.333266666666667,1,13.333266666666667,1,2024-12-05 18:09:42.741078+00:00,2024-12-05 18:09:42.741078+00:00,0.0,0.0,999.0,0.0,1.0,3.0,0,False,0,0
1011-1521-1521-1571-1100,59.0,1.0,59.0,2025-01-17 15:03:28.621388+00:00,2025-01-17 15:03:28.621388+00:00,1.0,59563.0,3.0,19854.333333333332,2025-01-17 17:45:04.468251+00:00,2025-03-12 13:59:53.772891+00:00,1.0,8.722773333333333,2,4.361386666666666,1,2024-12-05 17:51:42.128698+00:00,2024-12-11 07:30:52.950154+00:00,0.0009905478233131306,1009.542372881356,2.693290795277778,221.76542372881354,2.0,6.0,0,True,0,0
1011-1521-1521-1571-153,0.0014484,2.0,0.0007242,2025-01-17 15:07:14.100041+00:00,2025-01-17 17:54:51.978077+00:00,1.0,241856.0,2.0,120928.0,2025-01-17 16:05:22.764142+00:00,2025-01-17 18:01:42.323631+00:00,1.0,11.856066666666665,1,11.856066666666665,1,2024-12-07 07:36:19.846133+00:00,2024-12-07 07:36:19.846133+00:00,5.988687483461234e-09,166981496.82408175,0.9690733613888889,12278445.180889254,2.0,5.0,0,False,0,0
1011-1521-1521-1971-1100,0.00607264,1.0,0.00607264,2025-03-12 11:26:53.872896+00:00,2025-03-12 11:26:53.872896+00:00,1.0,756458.0,1.0,756458.0,2025-03-12 12:01:08.744241+00:00,2025-03-12 12:01:08.744241+00:00,1.0,104.71937333333334,1,104.71937333333334,1,2024-12-03 18:25:15.015042+00:00,2024-12-03 18:25:15.015042+00:00,8.02772923281927e-09,124568227.32781789,0.5707975958333333,25866684.012225326,2.0,3.0,0,False,0,0
1011-1521-1521-1971-150,0.0,0.0,0.0,0,0,0.0,23468.0,2.0,11734.0,2025-01-17 18:17:18.379125+00:00,2025-01-17 19:06:01.808013+00:00,1.0,818.49802,1,818.49802,1,2024-12-10 13:49:31.735786+00:00,2024-12-10 13:49:31.735786+00:00,0.0,0.0,999.0,0.0,1.0,3.0,0,False,0,0
1011-1521-1521-1971-151,0.00094375,1.0,0.00094375,2025-01-17 21:39:22.188470+00:00,2025-01-17 21:39:22.188470+00:00,1.0,158186.0,1.0,158186.0,2025-01-17 22:39:27.943450+00:00,2025-01-17 22:39:27.943450+00:00,1.0,235.89058666666668,1,235.89058666666668,1,2024-12-03 01:46:25.256479+00:00,2024-12-03 01:46:25.256479+00:00,5.966077908285184e-09,167614304.6357616,1.0015986055555557,374925435.7615894,2.0,3.0,0,False,0,0
1011-1521-1521-1981-149,68.00024386,3.0,22.66674795333333,2025-01-17 20:48:03.785309+00:00,2025-03-12 17:01:45.912491+00:00,2.0,75000.0,2.0,37500.0,2025-01-18 08:20:29.306617+00:00,2025-01-18 13:08:26.555119+00:00,1.0,46.659926666666664,2,23.329963333333332,2,2024-12-01 15:58:46.241667+00:00,2024-12-01 16:20:56.264735+00:00,0.0009066699181333333,1102.9372211430773,11.540422585555556,1029.2593971294618,3.0,7.0,0,True,0,0
1011-1531-1521-1561-199,0.0,0.0,0.0,0,0,0.0,19863.0,3.0,6621.0,2025-03-12 15:32:33.905506+00:00,2025-04-01 12:41:14.834650+00:00,1.0,6.795966666666667,1,6.795966666666667,1,2024-11-30 05:53:53.511815+00:00,2024-11-30 05:53:53.511815+00:00,0.0,0.0,999.0,0.0,1.0,4.0,0,False,0,0
1011-1531-1521-1571-148,0.07639483000000001,2.0,0.038197415000000005,2025-01-17 22:12:14.740803+00:00,2025-01-17 22:18:06.781448+00:00,2.0,242800.0,5.0,48560.0,2025-01-17 19:56:50.532415+00:00,2025-03-12 16:23:05.093409+00:00,1.0,66.30895333333333,1,66.30895333333333,1,2024-11-29 11:28:11.516200+00:00,2024-11-29 11:28:11.516200+00:00,3.1464098023064254e-07,3178225.5422258284,-2.2567245522222223,1301965.460228133,3.0,8.0,0,False,0,0
1011-1531-1521-1571-151,0.0,0.0,0.0,0,0,0.0,29150.0,3.0,9716.666666666666,2025-01-17 19:43:40.739552+00:00,2025-03-12 15:06:00.409808+00:00,1.0,3.96022,1,3.96022,1,2025-03-11 14:28:45.427896+00:00,2025-03-11 14:28:45.427896+00:00,0.0,0.0,999.0,0.0,1.0,4.0,0,False,0,0
1011-1531-1521-1981-1100,64.646059,1.0,64.646059,2025-01-18 11:22:06.017392+00:00,2025-01-18 11:22:06.017392+00:00,1.0,0.0,0.0,0.0,0,0,0.0,76.91602,1,76.91602,1,2024-12-09 12:32:30.933653+00:00,2024-12-09 12:32:30.933653+00:00,999.0,0.0,999.0,1784.703225296379,1.0,2.0,0,False,0,0
1011-1531-1521-1981-148,9.0,1.0,9.0,2025-03-12 15:23:21.825669+00:00,2025-03-12 15:23:21.825669+00:00,1.0,5000.0,1.0,5000.0,2025-03-12 15:36:23.068504+00:00,2025-03-12 15:36:23.068504+00:00,1.0,9.50676,1,9.50676,1,2024-12-08 17:34:31.195307+00:00,2024-12-08 17:34:31.195307+00:00,0.0018,555.5555555555555,0.21701189861111111,1584.46,2.0,3.0,0,False,0,0
1011-1531-1521-1981-157,0.0,0.0,0.0,0,0,0.0,42127.0,2.0,21063.5,2025-01-18 11:02:59.645516+00:00,2025-01-18 11:03:39.441380+00:00,1.0,37.43814,3,12.479379999999999,1,2024-12-06 12:51:18.383793+00:00,2024-12-08 17:48:21.494337+00:00,0.0,0.0,999.0,0.0,1.0,5.0,0,True,0,0
1011-1541-1521-1561-149,10000.0,1.0,10000.0,2025-01-17 14:56:29.827286+00:00,2025-01-17 14:56:29.827286+00:00,1.0,0.043975,1.0,0.043975,2025-01-17 15:01:33.525868+00:00,2025-01-17 15:01:33.525868+00:00,1.0,33.215826666666665,2,16.607913333333332,1,2024-12-05 17:59:20.616682+00:00,2024-12-08 17:34:17.395192+00:00,227401.9329164298,4.3975e-06,0.08436071722222221,4.982373999999999,2.0,4.0,0,True,0,0
1011-1541-1521-1571-154,0.0,0.0,0.0,0,0,0.0,10000.0,1.0,10000.0,2025-01-18 12:28:09.185825+00:00,2025-01-18 12:28:09.185825+00:00,1.0,281.70666666666665,1,281.70666666666665,1,2024-11-28 15:52:47.713726+00:00,2024-11-28 15:52:47.713726+00:00,0.0,0.0,999.0,0.0,1.0,2.0,0,False,0,0
1011-1541-1521-1571-198,0.01817901,1.0,0.01817901,2025-01-17 19:58:22.385681+00:00,2025-01-17 19:58:22.385681+00:00,1.0,21066.0,1.0,21066.0,2025-01-18 07:37:19.354386+00:00,2025-01-18 07:37:19.354386+00:00,1.0,1.4162333333333332,1,1.4162333333333332,1,2024-11-29 12:16:42.497361+00:00,2024-11-29 12:16:42.497361+00:00,8.629549985759042e-07,1158808.9780466594,11.64915797361111,116857.29860977028,2.0,3.0,0,False,0,0
1011-1541-1521-1971-155,0.0,0.0,0.0,0,0,0.0,12500.0,1.0,12500.0,2025-03-12 16:24:27.554767+00:00,2025-03-12 16:24:27.554767+00:00,1.0,106.72128000000001,1,106.72128000000001,1,2024-11-29 12:11:07.272598+00:00,2024-11-29 12:11:07.272598+00:00,0.0,0.0,999.0,0.0,1.0,2.0,0,False,0,0
1011-1551-1521-1571-156,0.020394139999999998,2.0,0.010197069999999999,2025-01-18 08:57:39.278281+00:00,2025-01-18 13:01:18.971188+00:00,1.0,12158.0,3.0,4052.6666666666665,2025-01-18 06:00:20.268361+00:00,2025-01-18 13:02:42.040456+00:00,1.0,20.035233333333334,4,5.0088083333333335,2,2024-11-27 21:52:06.532821+00:00,2024-12-09 12:42:12.701541+00:00,1.6774255634150352e-06,596151.6396376607,-2.9552805333333336,1473602.221030159,2.0,9.0,0,True,0,0
1011-1551-1521-1571-197,0.00247838,1.0,0.00247838,2025-03-12 14:22:06.735319+00:00,2025-03-12 14:22:06.735319+00:00,1.0,309621.0,4.0,77405.25,2025-03-12 14:37:51.563001+00:00,2025-03-12 16:36:21.691499+00:00,1.0,76.54479333333333,1,76.54479333333333,1,2024-12-01 16:10:42.217136+00:00,2024-12-01 16:10:42.217136+00:00,8.004560414183793e-09,124928784.12511398,0.2624521338888889,46327516.3614942,2.0,6.0,0,False,0,0
1011-1551-1521-1571-198,0.00499022,1.0,0.00499022,2025-03-12 15:45:54.046520+00:00,2025-03-12 15:45:54.046520+00:00,1.0,80899.0,4.0,20224.75,2025-01-17 20:09:33.262478+00:00,2025-03-12 17:34:33.501931+00:00,1.0,10.20572,2,5.10286,1,2024-11-30 19:09:27.096567+00:00,2024-11-30 19:21:47.459760+00:00,6.168456964857414e-08,16211509.712998625,-1291.605773345,3067716.4533828166,2.0,7.0,0,True,0,0
1011-1551-1521-1571-199,0.00057353,1.0,0.00057353,2025-01-17 23:36:39.593963+00:00,2025-01-17 23:36:39.593963+00:00,1.0,95826.0,1.0,95826.0,2025-01-18 02:08:29.676500+00:00,2025-01-18 02:08:29.676500+00:00,1.0,134.26656,2,67.13328,1,2024-12-05 05:08:00.674989+00:00,2024-12-05 18:03:25.481088+00:00,5.985118861269385e-09,167081059.40404162,2.5305784825,351158335.22222024,2.0,4.0,0,True,0,0
1011-1551-1521-1981-151,0.0839,1.0,0.0839,2025-01-17 21:09:05.306060+00:00,2025-01-17 21:09:05.306060+00:00,1.0,11847.0,1.0,11847.0,2025-01-18 11:40:13.041043+00:00,2025-01-18 11:40:13.041043+00:00,1.0,3.9526266666666663,1,3.9526266666666663,1,2024-11-30 19:22:47.614090+00:00,2024-11-30 19:22:47.614090+00:00,7.0819616780619565e-06,141203.81406436232,14.518815273055557,70666.74612634088,2.0,3.0,0,False,0,0
1011-1561-1521-1571-153,0.0,0.0,0.0,0,0,0.0,3600.0,1.0,3600.0,2025-01-18 01:00:07.006074+00:00,2025-01-18 01:00:07.006074+00:00,1.0,5.003106666666667,1,5.003106666666667,1,2024-12-07 20:47:45.685858+00:00,2024-12-07 20:47:45.685858+00:00,0.0,0.0,999.0,0.0,1.0,2.0,0,False,0,0
1011-1561-1521-1571-198,0.0,0.0,0.0,0,0,0.0,39111.0,4.0,9777.75,2025-01-17 16:49:26.750359+00:00,2025-03-12 12:17:02.237200+00:00,1.0,179.93777999999998,2,89.96888999999999,1,2024-12-07 07:59:25.290338+00:00,2024-12-08 17:57:43.154302+00:00,0.0,0.0,999.0,0.0,1.0,6.0,0,True,0,0
1011-1561-1521-1971-1101,0.0014052399999999999,2.0,0.0007026199999999999,2025-01-17 16:43:58.230209+00:00,2025-01-17 21:16:46.086658+00:00,1.0,212940.0,6.0,35490.0,2025-01-17 17:13:37.624060+00:00,2025-01-18 09:20:37.359957+00:00,1.0,607.4137733333333,6,101.23562888888888,3,2024-11-27 21:02:59.445051+00:00,2024-12-09 23:03:54.145792+00:00,6.59922982999906e-09,151532834.24895394,0.4942760697222222,648373701.2894595,2.0,14.0,0,False,0,0
1011-1561-1521-1981-151,5919.756623679999,4.0,1479.9391559199998,2025-01-17 15:17:43.988209+00:00,2025-01-18 01:45:54.190339+00:00,4.0,120000.850357,7.0,17142.97862242857,2025-01-17 15:00:53.584126+00:00,2025-03-12 12:54:09.267862+00:00,3.0,26.93386,1,26.93386,1,2024-12-03 18:41:23.196924+00:00,2024-12-03 18:41:23.196924+00:00,0.049330955622971406,20.271247280162985,-0.2806678008333333,6.824738341165952,7.0,12.0,0,False,0,0
1011-1561-1521-1981-155,0.0,0.0,0.0,0,0,0.0,1618.0,1.0,1618.0,2025-01-18 08:53:41.694098+00:00,2025-01-18 08:53:41.694098+00:00,1.0,1.3717000000000001,5,0.27434000000000003,5,2024-12-05 04:21:32.253840+00:00,2024-12-07 08:25:49.606483+00:00,0.0,0.0,999.0,0.0,1.0,6.0,0,True,0,0
1011-1571-1521-1971-1102,0.00205506,1.0,0.00205506,2025-01-18 10:54:50.011085+00:00,2025-01-18 10:54:50.011085+00:00,1.0,200000.0,2.0,100000.0,2025-01-17 18:29:12.223176+00:00,2025-01-18 11:11:32.390404+00:00,1.0,572.4097533333334,1,572.4097533333334,1,2024-12-05 18:10:39.395842+00:00,2024-12-05 18:10:39.395842+00:00,1.02753e-08,97320759.49120706,-16.427163308055555,417805139.50930876,2.0,4.0,0,False,0,0
1011-1971-1521-1561-151,0.1618217,1.0,0.1618217,2025-01-17 16:45:43.060840+00:00,2025-01-17 16:45:43.060840+00:00,1.0,10100.0,1.0,10100.0,2025-01-17 17:56:47.983336+00:00,2025-01-17 17:56:47.983336+00:00,1.0,35.58146,1,35.58146,1,2024-12-10 13:21:30.236941+00:00,2024-12-10 13:21:30.236941+00:00,1.6021950495049507e-05,62414.373350422095,1.1847006933333333,329820.96962273907,2.0,3.0,0,False,0,0
1011-1971-1521-1571-149,515.0,1.0,515.0,2025-01-17 18:33:06.275131+00:00,2025-01-17 18:33:06.275131+00:00,1.0,0.0,0.0,0.0,0,0,0.0,2611.0283333333336,2,1305.5141666666668,2,2024-11-27 20:58:02.206865+00:00,2024-12-08 17:44:26.937116+00:00,999.0,0.0,999.0,7604.936893203884,1.0,3.0,0,False,0,0
1011-1971-1521-1971-149,0.0,0.0,0.0,0,0,0.0,50100.0,1.0,50100.0,2025-01-17 21:18:04.524138+00:00,2025-01-17 21:18:04.524138+00:00,1.0,13.101939999999999,1,13.101939999999999,1,2024-12-09 12:22:10.557101+00:00,2024-12-09 12:22:10.557101+00:00,0.0,0.0,999.0,0.0,1.0,2.0,0,False,0,0
1011-1971-1521-1981-199,21.54,1.0,21.54,2025-01-17 17:38:45.486614+00:00,2025-01-17 17:38:45.486614+00:00,1.0,100000.0,2.0,50000.0,2025-01-18 09:04:10.617076+00:00,2025-01-18 09:04:16.470204+00:00,1.0,536.9508266666667,2,268.47541333333334,1,2025-03-11 14:12:44.041602+00:00,2025-03-11 14:28:51.864529+00:00,0.0002154,4642.525533890436,15.423647350555555,37392.11884865367,2.0,5.0,0,False,0,0
1011-1981-1521-1561-1100,0.00067449,1.0,0.00067449,2025-03-12 17:37:35.933935+00:00,2025-03-12 17:37:35.933935+00:00,1.0,7569.0,2.0,3784.5,2025-01-18 06:16:44.751276+00:00,2025-03-12 17:43:24.154932+00:00,1.0,7.722126666666667,2,3.8610633333333335,1,2024-12-09 12:04:05.068982+00:00,2024-12-09 12:19:47.879784+00:00,8.911216805390409e-08,11221812.035760352,-1283.347550738611,17173256.83108719,2.0,5.0,0,True,0,0
1011-1981-1521-1561-155,13.53161,1.0,13.53161,2025-01-17 21:31:49.300208+00:00,2025-01-17 21:31:49.300208+00:00,1.0,5400.0,1.0,5400.0,2025-01-18 09:26:06.081524+00:00,2025-01-18 09:26:06.081524+00:00,1.0,4.50522,1,4.50522,1,2024-12-09 23:13:20.564888+00:00,2024-12-09 23:13:20.564888+00:00,0.002505853703703704,399.0655952987117,11.904661476666666,499.41063923657265,2.0,3.0,0,False,0,0
1011-1981-1521-1971-1102,0.00717982,1.0,0.00717982,2025-01-17 22:12:32.008501+00:00,2025-01-17 22:12:32.008501+00:00,1.0,1259000.0,8.0,157375.0,2025-01-17 18:48:30.238734+00:00,2025-01-18 12:00:21.986930+00:00,1.0,6.680166666666667,1,6.680166666666667,1,2024-11-28 16:04:11.364871+00:00,2024-11-28 16:04:11.364871+00:00,5.702795869737887e-09,175352585.44086063,-3.400491601944444,1395612.9819410513,2.0,10.0,0,False,0,0
1011-1981-1521-1971-153,283.38,1.0,283.38,2025-01-18 10:16:50.001296+00:00,2025-01-18 10:16:50.001296+00:00,1.0,463613.0,1.0,463613.0,2025-01-18 10:26:45.528267+00:00,2025-01-18 10:26:45.528267+00:00,1.0,3409.2957733333337,2,1704.6478866666669,1,2024-12-01 16:06:00.078660+00:00,2024-12-06 13:16:56.143401+00:00,0.0006112425665371765,1636.0117157174113,0.16542415861111112,18046.240595666597,2.0,4.0,0,False,0,0
1011-1981-1521-1971-155,0.01106633,1.0,0.01106633,2025-01-18 09:51:03.338468+00:00,2025-01-18 09:51:03.338468+00:00,1.0,47300.0,5.0,9460.0,2025-01-17 18:27:58.777050+00:00,2025-01-18 10:31:51.980267+00:00,1.0,107.60964000000001,2,53.80482000000001,1,2024-11-27 21:07:43.039830+00:00,2024-12-02 10:59:29.325416+00:00,2.3396046511627905e-07,4274226.4147192435,-15.384600393888888,14586087.709294774,2.0,8.0,0,True,0,0
1011-1981-1521-1981-1102,0.0,0.0,0.0,0,0,0.0,37018.0,1.0,37018.0,2025-01-17 17:55:55.462882+00:00,2025-01-17 17:55:55.462882+00:00,1.0,13.14724656,1,13.14724656,1,2025-03-11 14:36:49.272917+00:00,2025-03-11 14:36:49.272917+00:00,0.0,0.0,999.0,0.0,1.0,2.0,0,False,0,0
1011-1981-1521-1981-157,0.04442662,1.0,0.04442662,2025-01-17 16:28:56.256659+00:00,2025-01-17 16:28:56.256659+00:00,1.0,245044.0,1.0,245044.0,2025-01-17 16:51:35.571193+00:00,2025-01-17 16:51:35.571193+00:00,1.0,233.6187,1,233.6187,1,2024-12-10 13:27:01.356143+00:00,2024-12-10 13:27:01.356143+00:00,1.8130058275248526e-07,5515702.072316103,0.3775873705555556,7887794.5249942485,2.0,3.0,0,False,0,0
1011-1991-1521-1561-155,0.00108198,1.0,0.00108198,2025-01-17 22:10:59.979502+00:00,2025-01-17 22:10:59.979502+00:00,1.0,181221.0,1.0,181221.0,2025-01-17 22:39:48.221592+00:00,2025-01-17 22:39:48.221592+00:00,1.0,1475.3008066666666,2,737.6504033333333,1,2024-12-07 21:08:09.553641+00:00,2024-12-07 21:08:44.983138+00:00,5.970500107603423e-09,167490156.93450895,0.4800672472222222,2045279219.5789201,2.0,4.0,0,False,0,0
1011-1991-1521-1971-148,0.0,0.0,0.0,0,0,0.0,30936.0,2.0,15468.0,2025-01-17 16:44:59.099357+00:00,2025-01-18 12:16:40.795285+00:00,1.0,236.82946666666666,2,118.41473333333333,1,2024-12-03 04:00:51.670293+00:00,2024-12-09 11:54:46.294623+00:00,0.0,0.0,999.0,0.0,1.0,4.0,0,True,0,0
1021-11001-1521-1971-152,0.0,0.0,0.0,0,0,0.0,10000.0,1.0,10000.0,2025-01-17 15:39:32.425394+00:00,2025-01-17 15:39:32.425394+00:00,1.0,3215.1244066666663,2,1607.5622033333332,2,2024-11-28 16:19:38.573498+00:00,2024-11-28 16:25:59.499121+00:00,0.0,0.0,999.0,0.0,1.0,3.0,0,False,0,0
1021-11011-1521-1971-149,0.0,0.0,0.0,0,0,0.0,87765.0,2.0,43882.5,2025-01-17 21:34:12.445406+00:00,2025-03-12 15:43:32.186741+00:00,1.0,71.99706666666665,2,35.99853333333333,1,2024-12-04 12:16:21.916237+00:00,2024-12-06 13:21:24.322051+00:00,0.0,0.0,999.0,0.0,1.0,4.0,0,True,0,0
1021-11011-1521-1971-155,0.00071462,1.0,0.00071462,2025-01-17 19:25:56.079681+00:00,2025-01-17 19:25:56.079681+00:00,1.0,85550.0,6.0,14258.333333333334,2025-01-17 19:34:31.563850+00:00,2025-01-18 10:33:56.454619+00:00,1.0,66.63822666666667,1,66.63822666666667,1,2024-12-07 21:16:47.954548+00:00,2024-12-07 21:16:47.954548+00:00,8.353243717124489e-09,119713973.86023341,0.14319004694444443,139874814.5867734,2.0,8.0,0,False,0,0
1021-11011-1521-1971-156,0.00289143,1.0,0.00289143,2025-01-17 19:35:00.157366+00:00,2025-01-17 19:35:00.157366+00:00,1.0,504111.0,5.0,100822.2,2025-01-18 08:05:38.607286+00:00,2025-01-18 13:05:47.744582+00:00,1.0,169.84156666666667,2,84.92078333333333,1,2024-11-30 05:33:01.355717+00:00,2024-12-05 05:11:24.095546+00:00,5.73570106583669e-09,174346603.5836939,12.510680533333334,88109464.86686517,2.0,8.0,0,True,0,0
1021-11011-1521-1981-151,121.10181286999999,2.0,60.550906434999995,2025-01-17 21:30:09.042435+00:00,2025-01-18 04:20:36.062852+00:00,2.0,378157.0,2.0,189078.5,2025-01-17 21:37:41.487745+00:00,2025-01-18 06:29:07.221133+00:00,1.0,399.52732000000003,4,99.88183000000001,2,2024-11-29 11:39:09.860113+00:00,2024-12-11 07:44:12.125083+00:00,0.00032024215569194804,3122.636986499474,0.12567925277777778,4948.65407707253,3.0,8.0,0,True,0,0
1021-11011-1521-1981-155,318.7444,4.0,79.6861,2025-01-17 15:09:11.166280+00:00,2025-01-18 12:07:25.183872+00:00,1.0,521736.0,4.0,130434.0,2025-01-17 15:13:53.808921+00:00,2025-01-18 12:22:39.141365+00:00,1.0,131.63476666666668,2,65.81738333333334,2,2024-12-01 16:31:12.889977+00:00,2024-12-03 18:29:27.439275+00:00,0.0006109304322492601,1636.847580694751,0.07851184472222222,619.4686087034,2.0,10.0,0,True,0,0
1021-11011-1521-1981-157,0.4,7.0,0.05714285714285715,2025-01-17 17:03:16.860995+00:00,2025-01-18 12:39:00.867547+00:00,1.0,159878.0,5.0,31975.6,2025-01-17 17:07:52.099684+00:00,2025-01-18 12:08:24.531985+00:00,1.0,65.33562666666667,3,21.778542222222224,1,2024-11-30 04:48:32.540027+00:00,2024-12-05 05:54:57.435329+00:00,2.5019077046247767e-06,399695.0,0.0764551913888889,245008.6,2.0,15.0,0,True,0,0
1021-11021-1521-1561-155,0.0,0.0,0.0,0,0,0.0,150000.0,1.0,150000.0,2025-01-18 09:32:11.985066+00:00,2025-01-18 09:32:11.985066+00:00,1.0,133.29330666666667,1,133.29330666666667,1,2024-11-30 06:17:16.037728+00:00,2024-11-30 06:17:16.037728+00:00,0.0,0.0,999.0,0.0,1.0,2.0,0,False,0,0
1021-11021-1521-1561-199,0.0,0.0,0.0,0,0,0.0,229772.0,2.0,114886.0,2025-01-17 19:08:18.450123+00:00,2025-01-18 11:31:32.580283+00:00,1.0,1267.29082,1,1267.29082,1,2024-11-30 18:56:29.386979+00:00,2024-11-30 18:56:29.386979+00:00,0.0,0.0,999.0,0.0,1.0,3.0,0,False,0,0
1021-1481-1521-1561-1100,5.5099990000000005,7.0,0.7871427142857144,2025-01-17 15:12:36.915322+00:00,2025-01-18 12:31:08.485936+00:00,1.0,2139393.0,6.0,356565.5,2025-01-17 14:55:59.573531+00:00,2025-01-18 12:54:03.746771+00:00,1.0,1429.1712133333333,15,95.27808088888888,2,2024-11-28 16:11:04.657722+00:00,2024-12-10 13:29:05.792954+00:00,2.5754964141698137e-06,388274.66211881343,-0.27703938638888886,389066.6441137285,2.0,28.0,0,False,0,0
1021-1481-1521-1971-157,29.792875,1.0,29.792875,2025-05-08 15:14:52.564293+00:00,2025-05-08 15:14:52.564293+00:00,1.0,0.0,0.0,0.0,0,0,0.0,49.84824,1,49.84824,1,2024-12-03 03:20:42.581391+00:00,2024-12-03 03:20:42.581391+00:00,999.0,0.0,999.0,2509.7396609088582,1.0,2.0,0,False,0,0
1021-1491-1521-1561-149,80.19015571999999,3.0,26.730051906666663,2025-01-17 19:05:52.572109+00:00,2025-03-12 14:32:21.686123+00:00,2.0,367500.0,7.0,52500.0,2025-01-17 17:04:29.136230+00:00,2025-03-12 17:52:14.218682+00:00,1.0,268.23794666666663,1,268.23794666666663,1,2024-12-07 08:22:36.869193+00:00,2024-12-07 08:22:36.869193+00:00,0.0002182045053605442,4582.856794582117,-2.0231766330555554,5017.535087535056,3.0,11.0,0,False,0,0
1021-1491-1521-1561-150,82.0,2.0,41.0,2025-01-17 15:27:40.026389+00:00,2025-01-17 16:11:49.368807+00:00,1.0,134233.0,2.0,67116.5,2025-01-17 17:15:33.174087+00:00,2025-01-18 08:58:31.052747+00:00,1.0,90.81855999999999,1,90.81855999999999,1,2024-12-04 12:27:07.355628+00:00,2024-12-04 12:27:07.355628+00:00,0.0006108781000201143,1636.9878048780488,1.7980965827777777,1661.3151219512192,2.0,5.0,0,False,0,0
1021-1491-1521-1561-152,0.0,0.0,0.0,0,0,0.0,4600.0,1.0,4600.0,2025-01-17 21:01:21.894686+00:00,2025-01-17 21:01:21.894686+00:00,1.0,326.991991728,3,108.99733057600001,3,2024-12-06 12:59:49.155164+00:00,2024-12-06 13:00:26.027103+00:00,0.0,0.0,999.0,0.0,1.0,4.0,0,True,0,0
1021-1491-1521-1571-1102,20150.0,1.0,20150.0,2025-05-26 12:50:04.824150+00:00,2025-05-26 12:50:04.824150+00:00,1.0,10000.0,1.0,10000.0,2025-03-12 15:34:38.919492+00:00,2025-03-12 15:34:38.919492+00:00,1.0,6.65114,1,6.65114,1,2024-11-27 21:42:30.872276+00:00,2024-11-27 21:42:30.872276+00:00,2.015,0.49627791563275436,-1797.2571957383334,0.49512208436724564,2.0,3.0,0,False,0,0
1021-1491-1521-1571-148,0.0,0.0,0.0,0,0,0.0,76137.0,1.0,76137.0,2025-04-01 12:29:34.436985+00:00,2025-04-01 12:29:34.436985+00:00,1.0,94.85943333333333,1,94.85943333333333,1,2024-12-03 18:40:58.193031+00:00,2024-12-03 18:40:58.193031+00:00,0.0,0.0,999.0,0.0,1.0,2.0,0,False,0,0
1021-1491-1521-1981-1100,0.00096736,1.0,0.00096736,2025-01-18 09:51:23.383601+00:00,2025-01-18 09:51:23.383601+00:00,1.0,115000.0,1.0,115000.0,2025-01-18 10:06:20.223830+00:00,2025-01-18 10:06:20.223830+00:00,1.0,653.17598,2,326.58799,1,2024-12-05 18:31:55.792315+00:00,2024-12-10 19:58:25.681483+00:00,8.411826086956522e-09,118880251.40588818,0.24912228583333335,1012822496.2785312,2.0,4.0,0,False,0,0
1021-1501-1521-1561-149,70.00018063,2.0,35.000090315,2025-01-18 09:01:22.603839+00:00,2025-05-08 15:22:03.562597+00:00,2.0,37300.0,3.0,12433.333333333334,2025-01-17 20:54:14.254252+00:00,2025-01-18 10:45:01.465443+00:00,1.0,94.18788666666667,3,31.395962222222224,2,2024-11-29 11:33:40.134129+00:00,2024-12-09 12:34:12.969805+00:00,0.001876680445844504,532.855767860895,-12.118985996388888,2018.306649046714,3.0,8.0,0,True,0,0
1021-1501-1521-1571-197,0.0,0.0,0.0,0,0,0.0,52462.0,1.0,52462.0,2025-01-17 19:38:56.882141+00:00,2025-01-17 19:38:56.882141+00:00,1.0,26.94208,1,26.94208,1,2024-11-30 05:39:44.236553+00:00,2024-11-30 05:39:44.236553+00:00,0.0,0.0,999.0,0.0,1.0,2.0,0,False,0,0
1021-1501-1521-1971-150,0.0,0.0,0.0,0,0,0.0,10000.0,1.0,10000.0,2025-01-17 14:55:49.455948+00:00,2025-01-17 14:55:49.455948+00:00,1.0,77.83109333333334,2,38.91554666666667,1,2024-12-05 18:10:46.439753+00:00,2024-12-11 07:50:34.259126+00:00,0.0,0.0,999.0,0.0,1.0,3.0,0,True,0,0
1021-1501-1521-1981-149,0.00480736,1.0,0.00480736,2025-01-17 17:54:37.404539+00:00,2025-01-17 17:54:37.404539+00:00,1.0,1257507.0,4.0,314376.75,2025-01-17 16:57:11.299469+00:00,2025-01-18 12:15:55.763770+00:00,1.0,73.9145,1,73.9145,1,2024-12-06 12:48:23.736471+00:00,2024-12-06 12:48:23.736471+00:00,3.822929017492547e-09,261579536.37755442,-0.9572514083333333,23062918.108899686,2.0,6.0,0,False,0,0
1021-1501-1521-1981-157,2146159.0,54.0,39743.68518518518,2025-01-17 15:07:46.613382+00:00,2025-03-12 16:26:29.121302+00:00,1.0,1441400.0,3.0,480466.6666666667,2025-01-17 22:03:53.725703+00:00,2025-01-18 08:31:56.963879+00:00,1.0,70.36198,1,70.36198,1,2024-12-07 21:45:18.022229+00:00,2024-12-07 21:45:18.022229+00:00,1.4889406132926322,0.6716184588373928,6.935308978055556,0.049177609860220045,2.0,58.0,0,False,0,0
1021-1511-1521-1561-1100,0.00524441,1.0,0.00524441,2025-01-17 17:34:15.167188+00:00,2025-01-17 17:34:15.167188+00:00,1.0,878191.0,1.0,878191.0,2025-01-17 17:48:02.028873+00:00,2025-01-17 17:48:02.028873+00:00,1.0,9.286073333333334,1,9.286073333333334,1,2024-11-29 11:47:47.719492+00:00,2024-11-29 11:47:47.719492+00:00,5.97183300671494e-09,167452773.5245719,0.2296838013888889,2655991.808420776,2.0,3.0,0,False,0,0
1021-1511-1521-1571-157,8250.1,2.0,4125.05,2025-01-18 01:39:57.826379+00:00,2025-01-18 08:31:28.852059+00:00,2.0,207093.0,10.0,20709.3,2025-01-18 01:52:10.855757+00:00,2025-01-18 12:28:16.461797+00:00,1.0,15.535426666666668,3,5.178475555555556,1,2024-11-27 20:55:47.264702+00:00,2024-12-07 21:41:53.345076+00:00,0.039837657477558394,25.101877552999355,0.20361927166666666,2.824588792863117,3.0,15.0,0,True,0,0
1021-1511-1521-1571-198,0.0,0.0,0.0,0,0,0.0,30000.0,2.0,15000.0,2025-01-17 19:44:46.004366+00:00,2025-01-18 10:57:31.029633+00:00,1.0,6139.911006666666,1,6139.911006666666,1,2024-12-11 07:36:35.853897+00:00,2024-12-11 07:36:35.853897+00:00,0.0,0.0,999.0,0.0,1.0,3.0,0,False,0,0
1021-1511-1521-1971-148,109750.0,6.0,18291.666666666668,2025-01-18 05:49:07.702924+00:00,2025-01-18 10:16:27.718957+00:00,1.0,0.103795,3.0,0.034598333333333335,2025-01-18 06:18:22.989378+00:00,2025-01-18 10:07:46.702107+00:00,1.0,3.8494666666666664,2,1.9247333333333332,2,2024-12-05 04:09:13.229332+00:00,2024-12-05 04:11:33.625265+00:00,1057372.7058143455,9.457403189066059e-07,0.48757957055555556,0.05261230068337129,2.0,11.0,0,True,0,0
1021-1511-1521-1981-1101,53.0,1.0,53.0,2025-01-18 11:54:25.835340+00:00,2025-01-18 11:54:25.835340+00:00,1.0,12000.053568,3.0,4000.017856,2025-01-17 14:57:36.092177+00:00,2025-03-12 17:27:21.000372+00:00,2.0,15.006906666666666,2,7.503453333333333,2,2024-12-05 18:07:34.744422+00:00,2024-12-11 13:17:22.406807+00:00,0.004416646950754679,226.41610505660375,-20.94715087861111,424.72377358490564,3.0,6.0,0,True,0,0
1021-1511-1521-1981-154,1650.0,1.0,1650.0,2025-01-17 19:19:15.854650+00:00,2025-01-17 19:19:15.854650+00:00,1.0,0.006975,1.0,0.006975,2025-01-17 19:20:58.587021+00:00,2025-01-17 19:20:58.587021+00:00,1.0,1.9128133333333333,1,1.9128133333333333,1,2024-12-07 07:40:13.631604+00:00,2024-12-07 07:40:13.631604+00:00,236559.13978494622,4.227272727272728e-06,0.028536769722222223,1.7389212121212119,2.0,3.0,0,False,0,0
1021-1521-1521-1561-148,150.00048,2.0,75.00024,2025-01-17 16:43:51.341495+00:00,2025-03-12 17:35:49.626187+00:00,2.0,235000.0,8.0,29375.0,2025-01-17 14:50:25.036943+00:00,2025-03-12 17:36:57.808371+00:00,1.0,113.35288,3,37.78429333333333,1,2024-12-06 13:05:35.176846+00:00,2025-03-11 14:21:35.349706+00:00,0.0006382999148936171,1566.661653349376,-1.8906401533333332,1133.5251727194473,3.0,13.0,0,True,0,0
1021-1521-1521-1571-198,0.0,0.0,0.0,0,0,0.0,41469.0,8.0,5183.625,2025-01-17 15:58:56.889630+00:00,2025-03-12 12:06:13.770197+00:00,1.0,246.17942666666664,5,49.23588533333333,1,2024-12-01 16:24:27.916126+00:00,2025-03-11 14:23:21.628057+00:00,0.0,0.0,999.0,0.0,1.0,13.0,0,True,0,0
1021-1521-1521-1981-151,0.0,0.0,0.0,0,0,0.0,16439.0,1.0,16439.0,2025-01-17 16:58:02.183786+00:00,2025-01-17 16:58:02.183786+00:00,1.0,5.2734266666666665,1,5.2734266666666665,1,2024-12-11 11:08:15.318221+00:00,2024-12-11 11:08:15.318221+00:00,0.0,0.0,999.0,0.0,1.0,2.0,0,False,0,0
1021-1531-1521-1571-152,0.0,0.0,0.0,0,0,0.0,200000.0,4.0,50000.0,2025-01-17 15:44:11.936676+00:00,2025-01-17 21:51:53.370001+00:00,1.0,12.955286666666666,2,6.477643333333333,1,2024-12-03 17:56:54.833078+00:00,2024-12-03 18:00:10.478774+00:00,0.0,0.0,999.0,0.0,1.0,6.0,0,True,0,0
1021-1531-1521-1971-1102,0.00111387,1.0,0.00111387,2025-01-18 12:13:28.221390+00:00,2025-01-18 12:13:28.221390+00:00,1.0,31997.0,1.0,31997.0,2025-01-18 12:25:41.867639+00:00,2025-01-18 12:25:41.867639+00:00,1.0,155.87063999999998,4,38.967659999999995,1,2024-12-01 16:11:39.932862+00:00,2024-12-03 18:17:02.489522+00:00,3.481170109697784e-08,28725973.408027865,0.20379062472222223,209904171.9410703,2.0,6.0,0,True,0,0
1021-1531-1521-1981-1102,0.0,0.0,0.0,0,0,0.0,30000.0,3.0,10000.0,2025-01-17 16:25:09.804854+00:00,2025-01-18 12:35:27.004008+00:00,1.0,6.568253333333333,1,6.568253333333333,1,2024-12-11 13:15:56.923942+00:00,2024-12-11 13:15:56.923942+00:00,0.0,0.0,999.0,0.0,1.0,4.0,0,False,0,0
1021-1531-1521-1981-151,0.0,0.0,0.0,0,0,0.0,14600.0,3.0,4866.666666666667,2025-01-17 17:58:15.842262+00:00,2025-01-17 20:57:40.232244+00:00,1.0,142.50182666666666,1,142.50182666666666,1,2024-12-06 13:14:54.207224+00:00,2024-12-06 13:14:54.207224+00:00,0.0,0.0,999.0,0.0,1.0,4.0,0,False,0,0
1021-1531-1521-1981-154,5150.0,1.0,5150.0,2025-01-18 03:30:31.587140+00:00,2025-01-18 03:30:31.587140+00:00,1.0,0.0,0.0,0.0,0,0,0.0,15.642959999999999,1,15.642959999999999,1,2024-12-03 18:05:11.895715+00:00,2024-12-03 18:05:11.895715+00:00,999.0,0.0,999.0,4.556201941747573,1.0,2.0,0,False,0,0
1021-1541-1521-1561-155,70.0,1.0,70.0,2025-01-17 22:32:40.335546+00:00,2025-01-17 22:32:40.335546+00:00,1.0,40000.0,1.0,40000.0,2025-03-12 12:30:49.398465+00:00,2025-03-12 12:30:49.398465+00:00,1.0,46.267113333333334,1,46.267113333333334,1,2025-03-11 14:30:32.455954+00:00,2025-03-11 14:30:32.455954+00:00,0.00175,571.4285714285714,1285.9691841441668,991.4381428571428,2.0,3.0,0,False,0,0
1021-1541-1521-1571-199,0.02545917,2.0,0.012729585,2025-03-12 14:21:52.354926+00:00,2025-05-08 15:22:00.561313+00:00,1.0,455000.0,3.0,151666.66666666666,2025-01-17 18:35:39.584349+00:00,2025-03-12 16:21:11.049205+00:00,1.0,217.68962,1,217.68962,1,2024-11-30 05:03:22.477540+00:00,2024-11-30 05:03:22.477540+00:00,5.595421978021978e-08,17871753.085430514,-1291.7702140491667,12825808.14692702,2.0,6.0,0,False,0,0
1021-1541-1521-1981-1101,206.447243,1.0,206.447243,2025-01-17 17:41:42.109283+00:00,2025-01-17 17:41:42.109283+00:00,1.0,338010.0,1.0,338010.0,2025-01-17 18:04:31.803941+00:00,2025-01-17 18:04:31.803941+00:00,1.0,220.59466666666665,1,220.59466666666665,1,2024-12-11 14:22:33.815858+00:00,2024-12-11 14:22:33.815858+00:00,0.0006107725895683559,1637.2705931461628,0.3804707383333333,1602.792050848555,2.0,3.0,0,False,0,0
1021-1541-1521-1981-151,23.053914,2.0,11.526957,2025-01-18 09:41:45.593501+00:00,2025-01-18 12:42:29.323501+00:00,1.0,115616.0,3.0,38538.666666666664,2025-01-18 09:51:51.004112+00:00,2025-01-18 12:50:17.977990+00:00,1.0,47.189099999999996,1,47.189099999999996,1,2025-03-11 17:37:05.373034+00:00,2025-03-11 17:37:05.373034+00:00,0.00019940072308331026,5015.026949436872,0.16816961416666668,3070.3528259886803,2.0,6.0,0,False,0,0
1021-1551-1521-1561-149,0.0,0.0,0.0,0,0,0.0,5200.0,2.0,2600.0,2025-01-18 10:18:01.972224+00:00,2025-01-18 10:18:10.215966+00:00,1.0,65.42944,1,65.42944,1,2025-03-11 18:43:16.885304+00:00,2025-03-11 18:43:16.885304+00:00,0.0,0.0,999.0,0.0,1.0,3.0,0,False,0,0
1021-1551-1521-1561-152,0.0,0.0,0.0,0,0,0.0,113800.0,3.0,37933.333333333336,2025-01-18 00:59:10.298074+00:00,2025-03-12 16:31:01.659459+00:00,1.0,4.739393333333333,1,4.739393333333333,1,2024-11-28 16:38:47.771003+00:00,2024-11-28 16:38:47.771003+00:00,0.0,0.0,999.0,0.0,1.0,4.0,0,False,0,0
1021-1551-1521-1561-199,90.186388,2.0,45.093194,2025-01-17 19:18:08.642200+00:00,2025-01-17 19:19:05.800900+00:00,1.0,210000.0,2.0,105000.0,2025-01-18 09:22:54.498893+00:00,2025-01-18 09:28:49.255897+00:00,1.0,213.06725333333333,2,106.53362666666666,1,2024-11-27 21:22:11.400607+00:00,2024-12-09 22:58:30.954209+00:00,0.00042945899047619045,2328.5110387168406,14.079404636944444,3543.78179554103,2.0,6.0,0,True,0,0
1021-1551-1521-1571-1102,0.0,0.0,0.0,0,0,0.0,39100.0,3.0,13033.333333333334,2025-01-17 20:06:44.911287+00:00,2025-01-17 21:53:17.060524+00:00,1.0,156.67896666666667,2,78.33948333333333,1,2024-11-30 06:20:15.891330+00:00,2024-12-11 14:19:28.503278+00:00,0.0,0.0,999.0,0.0,1.0,5.0,0,True,0,0
1021-1551-1521-1571-153,0.0,0.0,0.0,0,0,0.0,50000.0,1.0,50000.0,2025-01-18 06:32:17.496105+00:00,2025-01-18 06:32:17.496105+00:00,1.0,12.0,2,6.0,2,2025-07-18 15:25:55.887623+00:00,2025-07-18 15:26:45.776022+00:00,0.0,0.0,999.0,0.0,1.0,3.0,0,True,0,0
1021-1551-1521-1571-155,0.0,0.0,0.0,0,0,0.0,77330.0,7.0,11047.142857142857,2025-01-17 16:39:59.618905+00:00,2025-01-18 11:05:26.612135+00:00,1.0,69.96217333333334,2,34.98108666666667,2,2024-12-07 07:41:59.736994+00:00,2024-12-10 13:51:25.789910+00:00,0.0,0.0,999.0,0.0,1.0,9.0,0,True,0,0
1021-1551-1521-1971-1102,0.0,0.0,0.0,0,0,0.0,59048.0,3.0,19682.666666666668,2025-01-17 18:13:48.973496+00:00,2025-03-12 15:51:07.437146+00:00,1.0,28.192913333333337,3,9.39763777777778,1,2024-12-03 01:06:11.428240+00:00,2024-12-10 19:52:37.935770+00:00,0.0,0.0,999.0,0.0,1.0,6.0,0,True,0,0
1021-1551-1521-1971-149,20.0,2.0,10.0,2025-01-17 16:35:04.912898+00:00,2025-01-17 17:00:41.573591+00:00,1.0,56177.0,14.0,4012.6428571428573,2025-01-17 16:48:10.189786+00:00,2025-03-12 16:08:34.895138+00:00,1.0,74.16326666666666,3,24.721088888888886,1,2024-12-01 16:20:56.817331+00:00,2024-12-08 17:50:19.074181+00:00,0.0003560175872688111,2808.85,0.21813246888888888,5562.244999999999,2.0,19.0,0,True,0,0
1021-1551-1521-1981-1102,10648.4,2.0,5324.2,2025-01-18 05:32:23.934003+00:00,2025-05-25 10:20:10.876987+00:00,2.0,2215000.0,5.0,443000.0,2025-01-17 15:18:27.433203+00:00,2025-01-18 11:33:16.949147+00:00,1.0,54.659866666666666,2,27.329933333333333,1,2024-11-28 16:18:32.767136+00:00,2024-12-01 16:19:11.077388+00:00,0.004807404063205418,208.01247135719922,-14.232361333333333,7.699729536831825,3.0,9.0,0,True,0,0
1021-1561-1521-1561-197,0.00055373,1.0,0.00055373,2025-01-17 18:32:45.532413+00:00,2025-01-17 18:32:45.532413+00:00,1.0,92891.0,1.0,92891.0,2025-01-17 20:16:02.060102+00:00,2025-01-17 20:16:02.060102+00:00,1.0,236.99122661666667,3,78.9970755388889,3,2024-11-29 12:11:01.170098+00:00,2024-11-29 12:21:30.376300+00:00,5.961072655047313e-09,167755043.07153305,1.7212576913888888,641985877.4583281,2.0,5.0,0,True,0,0
1021-1561-1521-1571-154,15.0044917,1.0,15.0044917,2025-03-12 14:37:25.884676+00:00,2025-03-12 14:37:25.884676+00:00,1.0,0.0,0.0,0.0,0,0,0.0,10.894166666666667,1,10.894166666666667,1,2024-12-03 18:42:14.473283+00:00,2024-12-03 18:42:14.473283+00:00,999.0,0.0,999.0,1089.0905421341265,1.0,2.0,0,False,0,0
1021-1571-1521-1971-157,0.0,0.0,0.0,0,0,0.0,7659.0,1.0,7659.0,2025-03-12 12:38:14.494103+00:00,2025-03-12 12:38:14.494103+00:00,1.0,563.0065533333333,1,563.0065533333333,1,2025-07-18 16:33:13.713520+00:00,2025-07-18 16:33:13.713520+00:00,0.0,0.0,999.0,0.0,1.0,2.0,0,False,0,0
1021-1571-1521-1971-197,0.0,0.0,0.0,0,0,0.0,935000.0,3.0,311666.6666666667,2025-01-17 18:29:35.713215+00:00,2025-01-18 08:21:54.390583+00:00,1.0,53.68778,1,53.68778,1,2024-11-30 05:34:11.429557+00:00,2024-11-30 05:34:11.429557+00:00,0.0,0.0,999.0,0.0,1.0,4.0,0,False,0,0
1021-1571-1521-1981-1100,179.067743,1.0,179.067743,2025-01-18 02:01:58.150209+00:00,2025-01-18 02:01:58.150209+00:00,1.0,292768.0,1.0,292768.0,2025-01-18 02:49:04.618828+00:00,2025-01-18 02:49:04.618828+00:00,1.0,965.5209333333335,4,241.38023333333336,1,2024-11-27 20:55:21.614842+00:00,2024-12-07 20:50:08.696623+00:00,0.0006116370060935621,1634.9566655341157,0.7851301719444445,8087.896657076871,2.0,6.0,0,False,0,0
1021-1971-1521-1561-1101,60000.0,1.0,60000.0,2025-01-17 16:30:09.259661+00:00,2025-01-17 16:30:09.259661+00:00,1.0,0.0,0.0,0.0,0,0,0.0,10.66788,1,10.66788,1,2024-12-03 02:48:04.446742+00:00,2024-12-03 02:48:04.446742+00:00,999.0,0.0,999.0,0.266697,1.0,2.0,0,False,0,0
1021-1971-1521-1561-151,22.502221,1.0,22.502221,2025-03-12 14:21:51.887505+00:00,2025-03-12 14:21:51.887505+00:00,1.0,104876.0,2.0,52438.0,2025-01-17 14:43:38.194104+00:00,2025-03-12 14:40:52.344457+00:00,1.0,53.252093333333335,4,13.313023333333334,1,2024-12-03 04:26:36.940122+00:00,2024-12-07 07:40:19.907278+00:00,0.00021456025210725045,4660.695493124879,-1295.6371370558334,3549.7891519241593,2.0,7.0,0,True,0,0
1021-1971-1521-1571-151,0.0081015,1.0,0.0081015,2025-01-18 00:58:03.727044+00:00,2025-01-18 00:58:03.727044+00:00,1.0,277000.0,7.0,39571.42857142857,2025-01-18 04:41:06.183713+00:00,2025-01-18 11:46:27.384020+00:00,1.0,687.6459533333334,1,687.6459533333334,1,2024-12-05 18:20:53.015911+00:00,2024-12-05 18:20:53.015911+00:00,2.924729241877256e-08,34191199.16064926,3.717349074722222,127318265.75325559,2.0,9.0,0,False,0,0
1021-1971-1521-1971-1101,0.00053247,1.0,0.00053247,2025-01-18 12:13:21.637652+00:00,2025-01-18 12:13:21.637652+00:00,1.0,0.0,0.0,0.0,0,0,0.0,35.19831333333333,3,11.732771111111111,1,2024-12-06 13:45:03.245990+00:00,2024-12-09 12:28:27.939233+00:00,999.0,0.0,999.0,99155764.6440175,1.0,4.0,0,True,0,0
1021-1971-1521-1981-198,0.00762555,1.0,0.00762555,2025-01-17 17:34:09.423416+00:00,2025-01-17 17:34:09.423416+00:00,1.0,1275467.0,3.0,425155.6666666667,2025-01-17 17:37:54.876302+00:00,2025-01-18 13:07:57.555413+00:00,1.0,41.924413333333334,1,41.924413333333334,1,2024-12-07 21:29:00.948071+00:00,2024-12-07 21:29:00.948071+00:00,5.978633708280967e-09,167262295.83439884,0.06262580166666668,8246830.720407053,2.0,5.0,0,False,0,0
1021-1981-1521-1971-157,100.0,1.0,100.0,2025-01-18 08:16:40.737006+00:00,2025-01-18 08:16:40.737006+00:00,1.0,60000.0,1.0,60000.0,2025-01-18 10:41:11.797369+00:00,2025-01-18 10:41:11.797369+00:00,1.0,11.225866666666667,1,11.225866666666667,1,2024-12-02 11:44:51.573271+00:00,2024-12-02 11:44:51.573271+00:00,0.0016666666666666668,600.0,2.408627878611111,168.388,2.0,3.0,0,False,0,0
1021-1981-1521-1981-1100,0.0,0.0,0.0,0,0,0.0,354000.0,9.0,39333.333333333336,2025-01-17 18:28:32.040019+00:00,2025-03-12 15:50:45.821165+00:00,1.0,1329.07832,1,1329.07832,1,2024-11-29 11:33:35.527789+00:00,2024-11-29 11:33:35.527789+00:00,0.0,0.0,999.0,0.0,1.0,10.0,0,False,0,0
1021-1981-1521-1981-1101,0.0,0.0,0.0,0,0,0.0,60000.0,1.0,60000.0,2025-03-12 13:39:44.528051+00:00,2025-03-12 13:39:44.528051+00:00,1.0,39.99908,1,39.99908,1,2024-12-07 07:36:31.319789+00:00,2024-12-07 07:36:31.319789+00:00,0.0,0.0,999.0,0.0,1.0,2.0,0,False,0,0
1021-1981-1521-1981-156,0.0,0.0,0.0,0,0,0.0,160000.0,2.0,80000.0,2025-03-12 12:55:00.749442+00:00,2025-03-12 15:40:49.302754+00:00,1.0,66.68210666666667,1,66.68210666666667,1,2024-12-03 18:16:53.779565+00:00,2024-12-03 18:16:53.779565+00:00,0.0,0.0,999.0,0.0,1.0,3.0,0,False,0,0
1021-1991-1521-1561-148,0.00291,1.0,0.00291,2025-01-18 06:05:11.044873+00:00,2025-01-18 06:05:11.044873+00:00,1.0,1038104.0,3.0,346034.6666666667,2025-01-17 15:35:10.034288+00:00,2025-01-18 10:55:26.100410+00:00,1.0,70.70682,1,70.70682,1,2024-12-08 17:20:40.664968+00:00,2024-12-08 17:20:40.664968+00:00,2.8031873492443917e-09,356736769.7594502,-14.500280718055556,36446814.43298969,2.0,5.0,0,False,0,0
1021-1991-1521-1571-153,0.0,0.0,0.0,0,0,0.0,30000.0,1.0,30000.0,2025-01-18 07:59:21.334356+00:00,2025-01-18 07:59:21.334356+00:00,1.0,72.36176,1,72.36176,1,2024-11-30 05:30:37.545880+00:00,2024-11-30 05:30:37.545880+00:00,0.0,0.0,999.0,0.0,1.0,2.0,0,False,0,0
1021-1991-1521-1571-156,0.00049317,1.0,0.00049317,2025-01-17 15:07:26.597355+00:00,2025-01-17 15:07:26.597355+00:00,1.0,82123.0,1.0,82123.0,2025-01-17 16:09:32.928344+00:00,2025-01-17 16:09:32.928344+00:00,1.0,552.7651266666667,1,552.7651266666667,1,2024-12-03 02:42:20.955159+00:00,2024-12-03 02:42:20.955159+00:00,6.005260402079808e-09,166520672.38477603,1.0350919413888888,1681261410.8725185,2.0,3.0,0,False,0,0
1021-1991-1521-1971-153,0.0,0.0,0.0,0,0,0.0,50000.0,2.0,25000.0,2025-03-12 11:51:35.064092+00:00,2025-03-12 16:24:40.621606+00:00,1.0,11.428613333333333,1,11.428613333333333,1,2024-12-05 17:47:11.259558+00:00,2024-12-05 17:47:11.259558+00:00,0.0,0.0,999.0,0.0,1.0,3.0,0,False,0,0
1021-1991-1521-1971-199,0.0,0.0,0.0,0,0,0.0,4000.0,1.0,4000.0,2025-03-12 15:32:27.799553+00:00,2025-03-12 15:32:27.799553+00:00,1.0,37.45334,2,18.72667,1,2024-12-02 11:08:39.314862+00:00,2024-12-03 01:03:53.015861+00:00,0.0,0.0,999.0,0.0,1.0,3.0,0,True,0,0
481-11001-1521-1971-1102,0.0,0.0,0.0,0,0,0.0,118671.0,5.0,23734.2,2025-03-12 11:32:26.887493+00:00,2025-03-12 23:44:45.009920+00:00,1.0,114.84737333333334,4,28.711843333333334,2,2024-11-29 11:35:06.408249+00:00,2024-12-01 16:37:33.956230+00:00,0.0,0.0,999.0,0.0,1.0,9.0,0,True,0,0
481-11001-1521-1971-154,0.0,0.0,0.0,0,0,0.0,5700.0,1.0,5700.0,2025-01-17 16:18:50.330451+00:00,2025-01-17 16:18:50.330451+00:00,1.0,1.3322666666666667,4,0.3330666666666667,3,2024-11-30 04:30:17.543428+00:00,2024-11-30 04:35:00.446158+00:00,0.0,0.0,999.0,0.0,1.0,5.0,0,True,0,0
481-11001-1521-1981-149,0.0010146299999999999,4.0,0.00025365749999999997,2025-01-17 18:56:11.816185+00:00,2025-03-12 11:29:32.253215+00:00,1.0,185400.0,15.0,12360.0,2025-01-17 15:38:29.797401+00:00,2025-03-12 17:28:56.161480+00:00,1.0,3.3335999999999997,1,3.3335999999999997,1,2024-12-08 17:50:22.359473+00:00,2024-12-08 17:50:22.359473+00:00,5.472653721682847e-09,182726708.25818282,-3.2950052177777778,4928298.985837202,2.0,20.0,0,False,0,0
481-11001-1521-1981-154,22.0,2.0,11.0,2025-01-17 14:38:50.413408+00:00,2025-01-17 16:12:08.775184+00:00,1.0,78524.0,3.0,26174.666666666668,2025-01-17 17:08:42.406154+00:00,2025-01-18 04:18:54.989608+00:00,1.0,12.395093333333334,1,12.395093333333334,1,2024-11-28 15:55:16.883287+00:00,2024-11-28 15:55:16.883287+00:00,0.00028016912026896236,3569.2727272727275,2.4977757627777777,845.12,2.0,6.0,0,False,0,0
481-11011-1521-1561-149,0.00091972,1.0,0.00091972,2025-01-17 17:34:16.890471+00:00,2025-01-17 17:34:16.890471+00:00,1.0,166438.0,7.0,23776.85714285714,2025-01-17 17:37:56.057492+00:00,2025-01-18 07:48:45.277196+00:00,1.0,39.99670666666667,2,19.998353333333334,1,2024-12-03 17:59:30.412975+00:00,2024-12-05 18:06:43.000692+00:00,5.525901536908639e-09,180965946.15752622,0.060879728055555554,65231874.91845344,2.0,10.0,0,True,0,0
481-11011-1521-1971-1100,10176833.0,64.0,159013.015625,2025-01-17 14:37:56.853225+00:00,2025-03-12 17:55:24.702150+00:00,1.0,11203000.0,14.0,800214.2857142857,2025-01-17 15:06:24.302029+00:00,2025-03-12 17:14:45.879992+00:00,1.0,2.355806666666667,2,1.1779033333333335,1,2024-11-29 11:58:35.963296+00:00,2024-11-29 12:00:59.250463+00:00,0.9084024814781755,1.1008336286937204,0.4742913344444445,0.000347230813358144,2.0,80.0,1,True,0,0
481-11011-1521-1971-1101,0.00687911,1.0,0.00687911,2025-01-17 19:11:22.314233+00:00,2025-01-17 19:11:22.314233+00:00,1.0,118228.0,6.0,19704.666666666668,2025-01-17 15:36:39.897599+00:00,2025-03-12 14:40:42.583254+00:00,1.0,127.9778,9,14.219755555555556,1,2024-11-29 12:11:01.475538+00:00,2024-12-10 13:38:29.076529+00:00,5.818511689278343e-08,17186525.582524482,-3.5784490649999996,27905746.528257288,2.0,16.0,0,True,0,0
481-11011-1521-1981-155,0.0033799999999999998,2.0,0.0016899999999999999,2025-01-18 10:54:49.155210+00:00,2025-01-18 10:54:59.835739+00:00,1.0,79343.0,1.0,79343.0,2025-01-18 11:21:02.747861+00:00,2025-01-18 11:21:02.747861+00:00,1.0,42.29948,1,42.29948,1,2024-12-03 03:47:36.849233+00:00,2024-12-03 03:47:36.849233+00:00,4.259985127862571e-08,23474260.355029587,0.4371090697222222,18771958.57988166,2.0,4.0,0,False,0,0
481-11021-1521-1561-151,0.0,0.0,0.0,0,0,0.0,5200.0,1.0,5200.0,2025-03-12 12:24:19.693565+00:00,2025-03-12 12:24:19.693565+00:00,1.0,12.046973333333332,1,12.046973333333332,1,2024-11-27 21:05:53.466385+00:00,2024-11-27 21:05:53.466385+00:00,0.0,0.0,999.0,0.0,1.0,2.0,0,False,0,0
481-11021-1521-1571-153,5077.0,4.0,1269.25,2025-01-17 20:23:14.613996+00:00,2025-03-12 14:06:16.906359+00:00,1.0,0.027464000000000002,4.0,0.006866000000000001,2025-01-17 22:14:16.330915+00:00,2025-03-12 17:36:46.310099+00:00,1.0,26.568573333333333,7,3.795510476190476,1,2024-11-28 15:54:29.120453+00:00,2024-12-09 12:31:43.674529+00:00,184860.18060005823,5.409493795548553e-06,1.8504769219444446,7.849686822926926,2.0,15.0,0,True,0,0
481-11021-1521-1971-1101,0.0,0.0,0.0,0,0,0.0,6014.0,2.0,3007.0,2025-01-17 15:04:48.826078+00:00,2025-01-17 15:52:08.515963+00:00,1.0,37.528933333333335,2,18.764466666666667,2,2024-11-30 19:05:57.640711+00:00,2024-12-06 12:59:15.501917+00:00,0.0,0.0,999.0,0.0,1.0,4.0,0,True,0,0
481-11021-1521-1971-150,153.4092,3.0,51.1364,2025-01-17 15:14:08.765295+00:00,2025-03-12 12:27:23.648006+00:00,1.0,191855.0,2.0,95927.5,2025-01-17 15:49:08.338319+00:00,2025-01-17 18:40:18.199645+00:00,1.0,107.11130666666668,2,53.55565333333334,1,2024-12-07 07:38:01.002151+00:00,2024-12-09 12:15:30.293174+00:00,0.000799610122227724,1250.6094810480727,0.5832147288888888,1047.3098093204321,2.0,7.0,0,True,0,0
481-1481-1521-1971-148,0.0,0.0,0.0,0,0,0.0,343600.0,4.0,85900.0,2025-01-18 04:57:40.030491+00:00,2025-01-18 13:06:34.101401+00:00,1.0,201.1115333333333,1,201.1115333333333,1,2024-12-11 07:41:07.872725+00:00,2024-12-11 07:41:07.872725+00:00,0.0,0.0,999.0,0.0,1.0,5.0,0,False,0,0
481-1481-1521-1981-154,0.0,0.0,0.0,0,0,0.0,3100.0,1.0,3100.0,2025-01-18 09:38:28.861726+00:00,2025-01-18 09:38:28.861726+00:00,1.0,17.923146666666668,1,17.923146666666668,1,2024-12-11 07:26:39.447060+00:00,2024-12-11 07:26:39.447060+00:00,0.0,0.0,999.0,0.0,1.0,2.0,0,False,0,0
481-1491-1521-1561-198,0.00395687,1.0,0.00395687,2025-01-18 04:17:13.956602+00:00,2025-01-18 04:17:13.956602+00:00,1.0,40000.0,1.0,40000.0,2025-01-18 08:56:34.430373+00:00,2025-01-18 08:56:34.430373+00:00,1.0,79.99433333333333,2,39.997166666666665,1,2024-12-09 12:00:40.892349+00:00,2024-12-09 12:03:59.181115+00:00,9.892175000000001e-08,10109000.295688258,4.655687158611111,30324852.724501938,2.0,4.0,0,True,0,0
481-1491-1521-1561-199,0.0,0.0,0.0,0,0,0.0,74100.0,2.0,37050.0,2025-01-17 19:53:56.000686+00:00,2025-01-17 19:54:08.845360+00:00,1.0,384.7332466666667,2,192.36662333333334,1,2024-11-29 11:42:47.546428+00:00,2024-12-07 20:42:11.738722+00:00,0.0,0.0,999.0,0.0,1.0,4.0,0,True,0,0
481-1491-1521-1571-156,0.00042588,1.0,0.00042588,2025-01-17 19:26:04.571179+00:00,2025-01-17 19:26:04.571179+00:00,1.0,252000.0,2.0,126000.0,2025-01-17 19:29:33.256068+00:00,2025-01-18 03:11:02.475522+00:00,1.0,177.25308666666666,1,177.25308666666666,1,2024-12-09 23:58:10.261487+00:00,2024-12-09 23:58:10.261487+00:00,1.69e-09,591715976.3313609,0.05796802472222222,624306447.8256786,2.0,4.0,0,False,0,0
481-1491-1521-1571-198,126.22,2.0,63.11,2025-01-17 15:37:10.768874+00:00,2025-01-18 07:35:07.949739+00:00,1.0,221610.0,8.0,27701.25,2025-01-17 15:46:53.285397+00:00,2025-01-18 12:05:42.856576+00:00,1.0,40.182900000000004,2,20.091450000000002,1,2024-12-07 07:28:24.489767+00:00,2024-12-11 11:05:15.507200+00:00,0.0005695591354180768,1755.7439391538583,0.1618101452777778,477.5340675011885,2.0,12.0,0,True,0,0
481-1501-1521-1561-149,0.0,0.0,0.0,0,0,0.0,65073.0,5.0,13014.6,2025-01-17 18:15:23.146468+00:00,2025-03-12 16:44:56.210646+00:00,1.0,143.42601333333334,4,35.856503333333336,1,2024-12-02 11:00:36.186230+00:00,2024-12-11 07:30:14.588642+00:00,0.0,0.0,999.0,0.0,1.0,9.0,0,True,0,0
481-1501-1521-1571-1100,0.01188141,2.0,0.005940705,2025-01-17 16:19:02.405388+00:00,2025-01-17 20:01:08.546244+00:00,1.0,18847.0,4.0,4711.75,2025-01-17 16:26:31.128525+00:00,2025-01-18 11:30:36.713388+00:00,1.0,4.259573333333334,2,2.129786666666667,2,2024-12-02 10:54:49.647699+00:00,2024-12-11 11:08:33.167274+00:00,6.304138589695972e-07,1586259.5432696962,0.12464531583333334,537761.0906449656,2.0,8.0,0,True,0,0
481-1501-1521-1571-199,0.0,0.0,0.0,0,0,0.0,89031.0,1.0,89031.0,2025-03-12 11:24:39.079979+00:00,2025-03-12 11:24:39.079979+00:00,1.0,177.68918666666667,3,59.22972888888889,2,2024-12-01 16:32:00.610922+00:00,2024-12-02 11:39:59.991138+00:00,0.0,0.0,999.0,0.0,1.0,4.0,0,True,0,0
481-1501-1521-1981-150,0.0,0.0,0.0,0,0,0.0,4447.0,1.0,4447.0,2025-01-17 15:55:39.134426+00:00,2025-01-17 15:55:39.134426+00:00,1.0,5.2779,1,5.2779,1,2024-12-05 17:50:57.230136+00:00,2024-12-05 17:50:57.230136+00:00,0.0,0.0,999.0,0.0,1.0,2.0,0,False,0,0
481-1511-1521-1561-199,0.0,0.0,0.0,0,0,0.0,15976.0,3.0,5325.333333333333,2025-01-17 17:10:46.267769+00:00,2025-01-18 08:07:16.351831+00:00,1.0,18.61288,2,9.30644,1,2024-12-03 18:07:23.289647+00:00,2024-12-05 05:45:59.709894+00:00,0.0,0.0,999.0,0.0,1.0,5.0,0,True,0,0
481-1511-1521-1571-149,0.0,0.0,0.0,0,0,0.0,10000.0,1.0,10000.0,2025-01-17 17:51:09.373198+00:00,2025-01-17 17:51:09.373198+00:00,1.0,33.32537333333333,1,33.32537333333333,1,2024-12-09 23:02:52.728313+00:00,2024-12-09 23:02:52.728313+00:00,0.0,0.0,999.0,0.0,1.0,2.0,0,False,0,0
481-1511-1521-1571-153,0.00020046,1.0,0.00020046,2025-01-18 07:13:24.106912+00:00,2025-01-18 07:13:24.106912+00:00,1.0,61986.0,2.0,30993.0,2025-01-17 20:31:15.523030+00:00,2025-01-18 10:56:13.482420+00:00,1.0,4.289773333333334,1,4.289773333333334,1,2024-11-30 19:29:59.281819+00:00,2024-11-30 19:29:59.281819+00:00,3.2339560545929723e-09,309218796.7674349,-10.702384411666666,32099471.216202736,2.0,4.0,0,False,0,0
481-1511-1521-1971-152,0.00132491,1.0,0.00132491,2025-01-18 12:13:18.668973+00:00,2025-01-18 12:13:18.668973+00:00,1.0,151306.0,4.0,37826.5,2025-01-17 15:38:37.945401+00:00,2025-01-18 12:54:24.941850+00:00,1.0,80.79854666666665,2,40.399273333333326,2,2024-11-28 16:37:16.666373+00:00,2024-12-02 11:32:25.054747+00:00,8.756493463577123e-09,114200964.59382145,-20.57797877,91476266.31242874,2.0,7.0,0,True,0,0
481-1511-1521-1981-151,0.0,0.0,0.0,0,0,0.0,70000.0,2.0,35000.0,2025-01-17 20:00:01.664800+00:00,2025-01-18 12:39:15.816936+00:00,1.0,38.47506,1,38.47506,1,2024-12-01 16:07:27.110572+00:00,2024-12-01 16:07:27.110572+00:00,0.0,0.0,999.0,0.0,1.0,3.0,0,False,0,0
481-1521-1521-1561-155,0.0,0.0,0.0,0,0,0.0,260189.0,3.0,86729.66666666667,2025-01-17 17:05:48.757452+00:00,2025-01-18 10:03:00.874856+00:00,1.0,508.336,3,169.44533333333334,3,2024-12-07 20:36:52.133118+00:00,2024-12-07 20:53:23.094583+00:00,0.0,0.0,999.0,0.0,1.0,6.0,0,False,0,0
481-1521-1521-1571-199,0.0,0.0,0.0,0,0,0.0,380000.0,6.0,63333.333333333336,2025-01-17 17:39:20.053982+00:00,2025-05-08 15:13:50.219763+00:00,1.0,193.32486,2,96.66243,1,2024-12-05 05:15:41.938913+00:00,2024-12-06 13:42:47.944444+00:00,0.0,0.0,999.0,0.0,1.0,8.0,0,True,0,0
481-1521-1521-1981-153,16.059307,1.0,16.059307,2025-01-18 06:47:55.732072+00:00,2025-01-18 06:47:55.732072+00:00,1.0,6278.0,1.0,6278.0,2025-01-18 08:27:20.309120+00:00,2025-01-18 08:27:20.309120+00:00,1.0,1.9,1,1.9,1,2025-07-18 16:31:15.455653+00:00,2025-07-18 16:31:15.455653+00:00,0.0025580291494106404,390.92595963200654,1.6568269577777779,177.46718460516385,2.0,3.0,0,False,0,0
481-1531-1521-1561-1100,10.35,1.0,10.35,2025-03-12 11:23:39.518631+00:00,2025-03-12 11:23:39.518631+00:00,1.0,10900.0,3.0,3633.3333333333335,2025-03-12 12:07:55.347009+00:00,2025-03-12 12:42:25.133353+00:00,1.0,14.297453333333333,1,14.297453333333333,1,2025-03-11 14:26:07.157626+00:00,2025-03-11 14:26:07.157626+00:00,0.0009495412844036697,1053.1400966183576,0.737730105,2072.0946859903383,2.0,5.0,0,False,0,0
481-1531-1521-1571-1101,0.00154293,1.0,0.00154293,2025-01-17 19:11:25.794552+00:00,2025-01-17 19:11:25.794552+00:00,1.0,210568.0,7.0,30081.14285714286,2025-01-17 18:59:58.045383+00:00,2025-04-01 10:54:48.662222+00:00,1.0,200.45905333333332,8,25.057381666666664,2,2024-11-28 16:33:51.356971+00:00,2024-12-10 13:39:51.752016+00:00,7.327466661601004e-09,136472814.70967573,-0.19104143583333336,194881543.55673942,2.0,16.0,0,True,0,0
481-1531-1521-1571-1102,0.0,0.0,0.0,0,0,0.0,21018.0,1.0,21018.0,2025-01-17 19:50:34.942134+00:00,2025-01-17 19:50:34.942134+00:00,1.0,22.58112666666667,1,22.58112666666667,1,2024-12-02 11:26:49.781502+00:00,2024-12-02 11:26:49.781502+00:00,0.0,0.0,999.0,0.0,1.0,2.0,0,False,0,0
481-1531-1521-1971-1100,0.00048683,1.0,0.00048683,2025-01-17 15:22:30.217391+00:00,2025-01-17 15:22:30.217391+00:00,1.0,166962.0,9.0,18551.333333333332,2025-01-17 15:14:21.062172+00:00,2025-03-12 17:15:18.338135+00:00,1.0,152.37382,7,21.76768857142857,1,2024-11-28 16:40:51.344748+00:00,2024-12-10 13:30:51.819716+00:00,2.915813179046729e-09,342957500.56487894,-0.1358764497222222,469487767.80395615,2.0,17.0,0,True,0,0
481-1531-1521-1971-152,7147.7724610000005,4.0,1786.9431152500001,2025-01-18 08:48:14.926941+00:00,2025-03-12 17:41:55.293216+00:00,3.0,23157.0,3.0,7719.0,2025-01-18 08:56:23.872594+00:00,2025-03-12 17:38:10.623474+00:00,2.0,10.212333333333333,1,10.212333333333333,1,2025-03-11 14:28:17.998743+00:00,2025-03-11 14:28:17.998743+00:00,0.3086657365375481,3.239750583325123,0.13581823694444445,2.1431152269579776,5.0,8.0,0,False,0,0
481-1531-1521-1981-157,0.0,0.0,0.0,0,0,0.0,150000.0,2.0,75000.0,2025-01-17 16:27:16.213796+00:00,2025-01-18 12:42:07.230728+00:00,1.0,41.331340000000004,1,41.331340000000004,1,2024-12-08 17:30:57.013919+00:00,2024-12-08 17:30:57.013919+00:00,0.0,0.0,999.0,0.0,1.0,3.0,0,False,0,0
481-1541-1521-1561-1102,0.0,0.0,0.0,0,0,0.0,108800.0,2.0,54400.0,2025-03-12 17:30:40.098836+00:00,2025-04-01 11:36:33.298016+00:00,1.0,208.34661333333332,2,104.17330666666666,2,2024-11-28 16:27:58.531105+00:00,2024-12-09 12:19:41.889716+00:00,0.0,0.0,999.0,0.0,1.0,4.0,0,True,0,0
481-1541-1521-1561-156,199.0,1.0,199.0,2025-01-17 18:54:29.581855+00:00,2025-01-17 18:54:29.581855+00:00,1.0,325590.0,1.0,325590.0,2025-01-17 20:26:38.328874+00:00,2025-01-17 20:26:38.328874+00:00,1.0,5.3392,4,1.3348,1,2024-11-27 21:01:25.982449+00:00,2024-11-27 21:12:46.099386+00:00,0.0006111981326207808,1636.1306532663316,1.5357630608333335,40.24522613065327,2.0,6.0,0,True,0,0
481-1541-1521-1981-1101,0.00286241,1.0,0.00286241,2025-01-17 21:30:06.125376+00:00,2025-01-17 21:30:06.125376+00:00,1.0,484100.0,3.0,161366.66666666666,2025-01-17 21:47:29.697484+00:00,2025-03-12 15:08:46.787742+00:00,1.0,49.467553333333335,2,24.733776666666667,1,2024-12-05 04:18:35.827062+00:00,2024-12-05 04:33:47.976630+00:00,5.912848585003099e-09,169123221.341457,0.28988114111111113,25922677.044867784,2.0,6.0,0,True,0,0
481-1541-1521-1981-197,7.0,1.0,7.0,2025-03-12 15:36:02.135577+00:00,2025-03-12 15:36:02.135577+00:00,1.0,0.0,0.0,0.0,0,0,0.0,10.233986666666667,1,10.233986666666667,1,2024-11-28 16:34:06.425610+00:00,2024-11-28 16:34:06.425610+00:00,999.0,0.0,999.0,2192.9971428571425,1.0,2.0,0,False,0,0
481-1551-1521-1561-151,0.01394766,2.0,0.00697383,2025-01-17 18:32:59.425384+00:00,2025-01-17 22:18:07.189427+00:00,1.0,1248987.0,19.0,65736.15789473684,2025-01-17 14:49:29.385440+00:00,2025-01-18 10:20:37.369937+00:00,1.0,5.28076,1,5.28076,1,2025-03-11 18:41:52.357526+00:00,2025-03-11 18:41:52.357526+00:00,1.1167177880954726e-08,89548139.25776796,-3.7250110955555558,567918.9197327724,2.0,22.0,0,False,0,0
481-1551-1521-1561-153,58.59297928,3.0,19.530993093333333,2025-01-17 14:48:53.430208+00:00,2025-03-12 14:26:22.333965+00:00,1.0,98351.0,3.0,32783.666666666664,2025-01-17 15:16:34.443812+00:00,2025-03-12 14:28:34.988813+00:00,1.0,26.27189333333333,2,13.135946666666666,1,2024-11-29 11:34:15.606203+00:00,2024-12-02 11:23:38.147197+00:00,0.0005957537725086679,1678.5458122893388,0.46139266777777777,672.5693160554371,2.0,8.0,0,True,0,0
481-1551-1521-1561-157,0.0058342,2.0,0.0029171,2025-01-18 00:11:45.373380+00:00,2025-03-12 15:20:14.317283+00:00,1.0,924400.0,2.0,462200.0,2025-01-18 00:45:47.439561+00:00,2025-03-12 17:00:18.919015+00:00,1.0,3132.441233333333,1,3132.441233333333,1,2024-12-05 04:30:32.477346+00:00,2024-12-05 04:30:32.477346+00:00,6.3113370835136305e-09,158445031.02396214,0.5672406058333334,805365234.3080455,2.0,5.0,0,False,0,0
481-1551-1521-1971-1100,0.10337007,1.0,0.10337007,2025-01-17 18:35:34.697739+00:00,2025-01-17 18:35:34.697739+00:00,1.0,567300.0,1.0,567300.0,2025-01-17 18:51:22.733429+00:00,2025-01-17 18:51:22.733429+00:00,1.0,122.01099333333332,2,61.00549666666666,2,2024-11-30 06:25:29.328571+00:00,2024-12-06 13:39:59.862554+00:00,1.8221411951348493e-07,5488048.910095544,0.26334324722222224,1770497.882027167,2.0,4.0,0,True,0,0
481-1551-1521-1981-1100,0.0,0.0,0.0,0,0,0.0,14817.0,2.0,7408.5,2025-01-17 19:11:56.520309+00:00,2025-03-12 16:36:12.499668+00:00,1.0,78.6822,2,39.3411,1,2024-11-29 11:45:05.118838+00:00,2024-12-03 18:17:46.492012+00:00,0.0,0.0,999.0,0.0,1.0,4.0,0,True,0,0
481-1551-1521-1981-155,0.00033367,1.0,0.00033367,2025-01-17 19:10:43.671588+00:00,2025-01-17 19:10:43.671588+00:00,1.0,60000.0,2.0,30000.0,2025-01-17 17:16:31.315732+00:00,2025-01-17 19:09:45.410671+00:00,1.0,6.027566666666667,1,6.027566666666667,1,2024-12-09 23:21:37.361800+00:00,2024-12-09 23:21:37.361800+00:00,5.5611666666666664e-09,179818383.43273294,-1.9034321822222222,27096682.350825667,2.0,4.0,0,False,0,0
481-1551-1521-1981-157,0.00700677,2.0,0.003503385,2025-01-18 00:12:05.381376+00:00,2025-01-18 04:45:14.232941+00:00,1.0,900700.0006200001,11.0,81881.81823818182,2025-01-17 15:19:37.409301+00:00,2025-01-18 12:47:34.406427+00:00,2.0,637.8002866666667,1,637.8002866666667,1,2024-12-03 18:46:25.341409+00:00,2024-12-03 18:46:25.341409+00:00,7.779249467277522e-09,128547105.24535558,-8.874436687500001,136539436.85892358,3.0,14.0,0,False,0,0
481-1561-1521-1561-154,0.0,0.0,0.0,0,0,0.0,27000.0,1.0,27000.0,2025-05-08 15:19:37.268387+00:00,2025-05-08 15:19:37.268387+00:00,1.0,2454.75006,2,1227.37503,2,2024-12-06 13:28:11.164917+00:00,2024-12-06 13:28:31.914044+00:00,0.0,0.0,999.0,0.0,1.0,3.0,0,False,0,0
481-1561-1521-1571-149,0.00614695,1.0,0.00614695,2025-01-18 01:57:05.919700+00:00,2025-01-18 01:57:05.919700+00:00,1.0,249980.0,1.0,249980.0,2025-01-18 10:41:57.424639+00:00,2025-01-18 10:41:57.424639+00:00,1.0,3003.056246666667,5,600.6112493333334,3,2024-12-02 11:21:26.470415+00:00,2024-12-07 20:46:26.230217+00:00,2.458976718137451e-08,40667322.81863363,8.747640260833332,732816172.2480254,2.0,7.0,0,False,0,0
481-1561-1521-1571-151,0.0,0.0,0.0,0,0,0.0,20166.0,1.0,20166.0,2025-01-18 12:00:00.737444+00:00,2025-01-18 12:00:00.737444+00:00,1.0,92.32668666666666,1,92.32668666666666,1,2024-12-07 07:26:03.609800+00:00,2024-12-07 07:26:03.609800+00:00,0.0,0.0,999.0,0.0,1.0,2.0,0,False,0,0
481-1561-1521-1981-150,0.0,0.0,0.0,0,0,0.0,2869411.0,1.0,2869411.0,2025-01-18 03:00:00.546849+00:00,2025-01-18 03:00:00.546849+00:00,1.0,10.310106666666666,1,10.310106666666666,1,2024-12-09 12:05:10.084730+00:00,2024-12-09 12:05:10.084730+00:00,0.0,0.0,999.0,0.0,1.0,2.0,0,False,0,0
481-1561-1521-1981-153,0.00026159,1.0,0.00026159,2025-01-17 19:11:29.724459+00:00,2025-01-17 19:11:29.724459+00:00,1.0,32000.0,2.0,16000.0,2025-01-18 07:57:16.676249+00:00,2025-01-18 07:57:22.296219+00:00,1.0,115.24185333333335,2,57.620926666666676,1,2024-11-27 21:12:37.348138+00:00,2024-12-05 17:56:16.446279+00:00,8.1746875e-09,122328835.20012231,12.763042163888889,660815703.964219,2.0,5.0,0,True,0,0
481-1561-1521-1981-198,0.0,0.0,0.0,0,0,0.0,390000.0,7.0,55714.28571428572,2025-01-17 16:55:46.524158+00:00,2025-01-17 20:58:58.545900+00:00,1.0,877.8854,2,438.9427,1,2024-12-03 01:57:05.083830+00:00,2024-12-03 03:36:05.784144+00:00,0.0,0.0,999.0,0.0,1.0,9.0,0,False,0,0
481-1561-1521-1981-199,0.0,0.0,0.0,0,0,0.0,100000.0,2.0,50000.0,2025-01-18 11:47:28.384681+00:00,2025-01-18 12:24:14.804364+00:00,1.0,66.7631,1,66.7631,1,2024-11-29 12:11:45.404724+00:00,2024-11-29 12:11:45.404724+00:00,0.0,0.0,999.0,0.0,1.0,3.0,0,False,0,0
481-1571-1521-1971-1101,0.00753926,2.0,0.00376963,2025-01-17 16:43:41.658357+00:00,2025-03-12 17:01:55.621159+00:00,1.0,58904.0,2.0,29452.0,2025-01-17 16:27:06.297469+00:00,2025-01-18 03:41:13.845144+00:00,1.0,13.6751,1,13.6751,1,2024-12-04 12:48:43.142226+00:00,2024-12-04 12:48:43.142226+00:00,1.279923264973516e-07,7812968.381512244,-0.27648913555555554,2720777.636001412,2.0,5.0,0,False,0,0
481-1571-1521-1981-150,23.0,1.0,23.0,2025-01-18 09:36:04.337677+00:00,2025-01-18 09:36:04.337677+00:00,1.0,10180.0,1.0,10180.0,2025-01-18 10:56:31.601386+00:00,2025-01-18 10:56:31.601386+00:00,1.0,13.978113333333333,1,13.978113333333333,1,2024-11-29 11:34:03.216981+00:00,2024-11-29 11:34:03.216981+00:00,0.0022593320235756386,442.60869565217394,1.3409065858333333,911.6160869565217,2.0,3.0,0,False,0,0
481-1571-1521-1981-151,0.26321885,1.0,0.26321885,2025-03-12 11:41:10.146388+00:00,2025-03-12 11:41:10.146388+00:00,1.0,50022.0,1.0,50022.0,2025-03-12 12:05:50.975110+00:00,2025-03-12 12:05:50.975110+00:00,1.0,7.94908,1,7.94908,1,2025-07-18 15:29:05.501913+00:00,2025-07-18 15:29:05.501913+00:00,5.262061692855144e-06,190039.58113182243,0.41134131166666665,45299.263331634495,2.0,3.0,0,False,0,0
481-1971-1521-1561-149,0.0,0.0,0.0,0,0,0.0,10000.0,1.0,10000.0,2025-01-17 17:17:06.412423+00:00,2025-01-17 17:17:06.412423+00:00,1.0,4.795593333333334,2,2.397796666666667,2,2024-12-04 12:18:19.985429+00:00,2024-12-10 13:22:51.041662+00:00,0.0,0.0,999.0,0.0,1.0,3.0,0,True,0,0
481-1971-1521-1561-199,0.0,0.0,0.0,0,0,0.0,49000.0,1.0,49000.0,2025-01-17 15:09:36.964913+00:00,2025-01-17 15:09:36.964913+00:00,1.0,80.34284,1,80.34284,1,2024-11-28 16:15:20.705200+00:00,2024-11-28 16:15:20.705200+00:00,0.0,0.0,999.0,0.0,1.0,2.0,0,False,0,0
481-1971-1521-1571-198,0.00137558,1.0,0.00137558,2025-01-17 16:31:56.038283+00:00,2025-01-17 16:31:56.038283+00:00,1.0,231331.0,1.0,231331.0,2025-01-17 17:40:49.797094+00:00,2025-01-17 17:40:49.797094+00:00,1.0,211.49309333333335,1,211.49309333333335,1,2024-12-10 13:42:25.028354+00:00,2024-12-10 13:42:25.028354+00:00,5.946371217000748e-09,168169790.1975894,1.1482663363888888,230622457.43613607,2.0,3.0,0,False,0,0
481-1971-1521-1971-154,20900.0,2.0,10450.0,2025-01-18 10:23:30.391368+00:00,2025-03-12 13:29:40.143338+00:00,1.0,0.018228,3.0,0.006076000000000001,2025-01-18 10:25:45.681611+00:00,2025-03-12 16:20:08.061670+00:00,1.0,68.54967333333333,4,17.137418333333333,1,2024-12-01 16:26:09.704850+00:00,2024-12-05 05:50:14.883089+00:00,1146587.6673249945,8.721531100478469e-07,0.037580623055555554,4.919833014354067,2.0,9.0,0,True,0,0
481-1971-1521-1971-198,0.0,0.0,0.0,0,0,0.0,14020.0,1.0,14020.0,2025-01-18 10:00:07.176000+00:00,2025-01-18 10:00:07.176000+00:00,1.0,26.695833333333333,1,26.695833333333333,1,2024-12-06 13:41:08.141147+00:00,2024-12-06 13:41:08.141147+00:00,0.0,0.0,999.0,0.0,1.0,2.0,0,False,0,0
481-1981-1521-1561-152,0.0,0.0,0.0,0,0,0.0,50059.0,1.0,50059.0,2025-01-18 04:00:01.677147+00:00,2025-01-18 04:00:01.677147+00:00,1.0,23.30965333333333,3,7.769884444444443,1,2024-11-29 12:22:39.200936+00:00,2024-11-30 19:41:35.702459+00:00,0.0,0.0,999.0,0.0,1.0,4.0,0,True,0,0
481-1981-1521-1561-156,0.0,0.0,0.0,0,0,0.0,8000.0,1.0,8000.0,2025-03-12 17:39:06.048893+00:00,2025-03-12 17:39:06.048893+00:00,1.0,26.880786666666665,2,13.440393333333333,2,2025-03-11 17:31:50.503466+00:00,2025-03-11 17:32:14.576033+00:00,0.0,0.0,999.0,0.0,1.0,3.0,0,True,0,0
481-1981-1521-1971-150,10000.0,1.0,10000.0,2025-01-18 08:30:53.082953+00:00,2025-01-18 08:30:53.082953+00:00,1.0,0.0,0.0,0.0,0,0,0.0,166.60910666666666,5,33.32182133333333,5,2024-12-04 12:00:38.256822+00:00,2024-12-04 12:06:46.966534+00:00,999.0,0.0,999.0,24.991366,1.0,6.0,0,True,0,0
481-1981-1521-1971-152,0.0,0.0,0.0,0,0,0.0,11000.0,1.0,11000.0,2025-01-18 07:43:45.099299+00:00,2025-01-18 07:43:45.099299+00:00,1.0,56.66656,1,56.66656,1,2024-12-04 12:36:29.954811+00:00,2024-12-04 12:36:29.954811+00:00,0.0,0.0,999.0,0.0,1.0,2.0,0,False,0,0
481-1991-1521-1561-197,0.0,0.0,0.0,0,0,0.0,71334.0,6.0,11889.0,2025-01-17 15:49:03.660464+00:00,2025-04-01 11:22:18.261852+00:00,1.0,91.62273333333333,6,15.270455555555555,2,2024-11-29 11:51:28.962152+00:00,2024-12-10 20:03:30.229503+00:00,0.0,0.0,999.0,0.0,1.0,12.0,0,True,0,0
481-1991-1521-1571-151,0.0,0.0,0.0,0,0,0.0,98194.0,1.0,98194.0,2025-03-12 11:22:20.794364+00:00,2025-03-12 11:22:20.794364+00:00,1.0,67.38771333333334,1,67.38771333333334,1,2024-12-07 21:21:14.028802+00:00,2024-12-07 21:21:14.028802+00:00,0.0,0.0,999.0,0.0,1.0,2.0,0,False,0,0
481-1991-1521-1981-1101,45.0,2.0,22.5,2025-03-12 11:42:56.005291+00:00,2025-03-12 15:50:56.774272+00:00,1.0,45000.0,2.0,22500.0,2025-03-12 15:05:45.624294+00:00,2025-05-08 15:19:45.598773+00:00,1.0,154.95410666666666,3,51.65136888888889,1,2024-11-29 11:45:34.045485+00:00,2024-12-11 07:50:10.431470+00:00,0.001,1000.0,3.3804497230555555,5165.136888888889,2.0,7.0,0,True,0,0
491-11001-1521-1571-150,424150.0,1.0,424150.0,2025-01-17 17:34:17.695796+00:00,2025-01-17 17:34:17.695796+00:00,1.0,26.68,1.0,26.68,2025-01-18 11:45:42.342826+00:00,2025-01-18 11:45:42.342826+00:00,1.0,8.924673333333335,2,4.462336666666667,2,2024-12-08 17:11:49.642871+00:00,2024-12-08 17:11:59.165625+00:00,15897.67616191904,6.290227513851232e-05,18.190179730555556,0.03156197100082519,2.0,4.0,0,True,0,0
491-11001-1521-1571-156,0.0,0.0,0.0,0,0,0.0,60000.0,2.0,30000.0,2025-01-18 07:40:03.949989+00:00,2025-01-18 07:41:34.181320+00:00,1.0,93.29654666666667,1,93.29654666666667,1,2024-12-01 16:03:00.389706+00:00,2024-12-01 16:03:00.389706+00:00,0.0,0.0,999.0,0.0,1.0,3.0,0,False,0,0
491-11001-1521-1971-149,0.0002386,1.0,0.0002386,2025-01-17 19:25:51.978306+00:00,2025-01-17 19:25:51.978306+00:00,1.0,26400.0,2.0,13200.0,2025-01-17 18:26:30.274877+00:00,2025-01-18 11:29:47.752136+00:00,1.0,14.665726666666666,1,14.665726666666666,1,2024-11-30 18:43:03.570181+00:00,2024-11-30 18:43:03.570181+00:00,9.037878787878787e-09,110645431.68482816,-0.9893620636111111,92198616.93210393,2.0,4.0,0,False,0,0
491-11001-1521-1971-153,0.0,0.0,0.0,0,0,0.0,57.0,1.0,57.0,2025-01-18 08:38:53.637236+00:00,2025-01-18 08:38:53.637236+00:00,1.0,585.057,1,585.057,1,2024-12-10 00:03:05.710953+00:00,2024-12-10 00:03:05.710953+00:00,0.0,0.0,999.0,0.0,1.0,2.0,0,False,0,0
491-11001-1521-1981-151,0.0,0.0,0.0,0,0,0.0,300000.0,1.0,300000.0,2025-01-17 20:21:31.115368+00:00,2025-01-17 20:21:31.115368+00:00,1.0,4929.556006666667,1,4929.556006666667,1,2024-11-30 06:09:27.910001+00:00,2024-11-30 06:09:27.910001+00:00,0.0,0.0,999.0,0.0,1.0,2.0,0,False,0,0
491-11001-1521-1981-152,0.0,0.0,0.0,0,0,0.0,50000.0,5.0,10000.0,2025-03-12 11:44:49.353871+00:00,2025-04-01 12:24:07.849206+00:00,1.0,31.991573333333335,3,10.663857777777778,2,2024-12-09 12:06:03.182343+00:00,2025-03-11 17:35:30.555858+00:00,0.0,0.0,999.0,0.0,1.0,8.0,0,True,0,0
491-11001-1521-1981-156,0.0,0.0,0.0,0,0,0.0,79929.0,3.0,26643.0,2025-01-18 10:10:11.825453+00:00,2025-03-12 12:23:25.857644+00:00,1.0,3.960706666666667,1,3.960706666666667,1,2024-11-30 18:48:40.610449+00:00,2024-11-30 18:48:40.610449+00:00,0.0,0.0,999.0,0.0,1.0,4.0,0,False,0,0
491-11011-1521-1561-1102,0.0,0.0,0.0,0,0,0.0,10.0,1.0,10.0,2025-03-12 15:21:50.524508+00:00,2025-03-12 15:21:50.524508+00:00,1.0,1.7948733333333333,1,1.7948733333333333,1,2024-12-02 11:37:00.702717+00:00,2024-12-02 11:37:00.702717+00:00,0.0,0.0,999.0,0.0,1.0,2.0,0,False,0,0
491-11011-1521-1561-149,0.0,0.0,0.0,0,0,0.0,27987.0,1.0,27987.0,2025-01-18 09:16:45.134146+00:00,2025-01-18 09:16:45.134146+00:00,1.0,533.2647133333332,1,533.2647133333332,1,2024-12-02 11:44:53.091554+00:00,2024-12-02 11:44:53.091554+00:00,0.0,0.0,999.0,0.0,1.0,2.0,0,False,0,0
491-11011-1521-1561-152,0.00027029,1.0,0.00027029,2025-01-18 05:23:25.706794+00:00,2025-01-18 05:23:25.706794+00:00,1.0,44925.0,1.0,44925.0,2025-01-18 09:30:28.195365+00:00,2025-01-18 09:30:28.195365+00:00,1.0,51.868546666666674,1,51.868546666666674,1,2024-12-05 17:59:47.777634+00:00,2024-12-05 17:59:47.777634+00:00,6.0164718976071234e-09,166210366.64323503,4.117357936388889,287849420.9922676,2.0,3.0,0,False,0,0
491-11011-1521-1571-1101,0.0,0.0,0.0,0,0,0.0,79700.0,8.0,9962.5,2025-01-17 15:42:41.214969+00:00,2025-01-18 11:57:13.790875+00:00,1.0,283.0000866666667,1,283.0000866666667,1,2024-11-27 21:11:51.755805+00:00,2024-11-27 21:11:51.755805+00:00,0.0,0.0,999.0,0.0,1.0,9.0,0,False,0,0
491-11021-1521-1561-148,2.231267,1.0,2.231267,2025-01-17 16:21:21.546713+00:00,2025-01-17 16:21:21.546713+00:00,1.0,11433.0,1.0,11433.0,2025-01-17 18:09:17.812829+00:00,2025-01-17 18:09:17.812829+00:00,1.0,25.26894,1,25.26894,1,2024-12-03 18:16:10.249009+00:00,2024-12-03 18:16:10.249009+00:00,0.00019516023790781072,5123.994573486723,1.79896281,16987.393261317447,2.0,3.0,0,False,0,0
491-11021-1521-1561-151,51.631875,1.0,51.631875,2025-01-17 18:40:54.488506+00:00,2025-01-17 18:40:54.488506+00:00,1.0,0.0,0.0,0.0,0,0,0.0,24.04524,2,12.02262,1,2024-12-03 18:39:03.875979+00:00,2024-12-06 12:53:54.715683+00:00,999.0,0.0,999.0,698.5580128554309,1.0,3.0,0,True,0,0
491-11021-1521-1571-1100,7.44719715,3.0,2.48239905,2025-01-17 15:42:11.434183+00:00,2025-01-18 08:28:35.353139+00:00,2.0,166939.0,9.0,18548.777777777777,2025-01-17 15:54:16.066136+00:00,2025-01-18 10:30:54.784840+00:00,1.0,127.48336666666667,2,63.741683333333334,1,2024-11-28 16:11:37.293124+00:00,2024-12-04 12:10:42.998409+00:00,4.461028968665201e-05,22416.35297650204,0.2012866536111111,25677.45235534687,3.0,14.0,0,True,0,0
491-11021-1521-1571-199,0.00029498,1.0,0.00029498,2025-01-18 01:46:57.403249+00:00,2025-01-18 01:46:57.403249+00:00,1.0,30812.0,3.0,10270.666666666666,2025-01-17 18:14:55.363646+00:00,2025-01-18 12:47:27.120513+00:00,1.0,25.089566666666663,4,6.272391666666666,1,2024-11-28 16:22:06.446811+00:00,2024-12-10 13:39:47.816391+00:00,9.573542775541998e-09,104454539.29079936,-7.533899889722223,127582717.47237098,2.0,8.0,0,True,0,0
491-11021-1521-1971-156,0.0,0.0,0.0,0,0,0.0,130000.0,6.0,21666.666666666668,2025-01-17 15:52:37.911721+00:00,2025-01-18 08:13:46.736696+00:00,1.0,491.7365533333333,7,70.24807904761904,3,2024-11-30 19:13:52.956701+00:00,2024-12-05 04:24:33.319854+00:00,0.0,0.0,999.0,0.0,1.0,13.0,0,True,0,0
491-11021-1521-1971-198,0.2984655,1.0,0.2984655,2025-01-18 00:23:00.784110+00:00,2025-01-18 00:23:00.784110+00:00,1.0,105153.0,1.0,105153.0,2025-01-18 00:31:21.658828+00:00,2025-01-18 00:31:21.658828+00:00,1.0,21.757513333333332,1,21.757513333333332,1,2024-12-07 07:34:43.703497+00:00,2024-12-07 07:34:43.703497+00:00,2.8383926278850815e-06,352312.0762701217,0.1391318661111111,109346.87593708484,2.0,3.0,0,False,0,0
491-11021-1521-1981-1101,0.00108683,1.0,0.00108683,2025-01-17 17:55:09.828644+00:00,2025-01-17 17:55:09.828644+00:00,1.0,181985.0,1.0,181985.0,2025-01-17 18:18:59.186993+00:00,2025-01-17 18:18:59.186993+00:00,1.0,155.7757,1,155.7757,1,2024-12-11 13:15:51.583358+00:00,2024-12-11 13:15:51.583358+00:00,5.972085611451493e-09,167445690.67839497,0.39704398583333333,214995491.47520772,2.0,3.0,0,False,0,0
491-11021-1521-1981-197,0.0,0.0,0.0,0,0,0.0,1800000.0,1.0,1800000.0,2025-03-12 15:13:39.291199+00:00,2025-03-12 15:13:39.291199+00:00,1.0,8.61632,1,8.61632,1,2024-12-05 05:43:19.792028+00:00,2024-12-05 05:43:19.792028+00:00,0.0,0.0,999.0,0.0,1.0,2.0,0,False,0,0
491-1481-1521-1561-156,0.0,0.0,0.0,0,0,0.0,100000.0,2.0,50000.0,2025-01-17 22:13:29.126357+00:00,2025-01-18 08:33:41.615200+00:00,1.0,107.89533333333334,1,107.89533333333334,1,2024-12-10 13:36:53.412527+00:00,2024-12-10 13:36:53.412527+00:00,0.0,0.0,999.0,0.0,1.0,3.0,0,False,0,0
491-1481-1521-1571-156,0.0,0.0,0.0,0,0,0.0,10000.0,1.0,10000.0,2025-03-12 17:14:46.477763+00:00,2025-03-12 17:14:46.477763+00:00,1.0,10.000313333333333,1,10.000313333333333,1,2024-12-02 11:38:35.202172+00:00,2024-12-02 11:38:35.202172+00:00,0.0,0.0,999.0,0.0,1.0,2.0,0,False,0,0
491-1481-1521-1571-197,0.00213,1.0,0.00213,2025-01-18 07:53:24.302904+00:00,2025-01-18 07:53:24.302904+00:00,1.0,2391.0,1.0,2391.0,2025-01-18 08:00:26.586722+00:00,2025-01-18 08:00:26.586722+00:00,1.0,0.96524,1,0.96524,1,2024-12-06 12:58:46.398561+00:00,2024-12-06 12:58:46.398561+00:00,8.90840652446675e-07,1122535.2112676057,0.11730106055555556,679746.4788732395,2.0,3.0,0,False,0,0
491-1481-1521-1981-1100,14.0,1.0,14.0,2025-01-18 07:03:09.935528+00:00,2025-01-18 07:03:09.935528+00:00,1.0,5449.0,1.0,5449.0,2025-01-18 07:21:13.285295+00:00,2025-01-18 07:21:13.285295+00:00,1.0,8.055193333333333,2,4.027596666666667,1,2024-11-28 16:09:29.149574+00:00,2024-12-11 15:02:33.707628+00:00,0.002569278766746192,389.2142857142857,0.3009304908333333,863.0564285714285,2.0,4.0,0,True,0,0
491-1491-1521-1561-151,0.03388058,1.0,0.03388058,2025-03-12 14:29:49.759644+00:00,2025-03-12 14:29:49.759644+00:00,1.0,239156.0,6.0,39859.333333333336,2025-01-17 20:01:24.565618+00:00,2025-03-12 17:13:40.297332+00:00,1.0,7.6517333333333335,3,2.550577777777778,2,2024-12-04 12:19:08.931669+00:00,2024-12-10 13:35:30.477942+00:00,1.416672799344361e-07,7058792.972257264,-1290.4736650072223,338766.33753023116,2.0,10.0,0,True,0,0
491-1491-1521-1561-152,0.0,0.0,0.0,0,0,0.0,15618.0,1.0,15618.0,2025-03-12 13:00:01.904303+00:00,2025-03-12 13:00:01.904303+00:00,1.0,90.1265,2,45.06325,1,2024-11-28 16:28:31.976796+00:00,2024-11-29 11:29:24.798410+00:00,0.0,0.0,999.0,0.0,1.0,3.0,0,True,0,0
491-1491-1521-1981-153,0.0084902,2.0,0.0042451,2025-01-17 16:44:27.489956+00:00,2025-03-12 16:24:37.674677+00:00,1.0,1320000.0,10.0,132000.0,2025-01-17 16:48:46.898049+00:00,2025-03-12 17:34:38.676631+00:00,1.0,138.65423333333334,1,138.65423333333334,1,2024-12-01 16:43:22.952129+00:00,2024-12-01 16:43:22.952129+00:00,6.431969696969697e-09,155473369.29636523,0.07205780361111111,24496637.29947469,2.0,13.0,0,False,0,0
491-1491-1521-1981-156,33.895114,3.0,11.298371333333334,2025-01-17 15:39:58.389005+00:00,2025-03-12 14:31:00.669535+00:00,1.0,54516.0,3.0,18172.0,2025-01-17 17:03:42.128130+00:00,2025-03-12 14:41:38.832042+00:00,1.0,3.3499266666666667,1,3.3499266666666667,1,2024-12-07 21:44:45.769286+00:00,2024-12-07 21:44:45.769286+00:00,0.0006217461662631154,1608.3734074474569,1.3954830902777777,148.2482106418052,2.0,7.0,0,False,0,0
491-1501-1521-1561-150,0.0,0.0,0.0,0,0,0.0,50000.0,1.0,50000.0,2025-03-12 11:52:55.553665+00:00,2025-03-12 11:52:55.553665+00:00,1.0,210.9674,1,210.9674,1,2024-12-03 18:03:39.687733+00:00,2024-12-03 18:03:39.687733+00:00,0.0,0.0,999.0,0.0,1.0,2.0,0,False,0,0
491-1501-1521-1561-157,0.0,0.0,0.0,0,0,0.0,245000.0,4.0,61250.0,2025-03-12 11:31:34.101521+00:00,2025-03-12 23:44:08.827411+00:00,1.0,63.75602666666667,3,21.25200888888889,2,2024-11-30 06:21:55.861759+00:00,2024-12-03 18:32:15.361986+00:00,0.0,0.0,999.0,0.0,1.0,7.0,0,True,0,0
491-1501-1521-1571-157,0.0,0.0,0.0,0,0,0.0,31700.0,3.0,10566.666666666666,2025-01-17 19:18:27.118619+00:00,2025-04-01 11:18:13.083319+00:00,1.0,6.5985,2,3.29925,1,2024-12-06 13:26:30.320565+00:00,2024-12-07 20:44:25.154454+00:00,0.0,0.0,999.0,0.0,1.0,5.0,0,True,0,0
491-1511-1521-1561-1100,0.0,0.0,0.0,0,0,0.0,226100.0,8.0,28262.5,2025-01-17 15:07:32.090292+00:00,2025-01-18 06:59:09.084176+00:00,1.0,66.66014666666666,1,66.66014666666666,1,2024-11-28 16:00:10.453253+00:00,2024-11-28 16:00:10.453253+00:00,0.0,0.0,999.0,0.0,1.0,9.0,0,False,0,0
491-1511-1521-1561-157,140.07,4.0,35.0175,2025-01-17 23:46:21.871959+00:00,2025-01-17 23:48:55.750704+00:00,4.0,0.0,0.0,0.0,0,0,0.0,113.89314666666667,2,56.94657333333333,2,2024-11-27 21:03:40.125936+00:00,2024-12-05 17:48:57.996921+00:00,999.0,0.0,999.0,1219.6738773470408,4.0,6.0,0,True,0,0
491-1511-1521-1971-197,0.0,0.0,0.0,0,0,0.0,19898.0,2.0,9949.0,2025-01-17 17:37:56.265095+00:00,2025-01-18 11:12:01.308578+00:00,1.0,6.670306666666666,1,6.670306666666666,1,2024-12-11 13:18:26.822294+00:00,2024-12-11 13:18:26.822294+00:00,0.0,0.0,999.0,0.0,1.0,3.0,0,False,0,0
491-1511-1521-1981-197,45000.0,1.0,45000.0,2025-03-12 15:51:35.506456+00:00,2025-03-12 15:51:35.506456+00:00,1.0,15000.0,3.0,5000.0,2025-01-17 19:20:31.322503+00:00,2025-01-18 12:23:59.298302+00:00,1.0,13.328326666666667,1,13.328326666666667,1,2024-12-08 17:43:40.936922+00:00,2024-12-08 17:43:40.936922+00:00,3.0,0.3333333333333333,-1292.5178288758334,0.4442775555555556,2.0,5.0,0,False,0,0
491-1521-1521-1571-1100,0.10880337,4.0,0.0272008425,2025-01-17 14:47:50.592833+00:00,2025-01-17 23:10:08.887765+00:00,1.0,17642.0,3.0,5880.666666666667,2025-01-17 15:54:06.075947+00:00,2025-01-17 23:51:20.267386+00:00,1.0,48.178846666666665,4,12.044711666666666,1,2024-12-01 15:56:01.085366+00:00,2024-12-11 11:07:10.341307+00:00,6.167292257113706e-06,162145.71294988383,1.1043008650000001,664209.8493824226,2.0,11.0,0,True,0,0
491-1521-1521-1571-149,0.0,0.0,0.0,0,0,0.0,10472.0,2.0,5236.0,2025-01-17 19:06:56.942026+00:00,2025-01-18 08:56:15.029083+00:00,1.0,3.0864599999999998,1,3.0864599999999998,1,2024-12-07 20:56:28.999807+00:00,2024-12-07 20:56:28.999807+00:00,0.0,0.0,999.0,0.0,1.0,3.0,0,False,0,0
491-1521-1521-1971-148,99.34563265,2.0,49.672816325,2025-01-17 14:57:11.033724+00:00,2025-01-18 12:22:55.487354+00:00,2.0,295097.0,2.0,147548.5,2025-01-18 12:32:47.380524+00:00,2025-03-12 13:32:13.986425+00:00,1.0,21.5611,1,21.5611,1,2024-12-07 07:28:35.415618+00:00,2024-12-07 07:28:35.415618+00:00,0.0003366541599880717,2970.407376030737,21.593429666666665,325.5467717835304,3.0,5.0,0,False,0,0
491-1521-1521-1971-153,0.0,0.0,0.0,0,0,0.0,10000.0,1.0,10000.0,2025-03-12 12:45:58.527568+00:00,2025-03-12 12:45:58.527568+00:00,1.0,288.7893866666667,2,144.39469333333335,1,2024-11-27 21:35:51.444051+00:00,2024-12-05 05:51:04.850242+00:00,0.0,0.0,999.0,0.0,1.0,3.0,0,True,0,0
491-1521-1521-1971-197,0.00216115,1.0,0.00216115,2025-01-17 15:07:41.450339+00:00,2025-01-17 15:07:41.450339+00:00,1.0,170014.0,6.0,28335.666666666668,2025-01-17 16:40:47.290924+00:00,2025-03-12 13:29:41.880984+00:00,1.0,113.33218,2,56.66609,1,2024-11-29 11:50:41.863600+00:00,2024-11-30 18:51:50.091528+00:00,1.2711600221158258e-08,78668301.59868588,1.5516223847222221,78661023.06642295,2.0,9.0,0,True,0,0
491-1521-1521-1981-148,0.0,0.0,0.0,0,0,0.0,250000.0,2.0,125000.0,2025-01-17 19:29:39.442540+00:00,2025-03-12 13:47:34.953721+00:00,1.0,23.318246666666667,2,11.659123333333334,1,2024-12-07 08:13:45.139442+00:00,2024-12-07 21:37:34.334960+00:00,0.0,0.0,999.0,0.0,1.0,4.0,0,True,0,0
491-1521-1521-1981-157,0.0,0.0,0.0,0,0,0.0,18040.0,5.0,3608.0,2025-01-17 16:15:28.468659+00:00,2025-03-12 14:43:28.382473+00:00,1.0,167.57307333333333,7,23.939010476190475,1,2024-12-03 03:42:06.118287+00:00,2024-12-10 20:08:51.968311+00:00,0.0,0.0,999.0,0.0,1.0,12.0,0,True,0,0
491-1531-1521-1561-197,0.0,0.0,0.0,0,0,0.0,8000.0,1.0,8000.0,2025-03-12 15:38:11.306747+00:00,2025-03-12 15:38:11.306747+00:00,1.0,3.0638400000000003,1,3.0638400000000003,1,2025-03-11 18:44:00.970806+00:00,2025-03-11 18:44:00.970806+00:00,0.0,0.0,999.0,0.0,1.0,2.0,0,False,0,0
491-1531-1521-1571-1101,0.0,0.0,0.0,0,0,0.0,200598.0,4.0,50149.5,2025-01-17 19:12:13.318520+00:00,2025-01-18 01:04:18.523773+00:00,1.0,143.85757999999998,1,143.85757999999998,1,2024-11-29 12:01:33.749676+00:00,2024-11-29 12:01:33.749676+00:00,0.0,0.0,999.0,0.0,1.0,5.0,0,False,0,0
491-1531-1521-1981-157,0.91609657,3.0,0.30536552333333333,2025-01-17 20:04:36.969388+00:00,2025-03-12 17:36:19.448350+00:00,1.0,50000.0,3.0,16666.666666666668,2025-01-17 16:44:50.941537+00:00,2025-01-17 20:05:22.189451+00:00,1.0,394.81400666666667,6,65.80233444444444,3,2024-11-27 21:28:57.450910+00:00,2024-12-08 17:26:37.147125+00:00,1.83219314e-05,54579.39876360415,-3.3294521808333335,646461.333219488,2.0,12.0,0,True,0,0
491-1531-1521-1981-197,0.0004235,1.0,0.0004235,2025-01-18 10:55:01.765423+00:00,2025-01-18 10:55:01.765423+00:00,1.0,70094.0,2.0,35047.0,2025-01-18 11:16:40.455293+00:00,2025-01-18 11:16:49.270930+00:00,1.0,27.051146666666664,2,13.525573333333332,2,2024-11-27 21:45:14.391985+00:00,2024-11-29 12:16:15.889832+00:00,6.041886609410221e-09,165511216.0566706,0.3607471861111111,95812798.11097991,2.0,5.0,0,True,0,0
491-1541-1521-1561-198,0.0,0.0,0.0,0,0,0.0,10308.0,3.0,3436.0,2025-01-17 14:53:22.873047+00:00,2025-01-18 06:08:37.785398+00:00,1.0,7.207066666666667,1,7.207066666666667,1,2024-12-01 16:12:36.751849+00:00,2024-12-01 16:12:36.751849+00:00,0.0,0.0,999.0,0.0,1.0,4.0,0,False,0,0
491-1541-1521-1571-1100,0.0,0.0,0.0,0,0,0.0,70000.0,5.0,14000.0,2025-01-17 17:00:00.829480+00:00,2025-03-12 11:13:28.830467+00:00,1.0,317.1586933333333,4,79.28967333333333,3,2024-11-29 11:33:51.627947+00:00,2024-12-11 07:31:51.765682+00:00,0.0,0.0,999.0,0.0,1.0,9.0,0,True,0,0
491-1541-1521-1571-156,6872517.0,30.0,229083.9,2025-01-17 14:43:54.348204+00:00,2025-03-12 23:44:41.295598+00:00,1.0,3273750.0,2.0,1636875.0,2025-01-17 23:31:02.017826+00:00,2025-01-17 23:32:00.011380+00:00,1.0,0.8351614666666667,2,0.41758073333333334,2,2024-12-02 11:29:56.860014+00:00,2024-12-02 11:30:50.546160+00:00,2.0992797250859105,0.47635385987404616,8.78546378388889,0.00018228288122095588,2.0,34.0,0,True,0,0
491-1541-1521-1971-153,0.0,0.0,0.0,0,0,0.0,10600.0,1.0,10600.0,2025-01-18 04:00:01.942193+00:00,2025-01-18 04:00:01.942193+00:00,1.0,54.18096666666666,1,54.18096666666666,1,2024-12-05 05:26:48.785011+00:00,2024-12-05 05:26:48.785011+00:00,0.0,0.0,999.0,0.0,1.0,2.0,0,False,0,0
491-1551-1521-1571-151,0.00285994,1.0,0.00285994,2025-01-17 21:39:28.570892+00:00,2025-01-17 21:39:28.570892+00:00,1.0,480165.0,1.0,480165.0,2025-01-17 21:45:38.203608+00:00,2025-01-17 21:45:38.203608+00:00,1.0,164.1400066666667,2,82.07000333333335,1,2024-12-03 03:37:56.496947+00:00,2024-12-03 04:06:35.869483+00:00,5.95616090302292e-09,167893382.3786513,0.10267575444444445,86089222.15151368,2.0,4.0,0,True,0,0
491-1551-1521-1971-151,0.0,0.0,0.0,0,0,0.0,51000.0,1.0,51000.0,2025-01-17 16:26:36.559018+00:00,2025-01-17 16:26:36.559018+00:00,1.0,419.21474,1,419.21474,1,2024-12-09 23:06:15.953329+00:00,2024-12-09 23:06:15.953329+00:00,0.0,0.0,999.0,0.0,1.0,2.0,0,False,0,0
491-1551-1521-1971-152,63.16,1.0,63.16,2025-03-12 16:15:43.410098+00:00,2025-03-12 16:15:43.410098+00:00,1.0,7400.0,1.0,7400.0,2025-03-12 17:20:58.006832+00:00,2025-03-12 17:20:58.006832+00:00,1.0,68.56065333333333,2,34.28032666666667,1,2024-12-02 11:44:26.736346+00:00,2024-12-04 12:46:30.712986+00:00,0.008535135135135135,117.16276124129196,1.0873879816666667,1628.261241291957,2.0,4.0,0,True,0,0
491-1551-1521-1971-156,30.0,1.0,30.0,2025-01-18 04:55:16.734915+00:00,2025-01-18 04:55:16.734915+00:00,1.0,49037.0,1.0,49037.0,2025-01-18 05:06:01.881012+00:00,2025-01-18 05:06:01.881012+00:00,1.0,1483.05304,3,494.35101333333336,2,2024-12-01 16:20:20.980629+00:00,2024-12-06 12:48:29.867530+00:00,0.0006117829394130962,1634.5666666666666,0.1792072491666667,74152.652,2.0,5.0,0,False,0,0
491-1551-1521-1981-148,0.0,0.0,0.0,0,0,0.0,4959.0,1.0,4959.0,2025-01-17 14:45:09.654061+00:00,2025-01-17 14:45:09.654061+00:00,1.0,5.010366666666667,1,5.010366666666667,1,2024-12-09 11:56:41.581842+00:00,2024-12-09 11:56:41.581842+00:00,0.0,0.0,999.0,0.0,1.0,2.0,0,False,0,0
491-1551-1521-1981-150,0.0028,1.0,0.0028,2025-01-18 09:08:35.769383+00:00,2025-01-18 09:08:35.769383+00:00,1.0,0.0,0.0,0.0,0,0,0.0,89.98289333333334,2,44.99144666666667,1,2024-12-03 00:54:30.887576+00:00,2024-12-03 00:55:27.300020+00:00,999.0,0.0,999.0,48205121.42857143,1.0,3.0,0,True,0,0
491-1551-1521-1981-153,0.085,2.0,0.0425,2025-01-18 09:20:10.319456+00:00,2025-01-18 10:27:19.100924+00:00,1.0,33000.0,2.0,16500.0,2025-01-18 09:30:18.359524+00:00,2025-01-18 10:35:53.154712+00:00,1.0,3.47548,1,3.47548,1,2024-12-05 17:57:45.253880+00:00,2024-12-05 17:57:45.253880+00:00,2.575757575757576e-06,388235.29411764705,0.1689000188888889,61332.0,2.0,5.0,0,False,0,0
491-1551-1521-1981-198,0.00030642,1.0,0.00030642,2025-03-12 13:51:37.079301+00:00,2025-03-12 13:51:37.079301+00:00,1.0,94720.0,5.0,18944.0,2025-01-17 14:49:50.209297+00:00,2025-03-12 16:20:17.841801+00:00,1.0,94.96456666666667,3,31.654855555555557,1,2024-11-28 16:42:56.215962+00:00,2024-12-03 18:17:00.556257+00:00,3.235008445945946e-09,309118203.7725997,-1295.0296861122222,464874518.6345539,2.0,9.0,0,True,0,0
491-1561-1521-1571-150,0.0241445,1.0,0.0241445,2025-01-17 20:59:37.081685+00:00,2025-01-17 20:59:37.081685+00:00,1.0,1000000.0,1.0,1000000.0,2025-01-17 15:32:06.974931+00:00,2025-01-17 15:32:06.974931+00:00,1.0,680.9734066666667,3,226.9911355555556,1,2024-11-27 21:11:28.853815+00:00,2024-12-09 12:37:20.957928+00:00,2.4144499999999998e-08,41417300.0062126,-5.458362987222222,42306119.820248924,2.0,5.0,0,False,0,0
491-1561-1521-1571-153,150000.00467549,3.0,50000.00155849667,2025-01-18 07:08:12.429573+00:00,2025-03-12 15:20:09.131603+00:00,3.0,128924.0,2.0,64462.0,2025-03-12 14:09:18.685824+00:00,2025-03-12 15:27:39.302134+00:00,1.0,138.35696666666666,2,69.17848333333333,2,2024-12-01 16:04:47.789695+00:00,2024-12-05 18:08:32.863115+00:00,1.1634761927607737,0.8594933065429843,1279.0184045141666,1.3835696235408939,4.0,7.0,0,True,0,0
491-1561-1521-1971-150,0.0,0.0,0.0,0,0,0.0,10000.0,3.0,3333.3333333333335,2025-03-12 12:45:15.015334+00:00,2025-03-12 16:57:54.619035+00:00,1.0,15.181379999999999,1,15.181379999999999,1,2024-11-29 11:34:39.452010+00:00,2024-11-29 11:34:39.452010+00:00,0.0,0.0,999.0,0.0,1.0,4.0,0,False,0,0
491-1561-1521-1981-198,0.0,0.0,0.0,0,0,0.0,20000.0,2.0,10000.0,2025-01-17 14:39:06.042808+00:00,2025-01-17 14:49:04.607570+00:00,1.0,111.16008666666667,6,18.526681111111113,2,2024-12-02 11:28:39.996043+00:00,2024-12-09 12:03:33.053289+00:00,0.0,0.0,999.0,0.0,1.0,8.0,0,True,0,0
491-1571-1521-1571-150,0.0,0.0,0.0,0,0,0.0,6459.0,2.0,3229.5,2025-01-17 22:38:06.044502+00:00,2025-04-01 10:59:21.084956+00:00,1.0,11.529993333333334,3,3.843331111111111,1,2024-12-04 12:35:33.209602+00:00,2024-12-08 17:50:02.420546+00:00,0.0,0.0,999.0,0.0,1.0,5.0,0,True,0,0
491-1571-1521-1571-157,80.36729468,1.0,80.36729468,2025-01-18 07:05:56.146284+00:00,2025-01-18 07:05:56.146284+00:00,1.0,0.0,0.0,0.0,0,0,0.0,53.845119999999994,1,53.845119999999994,1,2024-12-08 18:02:38.016280+00:00,2024-12-08 18:02:38.016280+00:00,999.0,0.0,999.0,1004.9819434832816,1.0,2.0,0,False,0,0
491-1571-1521-1971-148,0.00043686,1.0,0.00043686,2025-01-17 16:31:50.704493+00:00,2025-01-17 16:31:50.704493+00:00,1.0,73487.0,1.0,73487.0,2025-01-17 17:40:39.405369+00:00,2025-01-17 17:40:39.405369+00:00,1.0,753.2496266666666,1,753.2496266666666,1,2024-12-01 16:47:34.931339+00:00,2024-12-01 16:47:34.931339+00:00,5.944724917332318e-09,168216362.2213066,1.1468613544444444,2586353614.430252,2.0,3.0,0,False,0,0
491-1571-1521-1971-149,0.0,0.0,0.0,0,0,0.0,7554.0,1.0,7554.0,2025-01-18 12:24:45.230924+00:00,2025-01-18 12:24:45.230924+00:00,1.0,43.2928,1,43.2928,1,2024-12-04 12:23:46.338118+00:00,2024-12-04 12:23:46.338118+00:00,0.0,0.0,999.0,0.0,1.0,2.0,0,False,0,0
491-1571-1521-1981-152,0.0,0.0,0.0,0,0,0.0,70500.0,1.0,70500.0,2025-03-12 11:42:06.768682+00:00,2025-03-12 11:42:06.768682+00:00,1.0,26.62978,1,26.62978,1,2024-12-05 18:22:57.646039+00:00,2024-12-05 18:22:57.646039+00:00,0.0,0.0,999.0,0.0,1.0,2.0,0,False,0,0
491-1571-1521-1981-157,0.0023444,1.0,0.0023444,2025-01-17 19:11:44.642907+00:00,2025-01-17 19:11:44.642907+00:00,1.0,380000.0,2.0,190000.0,2025-01-17 20:42:04.322876+00:00,2025-01-18 09:43:17.648871+00:00,1.0,2.969346666666667,1,2.969346666666667,1,2024-12-02 10:57:01.247405+00:00,2024-12-02 10:57:01.247405+00:00,6.169473684210526e-09,162088380.82238525,1.5054666580555556,1899854.9735540012,2.0,4.0,0,False,0,0
491-1981-1521-1561-1101,0.00752085,3.0,0.00250695,2025-01-17 17:25:34.151487+00:00,2025-03-12 15:45:53.497474+00:00,1.0,600773.0,15.0,40051.53333333333,2025-01-17 17:46:18.672146+00:00,2025-03-12 16:33:17.814018+00:00,1.0,130.66278,9,14.518086666666667,1,2024-11-28 16:30:22.311005+00:00,2025-07-18 16:31:10.032537+00:00,1.2518621842193308e-08,79880997.49363436,0.34570018305555555,26060108.897265602,2.0,27.0,0,True,0,0
491-1981-1521-1561-150,1400.0,1.0,1400.0,2025-01-18 05:26:29.719323+00:00,2025-01-18 05:26:29.719323+00:00,1.0,0.0,0.0,0.0,0,0,0.0,0.18633333333333332,1,0.18633333333333332,1,2024-12-07 07:53:46.963532+00:00,2024-12-07 07:53:46.963532+00:00,999.0,0.0,999.0,0.19964285714285712,1.0,2.0,0,False,0,0
491-1981-1521-1561-156,0.0,0.0,0.0,0,0,0.0,455000.0,2.0,227500.0,2025-01-17 15:41:30.267338+00:00,2025-01-17 16:51:24.685586+00:00,1.0,262.75877333333335,3,87.58625777777779,1,2024-11-29 12:09:47.872618+00:00,2024-12-05 18:19:16.253354+00:00,0.0,0.0,999.0,0.0,1.0,5.0,0,True,0,0
491-1981-1521-1571-155,0.0,0.0,0.0,0,0,0.0,2300000.0,2.0,1150000.0,2025-01-18 10:08:37.035009+00:00,2025-03-12 15:32:18.775961+00:00,1.0,196.79391333333334,1,196.79391333333334,1,2024-12-07 21:22:24.239021+00:00,2024-12-07 21:22:24.239021+00:00,0.0,0.0,999.0,0.0,1.0,3.0,0,False,0,0
491-1981-1521-1971-1102,0.0005144,1.0,0.0005144,2025-01-18 13:01:02.860211+00:00,2025-01-18 13:01:02.860211+00:00,1.0,0.0,0.0,0.0,0,0,0.0,87.35639333333333,3,29.118797777777775,1,2024-12-01 16:24:19.611123+00:00,2024-12-08 17:51:44.217908+00:00,999.0,0.0,999.0,254732873.2503888,1.0,4.0,0,True,0,0
491-1981-1521-1971-157,0.01732341,1.0,0.01732341,2025-01-17 20:30:39.965094+00:00,2025-01-17 20:30:39.965094+00:00,1.0,2800000.0,4.0,700000.0,2025-01-17 20:44:08.523605+00:00,2025-01-18 00:18:26.953244+00:00,1.0,2092.1465933333334,1,2092.1465933333334,1,2024-12-03 01:35:48.145503+00:00,2024-12-03 01:35:48.145503+00:00,6.186932142857143e-09,161630995.2832612,0.22459958638888888,181154858.6565809,2.0,6.0,0,False,0,0
491-1981-1521-1981-155,26.7817,1.0,26.7817,2025-01-17 23:03:28.762124+00:00,2025-01-17 23:03:28.762124+00:00,1.0,43825.0,1.0,43825.0,2025-01-17 23:11:28.983221+00:00,2025-01-17 23:11:28.983221+00:00,1.0,49.22336666666667,1,49.22336666666667,1,2024-11-28 16:32:33.991384+00:00,2024-11-28 16:32:33.991384+00:00,0.0006111055333713634,1636.378571935314,0.13339474916666666,2756.921703999373,2.0,3.0,0,False,0,0
491-1981-1521-1981-157,0.0,0.0,0.0,0,0,0.0,52800.0,8.0,6600.0,2025-01-17 16:32:00.889643+00:00,2025-05-08 15:19:12.174769+00:00,1.0,33.88328,5,6.776656,1,2024-11-28 15:54:59.247776+00:00,2025-03-11 14:27:51.540588+00:00,0.0,0.0,999.0,0.0,1.0,13.0,0,True,0,0
491-1981-1521-1981-199,0.0,0.0,0.0,0,0,0.0,12000.0,1.0,12000.0,2025-03-12 12:06:44.149069+00:00,2025-03-12 12:06:44.149069+00:00,1.0,543.9538666666667,2,271.97693333333336,2,2025-03-11 17:31:44.467601+00:00,2025-03-11 17:32:03.334953+00:00,0.0,0.0,999.0,0.0,1.0,3.0,0,False,0,0
491-1991-1521-1571-152,1670.0,1.0,1670.0,2025-05-26 12:50:36.552884+00:00,2025-05-26 12:50:36.552884+00:00,1.0,0.0,0.0,0.0,0,0,0.0,0.5856,1,0.5856,1,2024-12-04 12:08:54.803640+00:00,2024-12-04 12:08:54.803640+00:00,999.0,0.0,999.0,0.5259880239520959,1.0,2.0,0,False,0,0
491-1991-1521-1571-198,0.0,0.0,0.0,0,0,0.0,28000.0,1.0,28000.0,2025-03-12 14:38:00.275255+00:00,2025-03-12 14:38:00.275255+00:00,1.0,176.95517333333333,3,58.985057777777776,2,2024-12-01 16:42:10.517832+00:00,2024-12-05 18:18:45.550216+00:00,0.0,0.0,999.0,0.0,1.0,4.0,0,True,0,0
491-1991-1521-1981-199,11.6,1.0,11.6,2025-03-12 12:17:48.730961+00:00,2025-03-12 12:17:48.730961+00:00,1.0,189467.0,4.0,47366.75,2025-01-17 18:06:07.051715+00:00,2025-03-12 12:14:16.358690+00:00,1.0,26.648613333333333,2,13.324306666666667,1,2024-12-05 04:37:01.735081+00:00,2024-12-05 17:49:17.382070+00:00,6.122438208236791e-05,16333.362068965518,-1290.1949109016666,3445.941379310345,2.0,7.0,0,True,0,0
501-11001-1521-1561-154,0.0,0.0,0.0,0,0,0.0,320000.0,1.0,320000.0,2025-03-12 12:52:43.377617+00:00,2025-03-12 12:52:43.377617+00:00,1.0,19.928433333333334,2,9.964216666666667,1,2024-11-30 18:45:52.215423+00:00,2024-12-03 18:09:40.851318+00:00,0.0,0.0,999.0,0.0,1.0,3.0,0,True,0,0
501-11001-1521-1571-199,0.00020252,1.0,0.00020252,2025-01-18 02:02:28.811797+00:00,2025-01-18 02:02:28.811797+00:00,1.0,0.0,0.0,0.0,0,0,0.0,27.305979999999998,3,9.101993333333333,1,2024-12-03 03:46:03.614855+00:00,2024-12-08 17:31:27.635711+00:00,999.0,0.0,999.0,202246543.55125418,1.0,4.0,0,True,0,0
501-11001-1521-1981-1100,0.0,0.0,0.0,0,0,0.0,50704.0,3.0,16901.333333333332,2025-01-17 15:03:23.181417+00:00,2025-03-12 11:51:27.769130+00:00,1.0,16.1761,1,16.1761,1,2024-12-10 13:31:04.422444+00:00,2024-12-10 13:31:04.422444+00:00,0.0,0.0,999.0,0.0,1.0,4.0,0,False,0,0
501-11011-1521-1561-156,0.0,0.0,0.0,0,0,0.0,98000.0,1.0,98000.0,2025-04-01 12:05:02.867132+00:00,2025-04-01 12:05:02.867132+00:00,1.0,106.63566666666667,1,106.63566666666667,1,2025-03-11 17:40:48.380694+00:00,2025-03-11 17:40:48.380694+00:00,0.0,0.0,999.0,0.0,1.0,2.0,0,False,0,0
501-11011-1521-1571-155,0.01547364,1.0,0.01547364,2025-01-18 09:14:16.705678+00:00,2025-01-18 09:14:16.705678+00:00,1.0,3056.0,1.0,3056.0,2025-01-18 09:28:39.926661+00:00,2025-01-18 09:28:39.926661+00:00,1.0,11.255253333333332,3,3.7517511111111106,2,2024-11-29 11:49:14.775326+00:00,2024-11-30 19:11:23.993254+00:00,5.06336387434555e-06,197497.16291706412,0.2397836063888889,1091073.5935436003,2.0,5.0,0,True,0,0
501-11011-1521-1971-157,40.30110312,5.0,8.060220624,2025-01-18 07:29:04.599679+00:00,2025-03-12 14:43:39.564848+00:00,2.0,99300.0,4.0,24825.0,2025-01-18 09:27:06.871781+00:00,2025-01-18 12:17:47.816655+00:00,1.0,17.786446666666667,1,17.786446666666667,1,2024-12-03 02:30:08.056315+00:00,2024-12-03 02:30:08.056315+00:00,0.00040585199516616317,2463.9524060749827,1.967297806111111,662.0084299072158,3.0,10.0,0,False,0,0
501-11011-1521-1981-1102,0.00995636,2.0,0.00497818,2025-01-17 17:38:25.925341+00:00,2025-01-18 03:18:11.152897+00:00,1.0,1668252.0,3.0,556084.0,2025-01-17 18:09:14.035777+00:00,2025-01-18 03:34:52.401782+00:00,1.0,1200.4778333333334,2,600.2389166666667,1,2024-12-03 04:05:27.793204+00:00,2024-12-05 18:24:33.329616+00:00,5.968139106082294e-09,167556416.2002981,0.51336401,180860952.19538066,2.0,7.0,0,False,0,0
501-11011-1521-1981-152,0.0,0.0,0.0,0,0,0.0,38104.0,1.0,38104.0,2025-04-01 11:21:31.513982+00:00,2025-04-01 11:21:31.513982+00:00,1.0,3.7852533333333334,1,3.7852533333333334,1,2025-07-18 16:31:13.029199+00:00,2025-07-18 16:31:13.029199+00:00,0.0,0.0,999.0,0.0,1.0,2.0,0,False,0,0
501-11011-1521-1981-155,0.03809029,1.0,0.03809029,2025-01-17 21:16:51.521271+00:00,2025-01-17 21:16:51.521271+00:00,1.0,6396087.0,1.0,6396087.0,2025-01-17 21:39:21.388888+00:00,2025-01-17 21:39:21.388888+00:00,1.0,17.20224,1,17.20224,1,2024-12-02 10:55:24.563062+00:00,2024-12-02 10:55:24.563062+00:00,5.955248888890974e-09,167919094.34136626,0.37496322694444445,677426.1891941489,2.0,3.0,0,False,0,0
501-11011-1521-1981-197,0.028261140000000004,2.0,0.014130570000000002,2025-01-17 17:00:20.071321+00:00,2025-01-17 21:28:39.391809+00:00,1.0,156883.0,4.0,39220.75,2025-01-17 17:34:04.070426+00:00,2025-01-17 22:19:14.137126+00:00,1.0,496.7975,3,165.59916666666666,1,2024-12-07 21:30:14.500423+00:00,2024-12-10 13:18:57.175842+00:00,1.8014150672794378e-07,5551191.4947521575,0.5622219736111111,26368230.36862632,2.0,9.0,0,True,0,0
501-11011-1521-1981-199,12.69,1.0,12.69,2025-01-17 18:54:06.606460+00:00,2025-01-17 18:54:06.606460+00:00,1.0,16368.0,2.0,8184.0,2025-01-17 20:29:37.153347+00:00,2025-01-18 12:14:50.595696+00:00,1.0,5.787326666666667,1,5.787326666666667,1,2024-11-28 16:18:58.862352+00:00,2024-11-28 16:18:58.862352+00:00,0.0007752932551319647,1289.8345153664304,1.5918185797222224,684.0811662726557,2.0,4.0,0,False,0,0
501-11021-1521-1561-154,0.00067982,1.0,0.00067982,2025-01-17 15:07:21.437198+00:00,2025-01-17 15:07:21.437198+00:00,1.0,131690.0,3.0,43896.666666666664,2025-01-17 14:38:22.555744+00:00,2025-03-12 15:06:43.245497+00:00,1.0,16.373466666666666,2,8.186733333333333,1,2024-12-07 08:21:00.091378+00:00,2024-12-08 17:52:51.709087+00:00,5.162275039866353e-09,193713041.6875055,-0.48302262611111113,36127504.33938395,2.0,6.0,0,True,0,0
501-11021-1521-1971-1102,0.00067308,1.0,0.00067308,2025-01-17 20:26:37.903139+00:00,2025-01-17 20:26:37.903139+00:00,1.0,141900.0,4.0,35475.0,2025-01-17 20:43:23.552038+00:00,2025-03-12 15:29:15.345160+00:00,1.0,20.00264,1,20.00264,1,2024-11-30 04:42:23.602131+00:00,2024-11-30 04:42:23.602131+00:00,4.743340380549683e-09,210821893.38563022,0.2793469163888889,44577108.21893385,2.0,6.0,0,False,0,0
501-11021-1521-1971-150,0.00245717,1.0,0.00245717,2025-01-18 07:13:14.860139+00:00,2025-01-18 07:13:14.860139+00:00,1.0,150000.0,2.0,75000.0,2025-01-18 07:20:56.332439+00:00,2025-01-18 08:35:21.870951+00:00,1.0,100.37004666666667,1,100.37004666666667,1,2024-12-05 17:51:38.834893+00:00,2024-12-05 17:51:38.834893+00:00,1.638113333333333e-08,61045837.28435558,0.12818675000000002,61271735.3703651,2.0,4.0,0,False,0,0
501-11021-1521-1971-152,0.00227249,1.0,0.00227249,2025-01-18 07:40:47.634702+00:00,2025-01-18 07:40:47.634702+00:00,1.0,374996.0,1.0,374996.0,2025-01-18 07:48:19.724502+00:00,2025-01-18 07:48:19.724502+00:00,1.0,123.84754666666667,1,123.84754666666667,1,2024-12-08 17:59:41.526166+00:00,2024-12-08 17:59:41.526166+00:00,6.060037973738386e-09,165015467.614819,0.1255805,81747915.28235549,2.0,3.0,0,False,0,0
501-11021-1521-1971-155,0.0,0.0,0.0,0,0,0.0,273300.0,12.0,22775.0,2025-01-17 15:16:05.110477+00:00,2025-01-18 12:55:56.300418+00:00,1.0,158.51464666666666,1,158.51464666666666,1,2024-11-29 12:13:58.155585+00:00,2024-11-29 12:13:58.155585+00:00,0.0,0.0,999.0,0.0,1.0,13.0,0,False,0,0
501-11021-1521-1981-154,0.00146678,1.0,0.00146678,2025-03-12 17:01:33.173513+00:00,2025-03-12 17:01:33.173513+00:00,1.0,0.0,0.0,0.0,0,0,0.0,710.5435399999999,7,101.50621999999998,1,2024-12-02 11:24:10.537436+00:00,2024-12-09 12:17:58.195479+00:00,999.0,0.0,999.0,726636107.6644076,1.0,8.0,0,False,0,0
501-1481-1521-1561-151,1379.11650817,7.0,197.01664402428574,2025-01-17 14:43:02.140076+00:00,2025-03-12 13:47:22.292433+00:00,4.0,1057949.9,7.0,151135.69999999998,2025-01-17 14:47:02.744839+00:00,2025-03-12 14:31:27.627956+00:00,2.0,188.78217333333333,10,18.878217333333332,3,2024-11-30 18:47:32.733063+00:00,2024-12-07 08:11:29.445050+00:00,0.0013035744964577248,767.1214822914651,0.06683465638888889,205.32946877400002,6.0,24.0,0,True,0,0
501-1481-1521-1561-154,0.00356542,1.0,0.00356542,2025-01-18 08:17:27.529535+00:00,2025-01-18 08:17:27.529535+00:00,1.0,532200.0,4.0,133050.0,2025-01-17 17:09:31.581328+00:00,2025-01-18 07:10:56.026457+00:00,1.0,6.599466666666667,1,6.599466666666667,1,2024-11-30 19:01:36.163430+00:00,2024-11-30 19:01:36.163430+00:00,6.699398722284855e-09,149267127.01448917,-15.132207835277779,2776447.0945919417,2.0,6.0,0,False,0,0
501-1481-1521-1971-157,0.02261155,1.0,0.02261155,2025-01-18 03:15:15.563515+00:00,2025-01-18 03:15:15.563515+00:00,1.0,4715.0,1.0,4715.0,2025-01-18 11:18:09.479908+00:00,2025-01-18 11:18:09.479908+00:00,1.0,4.205626666666666,1,4.205626666666666,1,2024-12-06 13:34:15.835007+00:00,2024-12-06 13:34:15.835007+00:00,4.795662778366914e-06,208521.75105200658,8.048310109166666,278991.93111485057,2.0,3.0,0,False,0,0
501-1481-1521-1981-149,0.0,0.0,0.0,0,0,0.0,491007.0,6.0,81834.5,2025-01-17 19:32:25.197783+00:00,2025-03-12 12:22:06.414937+00:00,2.0,72.85078,1,72.85078,1,2024-11-30 19:12:06.917602+00:00,2024-11-30 19:12:06.917602+00:00,0.0,0.0,999.0,0.0,2.0,7.0,0,False,0,0
501-1501-1521-1561-156,0.00274315,2.0,0.001371575,2025-01-17 15:22:22.109640+00:00,2025-01-17 16:43:51.569383+00:00,1.0,450000.0,1.0,450000.0,2025-01-18 06:58:50.950700+00:00,2025-01-18 06:58:50.950700+00:00,1.0,3.2983066666666665,1,3.2983066666666665,1,2024-12-07 07:51:59.862991+00:00,2024-12-07 07:51:59.862991+00:00,6.0958888888888896e-09,164044984.78027084,15.608011405555555,1803568.8897799973,2.0,4.0,0,False,0,0
501-1501-1521-1571-1100,56.420794,1.0,56.420794,2025-01-18 11:15:30.085393+00:00,2025-01-18 11:15:30.085393+00:00,1.0,0.0,0.0,0.0,0,0,0.0,39.86195333333333,1,39.86195333333333,1,2024-12-07 07:50:31.829022+00:00,2024-12-07 07:50:31.829022+00:00,999.0,0.0,999.0,1059.7676097929427,1.0,2.0,0,False,0,0
501-1501-1521-1971-154,0.00092467,1.0,0.00092467,2025-01-18 10:55:05.978615+00:00,2025-01-18 10:55:05.978615+00:00,1.0,0.0,0.0,0.0,0,0,0.0,13.332646666666667,1,13.332646666666667,1,2024-12-09 12:17:38.498150+00:00,2024-12-09 12:17:38.498150+00:00,999.0,0.0,999.0,21628224.123200707,1.0,2.0,0,False,0,0
501-1501-1521-1971-197,94.427593,2.0,47.2137965,2025-01-17 16:10:30.192787+00:00,2025-01-17 18:06:32.375937+00:00,1.0,198000.0,9.0,22000.0,2025-01-17 17:40:17.834567+00:00,2025-03-12 13:00:54.425355+00:00,1.0,19.290086666666667,2,9.645043333333334,1,2024-12-05 18:11:02.232041+00:00,2024-12-07 07:33:13.284813+00:00,0.00047690703535353536,2096.844722071863,1.496567161111111,306.4266395099153,2.0,13.0,0,True,0,0
501-1501-1521-1981-156,0.0,0.0,0.0,0,0,0.0,30000.0,1.0,30000.0,2025-01-18 07:32:03.209122+00:00,2025-01-18 07:32:03.209122+00:00,1.0,53.30329333333333,2,26.651646666666664,1,2024-12-02 10:58:10.034815+00:00,2024-12-04 12:46:30.302361+00:00,0.0,0.0,999.0,0.0,1.0,3.0,0,True,0,0
501-1511-1521-1561-1100,0.0,0.0,0.0,0,0,0.0,15000.0,2.0,7500.0,2025-01-17 15:25:04.264772+00:00,2025-03-12 16:06:49.359304+00:00,1.0,45.8035,5,9.1607,1,2024-12-02 11:10:02.229470+00:00,2024-12-08 17:30:02.107941+00:00,0.0,0.0,999.0,0.0,1.0,7.0,0,True,0,0
501-1511-1521-1561-157,7.0,1.0,7.0,2025-03-12 17:33:20.563116+00:00,2025-03-12 17:33:20.563116+00:00,1.0,0.0,0.0,0.0,0,0,0.0,25.834519999999998,1,25.834519999999998,1,2024-12-02 11:50:03.466080+00:00,2024-12-02 11:50:03.466080+00:00,999.0,0.0,999.0,5535.968571428571,1.0,2.0,0,False,0,0
501-1511-1521-1571-198,0.0,0.0,0.0,0,0,0.0,5000.0,1.0,5000.0,2025-03-12 11:35:42.498989+00:00,2025-03-12 11:35:42.498989+00:00,1.0,114.73194666666666,2,57.36597333333333,1,2024-11-29 12:07:49.082378+00:00,2024-12-02 11:26:59.319537+00:00,0.0,0.0,999.0,0.0,1.0,3.0,0,True,0,0
501-1511-1521-1981-1101,0.0,0.0,0.0,0,0,0.0,63532.0,5.0,12706.4,2025-01-18 06:18:38.819693+00:00,2025-01-18 11:13:04.454328+00:00,1.0,231.86252000000002,4,57.965630000000004,2,2024-11-29 11:58:21.938004+00:00,2024-12-10 13:30:41.405394+00:00,0.0,0.0,999.0,0.0,1.0,9.0,0,True,0,0
501-1511-1521-1981-153,10.128914,1.0,10.128914,2025-03-12 13:50:24.003797+00:00,2025-03-12 13:50:24.003797+00:00,1.0,33718.0,1.0,33718.0,2025-03-12 13:57:06.094074+00:00,2025-03-12 13:57:06.094074+00:00,1.0,9.754046666666666,1,9.754046666666666,1,2025-03-11 18:43:29.161207+00:00,2025-03-11 18:43:29.161207+00:00,0.00030040079482768846,3328.885999032078,0.11169174361111112,1444.485558866429,2.0,3.0,0,False,0,0
501-1521-1521-1561-150,0.0,0.0,0.0,0,0,0.0,90000.0,3.0,30000.0,2025-01-17 15:23:41.795512+00:00,2025-01-17 16:34:34.693508+00:00,1.0,227.41598,1,227.41598,1,2024-12-06 13:19:23.096022+00:00,2024-12-06 13:19:23.096022+00:00,0.0,0.0,999.0,0.0,1.0,4.0,0,False,0,0
501-1521-1521-1571-1100,143.0,1.0,143.0,2025-01-17 16:13:20.550189+00:00,2025-01-17 16:13:20.550189+00:00,1.0,655000.0,2.0,327500.0,2025-01-17 17:27:34.075570+00:00,2025-03-12 16:24:01.559957+00:00,1.0,1934.0143133333333,5,386.80286266666667,2,2024-11-29 12:05:58.693534+00:00,2024-12-06 13:37:42.887676+00:00,0.0002183206106870229,4580.419580419581,1.2370903836111111,20286.863426573425,2.0,8.0,0,False,0,0
501-1521-1521-1971-1102,0.0,0.0,0.0,0,0,0.0,200000.0,1.0,200000.0,2025-03-12 17:28:33.886247+00:00,2025-03-12 17:28:33.886247+00:00,1.0,199.99906000000001,1,199.99906000000001,1,2024-12-03 03:05:38.236181+00:00,2024-12-03 03:05:38.236181+00:00,0.0,0.0,999.0,0.0,1.0,2.0,0,False,0,0
501-1521-1521-1971-153,10.73916155,1.0,10.73916155,2025-01-18 09:23:33.275383+00:00,2025-01-18 09:23:33.275383+00:00,1.0,0.0,0.0,0.0,0,0,0.0,118.75169333333334,1,118.75169333333334,1,2024-12-05 05:49:01.777495+00:00,2024-12-05 05:49:01.777495+00:00,999.0,0.0,999.0,16586.726921898295,1.0,2.0,0,False,0,0
501-1521-1521-1981-1102,828.1,3.0,276.03333333333336,2025-01-17 15:00:53.485855+00:00,2025-01-18 06:33:32.242740+00:00,1.0,1035000.0,3.0,345000.0,2025-01-18 09:53:30.834096+00:00,2025-03-12 12:55:43.269486+00:00,1.0,926.66884,2,463.33442,1,2024-12-05 18:04:41.138423+00:00,2024-12-09 12:26:15.968648+00:00,0.000800096618357488,1249.8490520468542,18.877041178055556,1678.5451757034175,2.0,8.0,0,False,0,0
501-1521-1521-1981-153,0.00061,1.0,0.00061,2025-01-17 16:37:32.287930+00:00,2025-01-17 16:37:32.287930+00:00,1.0,135506.0,3.0,45168.666666666664,2025-01-17 16:50:12.383099+00:00,2025-01-17 18:45:12.847015+00:00,1.0,1085.2329066666666,3,361.7443022222222,2,2024-11-28 16:06:49.143088+00:00,2024-12-11 11:12:52.452663+00:00,4.501645683585966e-09,222140983.6065574,0.21113754694444445,2668605508.196721,2.0,7.0,0,False,0,0
501-1521-1521-1981-198,0.00051552,1.0,0.00051552,2025-01-18 09:13:41.374281+00:00,2025-01-18 09:13:41.374281+00:00,1.0,0.0,0.0,0.0,0,0,0.0,30.527506666666667,1,30.527506666666667,1,2024-11-29 12:10:02.329232+00:00,2024-11-29 12:10:02.329232+00:00,999.0,0.0,999.0,88825380.19863439,1.0,2.0,0,False,0,0
501-1531-1521-1561-197,0.07770309,1.0,0.07770309,2025-03-12 12:54:59.202860+00:00,2025-03-12 12:54:59.202860+00:00,1.0,30323.0,2.0,15161.5,2025-03-12 13:02:44.442467+00:00,2025-03-12 17:38:26.789599+00:00,1.0,4.99268,1,4.99268,1,2025-03-11 14:15:35.046702+00:00,2025-03-11 14:15:35.046702+00:00,2.562513273752597e-06,390241.8809856854,0.12923322416666666,96379.95091314902,2.0,4.0,0,False,0,0
501-1531-1521-1571-1101,55.5974,1.0,55.5974,2025-01-18 10:44:30.913591+00:00,2025-01-18 10:44:30.913591+00:00,1.0,24546.0,1.0,24546.0,2025-01-18 11:37:45.056408+00:00,2025-01-18 11:37:45.056408+00:00,1.0,5.6064,1,5.6064,1,2024-11-30 18:53:49.961541+00:00,2024-11-30 18:53:49.961541+00:00,0.002265028925283142,441.49546561529854,0.8872618936111111,151.25887181774686,2.0,3.0,0,False,0,0
501-1531-1521-1971-1102,0.00048,1.0,0.00048,2025-01-18 11:38:02.093135+00:00,2025-01-18 11:38:02.093135+00:00,1.0,186000.0,3.0,62000.0,2025-01-17 16:24:54.911223+00:00,2025-01-18 11:46:53.403043+00:00,1.0,214.73710000000003,1,214.73710000000003,1,2024-12-03 01:13:29.213025+00:00,2024-12-03 01:13:29.213025+00:00,2.5806451612903225e-09,387500000.0,-19.218661642222223,671053437.5000001,2.0,5.0,0,False,0,0
501-1531-1521-1971-149,0.0,0.0,0.0,0,0,0.0,78872.0,2.0,39436.0,2025-03-28 09:19:45.660574+00:00,2025-04-01 12:30:05.904983+00:00,1.0,116.92262666666667,2,58.46131333333334,2,2024-12-09 12:11:36.219043+00:00,2024-12-11 11:06:20.796489+00:00,0.0,0.0,999.0,0.0,1.0,4.0,0,True,0,0
501-1531-1521-1971-199,119.4831975,1.0,119.4831975,2025-01-17 15:27:03.178290+00:00,2025-01-17 15:27:03.178290+00:00,1.0,140100.0,3.0,46700.0,2025-01-17 17:59:18.458031+00:00,2025-01-18 08:37:49.575651+00:00,1.0,24.58112666666667,1,24.58112666666667,1,2024-12-09 12:04:53.505423+00:00,2024-12-09 12:04:53.505423+00:00,0.0008528422376873662,1172.5498055908656,2.5375777058333333,308.5930973683559,2.0,5.0,0,False,0,0
501-1531-1521-1981-156,0.0,0.0,0.0,0,0,0.0,96000.0,3.0,32000.0,2025-01-17 18:07:13.052788+00:00,2025-05-08 15:18:49.968001+00:00,1.0,673.3333333333333,2,336.66666666666663,1,2025-03-11 14:37:12.698203+00:00,2025-03-11 14:38:03.288747+00:00,0.0,0.0,999.0,0.0,1.0,5.0,0,False,0,0
501-1541-1521-1571-199,208.588175,3.0,69.52939166666667,2025-01-17 16:25:46.268608+00:00,2025-03-12 16:17:37.801752+00:00,2.0,3855795.0,15.0,257053.0,2025-01-18 06:55:34.324159+00:00,2025-04-01 12:41:33.287871+00:00,1.0,193.52391333333333,2,96.76195666666666,2,2024-12-02 11:22:33.003754+00:00,2024-12-09 22:38:26.063777+00:00,5.409731974858622e-05,18485.204158864708,14.496682097499999,1391.6698297973987,3.0,20.0,0,True,0,0
501-1541-1521-1971-197,0.0,0.0,0.0,0,0,0.0,25000.0,1.0,25000.0,2025-03-12 12:54:13.363353+00:00,2025-03-12 12:54:13.363353+00:00,1.0,1220.2647133333335,4,305.06617833333337,3,2024-12-03 18:28:08.710023+00:00,2024-12-05 05:44:41.169482+00:00,0.0,0.0,999.0,0.0,1.0,5.0,0,False,0,0
501-1541-1521-1981-198,78.209348,2.0,39.104674,2025-01-17 18:59:54.747051+00:00,2025-01-17 20:13:24.670799+00:00,1.0,30958.0,2.0,15479.0,2025-01-17 19:10:25.103877+00:00,2025-01-17 20:30:23.614190+00:00,1.0,762.83096,1,762.83096,1,2024-12-03 18:09:13.843265+00:00,2024-12-03 18:09:13.843265+00:00,0.002526304929258996,395.8350349628282,0.17509911833333333,14630.558485157042,2.0,5.0,0,False,0,0
501-1551-1521-1981-199,0.00246205,1.0,0.00246205,2025-03-12 16:25:03.037412+00:00,2025-03-12 16:25:03.037412+00:00,1.0,170116.0,3.0,56705.333333333336,2025-01-17 16:24:36.275091+00:00,2025-01-18 06:15:17.104638+00:00,1.0,529.8673133333333,3,176.62243777777778,1,2024-11-27 21:03:08.436550+00:00,2024-12-05 04:14:58.956086+00:00,1.4472771520609466e-08,69095266.14000528,-1296.0074339780556,322820807.8633659,2.0,7.0,0,False,0,0
501-1561-1521-1571-155,0.0052109,3.0,0.0017369666666666667,2025-01-17 15:48:17.163181+00:00,2025-01-18 12:13:34.785413+00:00,1.0,596220.0,2.0,298110.0,2025-01-17 19:44:33.050598+00:00,2025-01-18 00:40:09.340001+00:00,1.0,290.5724666666666,2,145.2862333333333,1,2024-11-29 12:10:50.784504+00:00,2024-11-30 05:30:20.143122+00:00,8.739894669752776e-09,114417854.88111459,3.937746504722222,83643650.80888137,2.0,7.0,0,True,0,0
501-1561-1521-1971-1102,7.445,1.0,7.445,2025-01-18 10:28:35.065947+00:00,2025-01-18 10:28:35.065947+00:00,1.0,12200.0,1.0,12200.0,2025-01-18 10:37:28.875184+00:00,2025-01-18 10:37:28.875184+00:00,1.0,18.811973333333334,1,18.811973333333334,1,2025-03-11 14:19:18.947981+00:00,2025-03-11 14:19:18.947981+00:00,0.0006102459016393443,1638.683680322364,0.14828034361111112,3790.1893888515783,2.0,3.0,0,False,0,0
501-1561-1521-1971-152,0.0,0.0,0.0,0,0,0.0,3340.0,1.0,3340.0,2025-01-17 19:37:41.635759+00:00,2025-01-17 19:37:41.635759+00:00,1.0,124.88937333333332,3,41.62979111111111,1,2024-12-06 12:49:45.133716+00:00,2024-12-09 12:00:53.238310+00:00,0.0,0.0,999.0,0.0,1.0,4.0,0,True,0,0
501-1561-1521-1981-198,0.00024499,1.0,0.00024499,2025-03-12 15:45:35.356883+00:00,2025-03-12 15:45:35.356883+00:00,1.0,121125.0,10.0,12112.5,2025-03-12 13:51:38.711020+00:00,2025-03-12 17:45:44.165286+00:00,1.0,25.812786666666668,2,12.906393333333334,1,2024-12-03 18:21:00.289980+00:00,2024-12-07 07:41:29.409777+00:00,2.0226212590299277e-09,494407935.0177558,-1.8990682952777778,158043920.16000652,2.0,13.0,0,True,0,0
501-1561-1521-1981-199,0.0,0.0,0.0,0,0,0.0,10200.0,1.0,10200.0,2025-01-17 21:05:52.543593+00:00,2025-01-17 21:05:52.543593+00:00,1.0,21.337366666666668,1,21.337366666666668,1,2024-12-04 12:39:59.526351+00:00,2024-12-04 12:39:59.526351+00:00,0.0,0.0,999.0,0.0,1.0,2.0,0,False,0,0
501-1571-1521-1561-197,0.00691373,1.0,0.00691373,2025-01-17 18:53:36.383658+00:00,2025-01-17 18:53:36.383658+00:00,1.0,5500.0,4.0,1375.0,2025-01-17 15:57:15.938692+00:00,2025-01-17 18:52:58.058332+00:00,1.0,16.701926666666665,1,16.701926666666665,1,2024-12-07 07:27:58.015311+00:00,2024-12-07 07:27:58.015311+00:00,1.2570418181818182e-06,795518.4827871496,-2.9390124905555552,3623643.098587882,2.0,6.0,0,False,0,0
501-1571-1521-1571-148,0.00040285,1.0,0.00040285,2025-01-18 11:37:42.010086+00:00,2025-01-18 11:37:42.010086+00:00,1.0,0.0,0.0,0.0,0,0,0.0,113.32380666666666,1,113.32380666666666,1,2024-12-10 13:15:15.472244+00:00,2024-12-10 13:15:15.472244+00:00,999.0,0.0,999.0,421957825.4933598,1.0,2.0,0,False,0,0
501-1571-1521-1971-150,0.0,0.0,0.0,0,0,0.0,22200.0,1.0,22200.0,2025-01-17 21:26:31.332162+00:00,2025-01-17 21:26:31.332162+00:00,1.0,26.90836666666667,1,26.90836666666667,1,2024-12-10 13:54:00.549414+00:00,2024-12-10 13:54:00.549414+00:00,0.0,0.0,999.0,0.0,1.0,2.0,0,False,0,0
501-1971-1521-1561-157,14734641.0,32.0,460457.53125,2025-01-17 16:51:00.314757+00:00,2025-03-28 09:20:46.646642+00:00,1.0,13400000.0,7.0,1914285.7142857143,2025-01-18 05:29:07.130882+00:00,2025-03-12 12:59:47.970256+00:00,1.0,13.25826,4,3.314565,4,2024-11-30 19:00:00.311507+00:00,2024-11-30 19:00:00.877213+00:00,1.0996000746268657,0.9094215461374322,12.635226701388888,0.0013497030568983663,2.0,43.0,1,True,0,0
501-1971-1521-1561-197,0.0,0.0,0.0,0,0,0.0,62222.0,3.0,20740.666666666668,2025-01-17 15:50:24.046452+00:00,2025-01-17 20:02:46.008677+00:00,1.0,15.667146666666667,1,15.667146666666667,1,2024-12-07 20:53:25.947870+00:00,2024-12-07 20:53:25.947870+00:00,0.0,0.0,999.0,0.0,1.0,4.0,0,False,0,0
501-1971-1521-1571-148,0.0,0.0,0.0,0,0,0.0,61361.0,1.0,61361.0,2025-03-12 17:32:05.318306+00:00,2025-03-12 17:32:05.318306+00:00,1.0,23.331580000000002,1,23.331580000000002,1,2024-12-06 13:46:10.071951+00:00,2024-12-06 13:46:10.071951+00:00,0.0,0.0,999.0,0.0,1.0,2.0,0,False,0,0
501-1971-1521-1571-151,0.0,0.0,0.0,0,0,0.0,35993.0,1.0,35993.0,2025-01-17 15:51:11.040469+00:00,2025-01-17 15:51:11.040469+00:00,1.0,20.661746666666666,1,20.661746666666666,1,2024-12-08 17:54:45.197954+00:00,2024-12-08 17:54:45.197954+00:00,0.0,0.0,999.0,0.0,1.0,2.0,0,False,0,0
501-1971-1521-1981-155,0.00030487,1.0,0.00030487,2025-03-12 16:25:12.009324+00:00,2025-03-12 16:25:12.009324+00:00,1.0,0.0,0.0,0.0,0,0,0.0,15.926120000000001,5,3.1852240000000003,1,2024-12-06 13:04:33.806730+00:00,2024-12-09 12:24:36.307782+00:00,999.0,0.0,999.0,78358579.06648736,1.0,6.0,0,True,0,0
501-1981-1521-1561-149,9150.0,1.0,9150.0,2025-01-18 01:05:33.642221+00:00,2025-01-18 01:05:33.642221+00:00,1.0,0.03696987,1.0,0.03696987,2025-01-18 01:08:11.699577+00:00,2025-01-18 01:08:11.699577+00:00,1.0,0.9550533333333333,1,0.9550533333333333,1,2024-12-11 07:42:49.988165+00:00,2024-12-11 07:42:49.988165+00:00,247498.84162427403,4.040422950819672e-06,0.04390482111111111,0.15656612021857924,2.0,3.0,0,False,0,0
501-1981-1521-1561-150,0.0,0.0,0.0,0,0,0.0,71000.0,1.0,71000.0,2025-01-17 17:03:43.640703+00:00,2025-01-17 17:03:43.640703+00:00,1.0,44.003240000000005,2,22.001620000000003,1,2024-11-30 19:12:46.616463+00:00,2024-12-09 12:11:54.871465+00:00,0.0,0.0,999.0,0.0,1.0,3.0,0,True,0,0
501-1981-1521-1561-152,0.00339779,1.0,0.00339779,2025-01-18 07:28:38.855004+00:00,2025-01-18 07:28:38.855004+00:00,1.0,248109.0,4.0,62027.25,2025-01-17 14:58:15.443244+00:00,2025-01-18 10:10:08.019571+00:00,1.0,2599.387353333333,4,649.8468383333333,2,2024-12-05 05:07:04.743409+00:00,2024-12-11 07:41:38.868769+00:00,1.3694747066813377e-08,73020698.74830404,-16.506503266666666,1147534435.618446,2.0,9.0,0,False,0,0
501-1981-1521-1561-155,0.0,0.0,0.0,0,0,0.0,119957.0,1.0,119957.0,2025-01-18 11:21:18.773414+00:00,2025-01-18 11:21:18.773414+00:00,1.0,9.986266666666667,1,9.986266666666667,1,2024-12-10 13:18:57.678292+00:00,2024-12-10 13:18:57.678292+00:00,0.0,0.0,999.0,0.0,1.0,2.0,0,False,0,0
501-1981-1521-1561-199,14000.0,1.0,14000.0,2025-01-17 20:51:10.284880+00:00,2025-01-17 20:51:10.284880+00:00,1.0,14000.0,3.0,4666.666666666667,2025-01-17 18:50:38.736428+00:00,2025-01-17 20:34:37.080208+00:00,1.0,21.739133333333335,1,21.739133333333335,1,2024-12-03 18:03:56.748353+00:00,2024-12-03 18:03:56.748353+00:00,1.0,1.0,-2.0087634588888887,2.329192857142857,2.0,5.0,0,False,0,0
501-1981-1521-1981-149,0.0,0.0,0.0,0,0,0.0,29380.0,2.0,14690.0,2025-01-18 05:00:01.232579+00:00,2025-01-18 09:00:04.376353+00:00,1.0,212.98174666666668,2,106.49087333333334,1,2024-11-27 21:07:27.964258+00:00,2024-12-05 04:23:52.620434+00:00,0.0,0.0,999.0,0.0,1.0,4.0,0,True,0,0
501-1981-1521-1981-157,0.00033827,1.0,0.00033827,2025-01-17 19:25:47.269481+00:00,2025-01-17 19:25:47.269481+00:00,1.0,30100.0,1.0,30100.0,2025-01-18 12:00:01.245994+00:00,2025-01-18 12:00:01.245994+00:00,1.0,1977.2646399999999,2,988.6323199999999,1,2024-12-06 13:28:27.556685+00:00,2024-12-06 13:30:18.606586+00:00,1.1238205980066445e-08,88982174.00301534,16.57054903138889,8767839181.718744,2.0,4.0,0,False,0,0
501-1981-1521-1981-199,0.00650645,1.0,0.00650645,2025-01-17 17:25:38.201083+00:00,2025-01-17 17:25:38.201083+00:00,1.0,1093100.0,9.0,121455.55555555556,2025-01-17 18:13:58.983286+00:00,2025-03-12 15:09:31.074296+00:00,1.0,212.01706666666666,2,106.00853333333333,1,2024-12-03 18:25:10.500637+00:00,2024-12-05 18:22:44.938027+00:00,5.952291647607721e-09,168002520.57573637,0.8057728341666667,48878512.860315524,2.0,12.0,0,True,0,0
501-1991-1521-1561-1100,0.0,0.0,0.0,0,0,0.0,170000.0,2.0,85000.0,2025-01-17 19:22:56.445002+00:00,2025-01-18 08:00:01.331930+00:00,1.0,73.30772,2,36.65386,2,2024-12-03 01:07:38.253932+00:00,2024-12-11 14:48:04.775950+00:00,0.0,0.0,999.0,0.0,1.0,4.0,0,True,0,0
501-1991-1521-1561-150,0.08827756,1.0,0.08827756,2025-01-17 18:35:03.017963+00:00,2025-01-17 18:35:03.017963+00:00,1.0,44339.0,2.0,22169.5,2025-01-17 17:45:44.174504+00:00,2025-01-17 19:03:42.247087+00:00,1.0,404.90502,2,202.45251,2,2024-11-30 18:50:11.097093+00:00,2024-12-03 01:08:18.914472+00:00,1.9909686731771127e-06,502268.07356252254,-0.8219009608333334,6880089.685306209,2.0,5.0,0,True,0,0
501-1991-1521-1561-154,177.0,2.0,88.5,2025-01-18 11:03:11.994127+00:00,2025-01-18 12:27:45.148212+00:00,1.0,605280.0,4.0,151320.0,2025-01-17 14:44:30.608458+00:00,2025-03-12 11:46:52.631280+00:00,1.0,38.31970666666667,1,38.31970666666667,1,2024-12-07 07:28:17.604071+00:00,2024-12-07 07:28:17.604071+00:00,0.000292426645519429,3419.6610169491523,-20.311496019166665,324.7432768361582,2.0,7.0,0,False,0,0
501-1991-1521-1561-156,0.0,0.0,0.0,0,0,0.0,182000.0,3.0,60666.666666666664,2025-01-17 16:11:24.796794+00:00,2025-03-12 16:59:10.926684+00:00,1.0,34.38584,1,34.38584,1,2024-12-11 13:17:09.061893+00:00,2024-12-11 13:17:09.061893+00:00,0.0,0.0,999.0,0.0,1.0,4.0,0,False,0,0
501-1991-1521-1561-157,0.02528079,2.0,0.012640395,2025-01-17 14:49:25.414360+00:00,2025-01-18 04:44:55.487505+00:00,2.0,36210.0,2.0,18105.0,2025-01-17 15:02:12.335362+00:00,2025-01-18 07:29:05.695499+00:00,1.0,8.323433333333334,1,8.323433333333334,1,2024-12-10 13:36:01.021748+00:00,2024-12-10 13:36:01.021748+00:00,6.981714995857499e-07,1432312.83516061,0.21303361166666668,493859.1713312756,3.0,5.0,0,False,0,0
501-1991-1521-1571-155,0.00291084,1.0,0.00291084,2025-03-12 12:26:29.215112+00:00,2025-03-12 12:26:29.215112+00:00,1.0,365000.0,1.0,365000.0,2025-03-12 12:43:07.146406+00:00,2025-03-12 12:43:07.146406+00:00,1.0,53.404093333333336,8,6.675511666666667,1,2024-11-29 11:38:24.883387+00:00,2025-03-11 18:41:41.818110+00:00,7.974904109589041e-09,125393357.24395707,0.27720313722222223,27519939.261519015,2.0,10.0,0,True,0,0
501-1991-1521-1971-1101,7650.0,1.0,7650.0,2025-01-18 09:25:37.684713+00:00,2025-01-18 09:25:37.684713+00:00,1.0,15.1,1.0,15.1,2025-01-18 09:41:20.398381+00:00,2025-01-18 09:41:20.398381+00:00,1.0,4.634913333333333,1,4.634913333333333,1,2024-12-06 13:22:27.164226+00:00,2024-12-06 13:22:27.164226+00:00,506.62251655629143,0.001973856209150327,0.26186490777777777,0.9088065359477125,2.0,3.0,0,False,0,0
511-11001-1521-1571-153,120.00094883,2.0,60.000474415,2025-01-17 23:25:57.084951+00:00,2025-01-18 02:04:06.936685+00:00,2.0,1482801.0,2.0,741400.5,2025-01-18 06:00:14.768589+00:00,2025-04-01 10:51:17.068511+00:00,1.0,798.9896533333333,5,159.79793066666667,1,2024-11-27 20:52:22.680980+00:00,2024-12-03 03:24:06.373192+00:00,8.092855941559251e-05,12356.577297573023,6.5715787883333325,9987.291697983486,3.0,9.0,0,False,0,0
511-11001-1521-1571-157,0.0,0.0,0.0,0,0,0.0,142032.0,2.0,71016.0,2025-01-18 05:23:34.267862+00:00,2025-01-18 12:59:49.156566+00:00,1.0,13.333266666666667,1,13.333266666666667,1,2024-12-08 17:49:48.252525+00:00,2024-12-08 17:49:48.252525+00:00,0.0,0.0,999.0,0.0,1.0,3.0,0,False,0,0
511-11001-1521-1981-150,0.0,0.0,0.0,0,0,0.0,115000.0,2.0,57500.0,2025-01-17 17:11:38.186510+00:00,2025-01-18 10:33:03.087562+00:00,1.0,264.22633333333334,13,20.325102564102565,4,2024-11-28 16:21:54.934678+00:00,2024-12-05 17:57:54.607625+00:00,0.0,0.0,999.0,0.0,1.0,15.0,0,False,0,0
511-11001-1521-1981-151,112.0,1.0,112.0,2025-03-12 11:41:14.795671+00:00,2025-03-12 11:41:14.795671+00:00,1.0,120000.0,2.0,60000.0,2025-03-12 12:47:26.152508+00:00,2025-03-12 12:55:26.936969+00:00,1.0,52.14882,1,52.14882,1,2024-11-30 19:03:49.502055+00:00,2024-11-30 19:03:49.502055+00:00,0.0009333333333333333,1071.4285714285713,1.1031546769444445,698.4216964285714,2.0,4.0,0,False,0,0
511-11011-1521-1561-153,0.0,0.0,0.0,0,0,0.0,6507.0,2.0,3253.5,2025-01-17 15:08:06.439641+00:00,2025-03-12 16:25:35.774084+00:00,1.0,66.55865333333333,1,66.55865333333333,1,2024-11-30 04:42:37.732451+00:00,2024-11-30 04:42:37.732451+00:00,0.0,0.0,999.0,0.0,1.0,3.0,0,False,0,0
511-11011-1521-1571-1102,7150.0,1.0,7150.0,2025-01-18 11:33:12.526629+00:00,2025-01-18 11:33:12.526629+00:00,1.0,0.0,0.0,0.0,0,0,0.0,0.7663466666666666,1,0.7663466666666666,1,2024-11-27 21:25:47.313881+00:00,2024-11-27 21:25:47.313881+00:00,999.0,0.0,999.0,0.16077202797202797,1.0,2.0,0,False,0,0
511-11011-1521-1971-148,45.0,1.0,45.0,2025-03-12 16:33:55.352548+00:00,2025-03-12 16:33:55.352548+00:00,1.0,69700.0,2.0,34850.0,2025-03-12 16:43:55.446077+00:00,2025-03-12 16:44:01.666719+00:00,1.0,55.006746666666665,1,55.006746666666665,1,2024-12-02 11:38:07.146517+00:00,2024-12-02 11:38:07.146517+00:00,0.0006456241032998565,1548.888888888889,0.16669264694444444,1833.5582222222222,2.0,4.0,0,False,0,0
511-11011-1521-1971-151,0.11435551,4.0,0.0285888775,2025-01-17 17:38:20.157633+00:00,2025-03-12 16:56:56.417054+00:00,2.0,330100.0,6.0,55016.666666666664,2025-01-17 16:16:41.504350+00:00,2025-03-12 16:19:19.332203+00:00,1.0,27.321113333333333,2,13.660556666666666,1,2024-12-02 11:00:28.705323+00:00,2024-12-03 18:08:26.164991+00:00,3.46426870645259e-07,2886612.109901832,-1.3607370230555556,358370.7510027283,3.0,12.0,0,True,0,0
511-11011-1521-1971-152,0.0,0.0,0.0,0,0,0.0,60000.0,1.0,60000.0,2025-03-12 16:17:48.045372+00:00,2025-03-12 16:17:48.045372+00:00,1.0,14.082393333333334,1,14.082393333333334,1,2024-12-06 13:46:15.937968+00:00,2024-12-06 13:46:15.937968+00:00,0.0,0.0,999.0,0.0,1.0,2.0,0,False,0,0
511-11011-1521-1971-156,0.0,0.0,0.0,0,0,0.0,50000.0,1.0,50000.0,2025-03-12 13:38:18.684831+00:00,2025-03-12 13:38:18.684831+00:00,1.0,6.8329,1,6.8329,1,2024-12-02 11:13:52.733305+00:00,2024-12-02 11:13:52.733305+00:00,0.0,0.0,999.0,0.0,1.0,2.0,0,False,0,0
511-11011-1521-1971-197,0.02815072,1.0,0.02815072,2025-01-18 11:37:38.626651+00:00,2025-01-18 11:37:38.626651+00:00,1.0,0.0,0.0,0.0,0,0,0.0,555.5062733333334,2,277.7531366666667,2,2024-12-02 11:10:40.728143+00:00,2024-12-09 11:50:37.124743+00:00,999.0,0.0,999.0,29599932.43512067,1.0,3.0,0,False,0,0
511-11011-1521-1981-1100,0.02600893,3.0,0.008669643333333333,2025-01-17 21:46:09.306834+00:00,2025-01-18 01:04:40.923483+00:00,1.0,4362610.0,3.0,1454203.3333333333,2025-01-17 22:09:11.232618+00:00,2025-01-18 01:28:22.938909+00:00,1.0,551.92356,1,551.92356,1,2024-11-29 12:16:48.450260+00:00,2024-11-29 12:16:48.450260+00:00,5.961782052486928e-09,167735081.75845757,0.38386827333333334,31830811.186773155,2.0,7.0,0,False,0,0
511-11021-1521-1571-152,20.0,1.0,20.0,2025-01-17 21:10:55.158729+00:00,2025-01-17 21:10:55.158729+00:00,1.0,0.0,0.0,0.0,0,0,0.0,121.41898,2,60.70949,1,2024-12-03 03:16:23.907499+00:00,2024-12-03 03:40:16.036529+00:00,999.0,0.0,999.0,9106.423499999999,1.0,3.0,0,True,0,0
511-11021-1521-1981-148,0.0042632,1.0,0.0042632,2025-01-17 20:18:28.195770+00:00,2025-01-17 20:18:28.195770+00:00,1.0,108000.0,5.0,21600.0,2025-01-17 15:54:10.549914+00:00,2025-01-17 23:37:03.802749+00:00,1.0,25.608886666666667,1,25.608886666666667,1,2024-11-29 11:44:51.742081+00:00,2024-11-29 11:44:51.742081+00:00,3.9474074074074074e-08,25333083.13004316,-4.404901626666667,9010445.205479452,2.0,7.0,0,False,0,0
511-1481-1521-1561-157,0.0,0.0,0.0,0,0,0.0,5000.0,1.0,5000.0,2025-01-17 15:44:49.941397+00:00,2025-01-17 15:44:49.941397+00:00,1.0,39.5966,2,19.7983,1,2024-11-30 04:53:45.513750+00:00,2024-11-30 05:04:53.770427+00:00,0.0,0.0,999.0,0.0,1.0,3.0,0,True,0,0
511-1481-1521-1571-154,0.00080769,1.0,0.00080769,2025-01-18 02:53:52.673705+00:00,2025-01-18 02:53:52.673705+00:00,1.0,134782.0,5.0,26956.4,2025-01-18 03:37:56.520408+00:00,2025-01-18 12:14:58.826485+00:00,1.0,52.27133333333333,1,52.27133333333333,1,2024-12-05 04:25:40.789622+00:00,2024-12-05 04:25:40.789622+00:00,5.992565772877684e-09,166873429.16217855,0.7344018619444445,97075610.69222103,2.0,7.0,0,False,0,0
511-1481-1521-1971-154,0.0,0.0,0.0,0,0,0.0,0.03,1.0,0.03,2025-01-18 05:20:15.891701+00:00,2025-01-18 05:20:15.891701+00:00,1.0,13.06500001,4,3.2662500025,4,2024-12-07 21:38:14.100643+00:00,2024-12-07 21:41:38.432377+00:00,0.0,0.0,999.0,0.0,1.0,5.0,0,True,0,0
511-1481-1521-1971-197,0.0,0.0,0.0,0,0,0.0,600.0,1.0,600.0,2025-01-18 09:12:02.729554+00:00,2025-01-18 09:12:02.729554+00:00,1.0,27.84997333333333,2,13.924986666666666,1,2024-12-02 11:21:53.543925+00:00,2024-12-02 11:42:20.179363+00:00,0.0,0.0,999.0,0.0,1.0,3.0,0,True,0,0
511-1491-1521-1561-1101,0.00054366,1.0,0.00054366,2025-01-18 01:58:01.789214+00:00,2025-01-18 01:58:01.789214+00:00,1.0,61200.0,6.0,10200.0,2025-01-17 19:30:34.979159+00:00,2025-01-18 13:06:50.896562+00:00,1.0,586.33968,2,293.16984,2,2024-12-03 02:10:41.683042+00:00,2024-12-03 02:54:28.792120+00:00,8.883333333333332e-09,112570356.4727955,-6.4574472375,1617756539.0133543,2.0,9.0,0,False,0,0
511-1491-1521-1561-1102,0.0,0.0,0.0,0,0,0.0,17100.0,1.0,17100.0,2025-03-12 11:16:34.285679+00:00,2025-03-12 11:16:34.285679+00:00,1.0,15.3163,1,15.3163,1,2025-03-11 14:36:53.608764+00:00,2025-03-11 14:36:53.608764+00:00,0.0,0.0,999.0,0.0,1.0,2.0,0,False,0,0
511-1491-1521-1571-1101,0.0,0.0,0.0,0,0,0.0,5000.0,1.0,5000.0,2025-01-18 05:17:56.122651+00:00,2025-01-18 05:17:56.122651+00:00,1.0,3.30114,1,3.30114,1,2024-11-29 12:21:54.266968+00:00,2024-11-29 12:21:54.266968+00:00,0.0,0.0,999.0,0.0,1.0,2.0,0,False,0,0
511-1491-1521-1571-156,0.0,0.0,0.0,0,0,0.0,35000.0,3.0,11666.666666666666,2025-01-17 16:32:32.043674+00:00,2025-01-18 10:49:03.691185+00:00,1.0,82.89112666666666,1,82.89112666666666,1,2024-12-03 17:59:55.998958+00:00,2024-12-03 17:59:55.998958+00:00,0.0,0.0,999.0,0.0,1.0,4.0,0,False,0,0
511-1491-1521-1971-156,0.01184763,1.0,0.01184763,2025-03-12 11:43:54.921908+00:00,2025-03-12 11:43:54.921908+00:00,1.0,9967.0,1.0,9967.0,2025-03-12 11:51:25.078907+00:00,2025-03-12 11:51:25.078907+00:00,1.0,4.054833333333334,1,4.054833333333334,1,2025-03-11 14:37:49.704162+00:00,2025-03-11 14:37:49.704162+00:00,1.1886856626868667e-06,841265.2994733969,0.12504361083333332,513372.7167374404,2.0,3.0,0,False,0,0
511-1491-1521-1981-152,0.00459251,1.0,0.00459251,2025-01-18 09:30:53.532367+00:00,2025-01-18 09:30:53.532367+00:00,1.0,0.0,0.0,0.0,0,0,0.0,1.28022,1,1.28022,1,2024-12-04 12:03:47.052762+00:00,2024-12-04 12:03:47.052762+00:00,999.0,0.0,999.0,418143.89081352024,1.0,2.0,0,False,0,0
511-1491-1521-1981-155,0.00031736,1.0,0.00031736,2025-01-17 22:10:39.352176+00:00,2025-01-17 22:10:39.352176+00:00,1.0,24993.0,1.0,24993.0,2025-01-18 08:06:03.137403+00:00,2025-01-18 08:06:03.137403+00:00,1.0,371.9059066666667,1,371.9059066666667,1,2024-12-11 13:13:10.048003+00:00,2024-12-11 13:13:10.048003+00:00,1.2697955427519705e-08,78752835.89614318,9.923273674166667,1757810877.2372072,2.0,3.0,0,False,0,0
511-1491-1521-1981-198,0.0,0.0,0.0,0,0,0.0,599999.0,1.0,599999.0,2025-01-17 15:48:57.501413+00:00,2025-01-17 15:48:57.501413+00:00,1.0,51.37639333333333,4,12.844098333333333,1,2024-11-28 16:02:38.866610+00:00,2024-12-04 12:15:50.148156+00:00,0.0,0.0,999.0,0.0,1.0,5.0,0,True,0,0
511-1501-1521-1561-155,0.0,0.0,0.0,0,0,0.0,16000.0,2.0,8000.0,2025-01-18 09:00:04.684935+00:00,2025-01-18 10:59:39.505392+00:00,1.0,169.30834666666667,1,169.30834666666667,1,2024-12-07 08:14:23.107060+00:00,2024-12-07 08:14:23.107060+00:00,0.0,0.0,999.0,0.0,1.0,3.0,0,False,0,0
511-1501-1521-1571-198,0.01282069,1.0,0.01282069,2025-01-18 09:59:36.333537+00:00,2025-01-18 09:59:36.333537+00:00,1.0,14393.0,1.0,14393.0,2025-01-18 10:16:53.268503+00:00,2025-01-18 10:16:53.268503+00:00,1.0,12.023453333333334,1,12.023453333333334,1,2024-12-06 13:40:20.107213+00:00,2024-12-06 13:40:20.107213+00:00,8.907587021468769e-07,1122638.4851361355,0.28803749055555555,1406724.5990660412,2.0,3.0,0,False,0,0
511-1501-1521-1971-1101,0.00168069,3.0,0.00056023,2025-01-18 10:52:20.977468+00:00,2025-03-12 14:21:39.250942+00:00,1.0,301000.0,8.0,37625.0,2025-01-17 17:34:52.362888+00:00,2025-03-12 14:44:13.261427+00:00,1.0,174.68182,6,29.113636666666665,2,2024-11-28 16:17:13.646098+00:00,2024-12-11 07:46:32.727408+00:00,5.583687707641196e-09,179093110.5676835,-17.291281827777777,155901879.58517036,2.0,17.0,0,True,0,0
511-1501-1521-1971-1102,20150.0,1.0,20150.0,2025-01-17 15:52:44.600769+00:00,2025-01-17 15:52:44.600769+00:00,1.0,0.0,0.0,0.0,0,0,0.0,78.85133333333333,2,39.425666666666665,2,2024-12-06 13:02:58.069951+00:00,2024-12-06 13:37:56.226288+00:00,999.0,0.0,999.0,5.869826302729528,1.0,3.0,0,True,0,0
511-1501-1521-1981-197,0.0015812,1.0,0.0015812,2025-03-12 17:37:29.450108+00:00,2025-03-12 17:37:29.450108+00:00,1.0,0.0,0.0,0.0,0,0,0.0,91.72071999999999,1,91.72071999999999,1,2024-12-09 23:24:01.959509+00:00,2024-12-09 23:24:01.959509+00:00,999.0,0.0,999.0,87010548.95016441,1.0,2.0,0,False,0,0
511-1511-1521-1571-198,0.0,0.0,0.0,0,0,0.0,4947.0,1.0,4947.0,2025-01-17 20:14:10.594363+00:00,2025-01-17 20:14:10.594363+00:00,1.0,6.07242,2,3.03621,1,2024-11-29 11:40:03.415389+00:00,2024-12-05 05:52:45.831971+00:00,0.0,0.0,999.0,0.0,1.0,3.0,0,True,0,0
511-1511-1521-1971-151,0.0,0.0,0.0,0,0,0.0,30000.0,1.0,30000.0,2025-01-17 17:35:25.493735+00:00,2025-01-17 17:35:25.493735+00:00,1.0,105.47525333333334,1,105.47525333333334,1,2024-12-03 18:24:38.308662+00:00,2024-12-03 18:24:38.308662+00:00,0.0,0.0,999.0,0.0,1.0,2.0,0,False,0,0
511-1511-1521-1971-154,0.0,0.0,0.0,0,0,0.0,1000.0,1.0,1000.0,2025-03-12 13:32:49.262781+00:00,2025-03-12 13:32:49.262781+00:00,1.0,15.0103,1,15.0103,1,2024-12-09 12:03:32.176942+00:00,2024-12-09 12:03:32.176942+00:00,0.0,0.0,999.0,0.0,1.0,2.0,0,False,0,0
511-1511-1521-1971-155,0.0,0.0,0.0,0,0,0.0,19100.0,1.0,19100.0,2025-03-12 14:20:41.145300+00:00,2025-03-12 14:20:41.145300+00:00,1.0,2.68526,1,2.68526,1,2024-12-05 18:10:53.448376+00:00,2024-12-05 18:10:53.448376+00:00,0.0,0.0,999.0,0.0,1.0,2.0,0,False,0,0
511-1511-1521-1971-157,0.0,0.0,0.0,0,0,0.0,70000.0,1.0,70000.0,2025-01-18 07:38:23.981867+00:00,2025-01-18 07:38:23.981867+00:00,1.0,49.84920666666667,1,49.84920666666667,1,2024-11-30 19:01:29.211776+00:00,2024-11-30 19:01:29.211776+00:00,0.0,0.0,999.0,0.0,1.0,2.0,0,False,0,0
511-1511-1521-1981-150,1767.39606501,4.0,441.8490162525,2025-01-18 00:31:57.818220+00:00,2025-01-18 03:43:17.838677+00:00,3.0,7540000.0,6.0,1256666.6666666667,2025-01-17 20:48:16.742039+00:00,2025-03-12 17:33:41.110724+00:00,1.0,244.08674,1,244.08674,1,2024-12-05 04:54:15.269605+00:00,2024-12-05 04:54:15.269605+00:00,0.0002344026611419098,4266.163170368572,-3.7280767169444444,207.15792982029097,4.0,11.0,0,False,0,0
511-1521-1521-1571-150,0.0,0.0,0.0,0,0,0.0,46100.0,1.0,46100.0,2025-03-12 11:15:42.087126+00:00,2025-03-12 11:15:42.087126+00:00,1.0,0.2675666666666667,1,0.2675666666666667,1,2024-12-05 17:46:04.166703+00:00,2024-12-05 17:46:04.166703+00:00,0.0,0.0,999.0,0.0,1.0,2.0,0,False,0,0
511-1521-1521-1571-151,0.0,0.0,0.0,0,0,0.0,17500.0,4.0,4375.0,2025-01-17 18:24:24.165755+00:00,2025-01-18 08:47:48.427335+00:00,1.0,21.438773333333334,1,21.438773333333334,1,2024-11-27 20:39:21.908262+00:00,2024-11-27 20:39:21.908262+00:00,0.0,0.0,999.0,0.0,1.0,5.0,0,False,0,0
511-1521-1521-1971-197,0.0,0.0,0.0,0,0,0.0,17800.0,1.0,17800.0,2025-01-18 08:32:22.829661+00:00,2025-01-18 08:32:22.829661+00:00,1.0,11.092546666666667,1,11.092546666666667,1,2024-12-07 07:44:11.120154+00:00,2024-12-07 07:44:11.120154+00:00,0.0,0.0,999.0,0.0,1.0,2.0,0,False,0,0
511-1521-1521-1981-149,0.01123215,2.0,0.005616075,2025-01-17 15:39:35.594131+00:00,2025-01-18 02:36:43.388410+00:00,1.0,210300.00883056,5.0,42060.001766112,2025-01-17 15:57:38.723954+00:00,2025-01-17 17:12:37.149793+00:00,2.0,54.5638,1,54.5638,1,2024-12-10 20:09:53.096918+00:00,2024-12-10 20:09:53.096918+00:00,5.3410126145309925e-08,18723041.34387094,0.3008693952777778,7286734.9527917635,3.0,8.0,0,False,0,0
511-1521-1521-1981-150,0.0,0.0,0.0,0,0,0.0,10100.0,1.0,10100.0,2025-01-18 00:00:02.300515+00:00,2025-01-18 00:00:02.300515+00:00,1.0,83.82002,1,83.82002,1,2024-12-01 16:08:46.347556+00:00,2024-12-01 16:08:46.347556+00:00,0.0,0.0,999.0,0.0,1.0,2.0,0,False,0,0
511-1531-1521-1561-150,169.13516983,4.0,42.2837924575,2025-01-18 08:49:45.917407+00:00,2025-03-12 14:15:17.140721+00:00,2.0,373276.0,8.0,46659.5,2025-01-18 08:57:37.567999+00:00,2025-03-12 14:33:04.340546+00:00,1.0,748.25394,2,374.12697,1,2024-12-07 08:06:23.938687+00:00,2024-12-10 19:56:57.856570+00:00,0.0004531102182567323,2206.968546962673,0.13101405333333332,6635.999544790831,3.0,14.0,0,False,0,0
511-1531-1521-1561-157,0.014082349999999999,2.0,0.007041174999999999,2025-03-12 15:15:38.184020+00:00,2025-03-12 17:37:18.613441+00:00,1.0,1546577.0,3.0,515525.6666666667,2025-03-12 15:40:23.245519+00:00,2025-03-12 15:50:51.940077+00:00,1.0,198.2983066666667,1,198.2983066666667,1,2024-11-30 18:54:10.977571+00:00,2024-11-30 18:54:10.977571+00:00,9.105495555669067e-09,109823786.51290447,0.4125170830555555,21122004.49498841,2.0,6.0,0,False,0,0
511-1531-1521-1571-148,0.0,0.0,0.0,0,0,0.0,4100.0,1.0,4100.0,2025-01-17 18:26:35.300191+00:00,2025-01-17 18:26:35.300191+00:00,1.0,6.61588,1,6.61588,1,2024-12-05 17:56:57.611872+00:00,2024-12-05 17:56:57.611872+00:00,0.0,0.0,999.0,0.0,1.0,2.0,0,False,0,0
511-1531-1521-1971-157,0.0,0.0,0.0,0,0,0.0,30100.0,1.0,30100.0,2025-03-12 15:34:31.275224+00:00,2025-03-12 15:34:31.275224+00:00,1.0,16.623393333333333,1,16.623393333333333,1,2024-11-29 11:31:08.101056+00:00,2024-11-29 11:31:08.101056+00:00,0.0,0.0,999.0,0.0,1.0,2.0,0,False,0,0
511-1531-1521-1971-198,0.00017464,1.0,0.00017464,2025-01-18 08:49:09.557728+00:00,2025-01-18 08:49:09.557728+00:00,1.0,97200.0,4.0,24300.0,2025-01-17 15:17:11.039446+00:00,2025-04-01 11:30:33.815068+00:00,1.0,12.963586666666668,1,12.963586666666668,1,2025-03-11 17:42:45.217909+00:00,2025-03-11 17:42:45.217909+00:00,1.7967078189300412e-09,556573522.6752176,-17.532921745,111345510.76500231,2.0,6.0,0,False,0,0
511-1541-1521-1561-156,40.03,1.0,40.03,2025-03-12 14:18:06.545436+00:00,2025-03-12 14:18:06.545436+00:00,1.0,61882.0,1.0,61882.0,2025-03-12 14:37:02.474267+00:00,2025-03-12 14:37:02.474267+00:00,1.0,22.673893333333332,1,22.673893333333332,1,2025-03-11 14:17:40.691391+00:00,2025-03-11 14:17:40.691391+00:00,0.0006468763129827737,1545.8905820634523,0.31553578638888885,849.6337746689982,2.0,3.0,0,False,0,0
511-1541-1521-1971-153,0.051,2.0,0.0255,2025-01-17 18:36:35.707831+00:00,2025-03-12 15:10:29.268281+00:00,1.0,20635.0,3.0,6878.333333333333,2025-01-17 19:06:02.411147+00:00,2025-03-12 16:13:12.687379+00:00,1.0,5.3189866666666665,1,5.3189866666666665,1,2025-03-11 17:39:53.604385+00:00,2025-03-11 17:39:53.604385+00:00,2.4715289556578626e-06,404607.84313725494,0.4907509211111111,156440.78431372548,2.0,6.0,0,False,0,0
511-1541-1521-1971-198,0.00040863,1.0,0.00040863,2025-03-12 17:01:37.601891+00:00,2025-03-12 17:01:37.601891+00:00,1.0,3000.0,1.0,3000.0,2025-03-12 17:04:15.467917+00:00,2025-03-12 17:04:15.467917+00:00,1.0,34.80996666666667,2,17.404983333333334,1,2024-11-28 16:38:38.206715+00:00,2024-12-10 13:41:54.467789+00:00,1.3621e-07,7341604.874825637,0.04385167388888889,127780510.48625897,2.0,4.0,0,True,0,0
511-1541-1521-1981-1102,0.03158845,2.0,0.015794225,2025-01-17 17:41:11.775996+00:00,2025-01-18 12:58:38.039028+00:00,1.0,1750.0,1.0,1750.0,2025-01-17 18:10:47.180092+00:00,2025-01-17 18:10:47.180092+00:00,1.0,10.5967,1,10.5967,1,2024-12-05 04:36:46.778624+00:00,2024-12-05 04:36:46.778624+00:00,1.8050542857142856e-05,55399.99588457174,0.4931678044444444,503191.831191464,2.0,4.0,0,False,0,0
511-1541-1521-1981-198,0.04443169,1.0,0.04443169,2025-01-18 09:05:27.750529+00:00,2025-01-18 09:05:27.750529+00:00,1.0,12105.0,2.0,6052.5,2025-01-18 03:47:44.180528+00:00,2025-01-18 03:48:04.663860+00:00,1.0,3.430366666666667,1,3.430366666666667,1,2024-12-08 17:45:23.300274+00:00,2024-12-08 17:45:23.300274+00:00,3.670523750516316e-06,272440.6836651948,-5.295436111388889,115808.10903208949,2.0,4.0,0,False,0,0
511-1551-1521-1571-1101,0.0,0.0,0.0,0,0,0.0,23041.0,1.0,23041.0,2025-03-12 11:20:51.793346+00:00,2025-03-12 11:20:51.793346+00:00,1.0,16.35554,1,16.35554,1,2024-12-03 18:36:56.200064+00:00,2024-12-03 18:36:56.200064+00:00,0.0,0.0,999.0,0.0,1.0,2.0,0,False,0,0
511-1551-1521-1571-150,19.0,1.0,19.0,2025-01-18 10:43:51.076408+00:00,2025-01-18 10:43:51.076408+00:00,1.0,31100.0,1.0,31100.0,2025-01-18 10:57:23.226788+00:00,2025-01-18 10:57:23.226788+00:00,1.0,10.117379999999999,1,10.117379999999999,1,2024-12-02 11:13:53.152919+00:00,2024-12-02 11:13:53.152919+00:00,0.0006109324758842443,1636.842105263158,0.2255973277777778,798.7405263157895,2.0,3.0,0,False,0,0
511-1551-1521-1571-197,0.0,0.0,0.0,0,0,0.0,102200.0,5.0,20440.0,2025-03-12 12:05:37.275540+00:00,2025-03-12 17:03:32.194608+00:00,1.0,19.959373333333332,2,9.979686666666666,1,2024-11-27 21:04:45.947584+00:00,2024-12-11 07:39:34.612737+00:00,0.0,0.0,999.0,0.0,1.0,7.0,0,True,0,0
511-1551-1521-1971-156,0.0,0.0,0.0,0,0,0.0,55100.0,3.0,18366.666666666668,2025-01-17 15:54:41.749472+00:00,2025-01-17 20:11:06.843918+00:00,1.0,19.938886666666665,2,9.969443333333333,1,2024-12-04 12:31:32.841084+00:00,2024-12-04 12:35:05.204411+00:00,0.0,0.0,999.0,0.0,1.0,5.0,0,True,0,0
511-1551-1521-1981-157,0.06472894,3.0,0.021576313333333333,2025-01-18 06:26:15.830006+00:00,2025-03-12 11:45:49.098483+00:00,1.0,10582.0,3.0,3527.3333333333335,2025-01-18 06:37:47.818489+00:00,2025-03-12 11:52:46.110880+00:00,1.0,0.87968,1,0.87968,1,2024-12-06 13:29:05.151637+00:00,2024-12-06 13:29:05.151637+00:00,6.116890946890947e-06,163481.74402361602,0.19221902305555555,20385.317602914554,2.0,7.0,0,False,0,0
511-1561-1521-1571-1101,0.0,0.0,0.0,0,0,0.0,15904.0,1.0,15904.0,2025-01-18 02:00:01.817510+00:00,2025-01-18 02:00:01.817510+00:00,1.0,100.45916666666668,2,50.22958333333334,1,2024-12-08 17:56:45.049327+00:00,2024-12-09 11:57:45.576981+00:00,0.0,0.0,999.0,0.0,1.0,3.0,0,True,0,0
511-1561-1521-1971-155,7.941613,1.0,7.941613,2025-03-12 17:32:11.333400+00:00,2025-03-12 17:32:11.333400+00:00,1.0,0.0,0.0,0.0,0,0,0.0,43.409819999999996,2,21.704909999999998,1,2024-12-05 18:25:34.537353+00:00,2024-12-07 08:01:45.899051+00:00,999.0,0.0,999.0,8199.181954597887,1.0,3.0,0,True,0,0
511-1561-1521-1981-151,0.000101,1.0,0.000101,2025-03-12 11:33:43.069087+00:00,2025-03-12 11:33:43.069087+00:00,1.0,10536.0,1.0,10536.0,2025-01-18 11:52:40.605746+00:00,2025-01-18 11:52:40.605746+00:00,1.0,10.661673333333333,1,10.661673333333333,1,2024-11-30 19:23:02.712466+00:00,2024-11-30 19:23:02.712466+00:00,9.586180713743356e-09,104316831.68316832,-1271.684017594722,158341683.1683168,2.0,3.0,0,False,0,0
511-1561-1521-1981-199,0.0,0.0,0.0,0,0,0.0,79500.0,4.0,19875.0,2025-03-12 12:05:12.112288+00:00,2025-03-12 16:58:32.962327+00:00,1.0,30.0,1,30.0,1,2025-03-11 17:38:25.096913+00:00,2025-03-11 17:38:25.096913+00:00,0.0,0.0,999.0,0.0,1.0,5.0,0,False,0,0
511-1571-1521-1971-153,0.0,0.0,0.0,0,0,0.0,15000.0,1.0,15000.0,2025-05-08 15:20:47.425712+00:00,2025-05-08 15:20:47.425712+00:00,1.0,52.669333333333334,1,52.669333333333334,1,2024-12-09 12:17:52.083151+00:00,2024-12-09 12:17:52.083151+00:00,0.0,0.0,999.0,0.0,1.0,2.0,0,False,0,0
511-1571-1521-1981-1102,45.0,1.0,45.0,2025-01-18 11:20:30.884166+00:00,2025-01-18 11:20:30.884166+00:00,1.0,49087.0,1.0,49087.0,2025-01-18 12:46:38.881326+00:00,2025-01-18 12:46:38.881326+00:00,1.0,55.18049333333333,2,27.590246666666665,1,2024-12-05 05:50:33.789978+00:00,2024-12-06 13:29:57.406486+00:00,0.0009167396663067615,1090.8222222222223,1.4355547666666666,1839.3497777777777,2.0,4.0,0,True,0,0
511-1571-1521-1981-153,0.0,0.0,0.0,0,0,0.0,25000.0,3.0,8333.333333333334,2025-03-12 12:12:30.818041+00:00,2025-03-12 15:28:05.505350+00:00,1.0,141.63619333333332,2,70.81809666666666,1,2024-11-30 05:05:37.490043+00:00,2024-12-03 02:47:09.552512+00:00,0.0,0.0,999.0,0.0,1.0,5.0,0,True,0,0
511-1971-1521-1571-153,0.0,0.0,0.0,0,0,0.0,70000.0,2.0,35000.0,2025-03-12 13:52:52.897390+00:00,2025-03-12 14:26:57.450419+00:00,1.0,47.26060666666666,3,15.753535555555553,1,2024-12-08 17:29:08.407601+00:00,2025-03-11 14:16:29.571467+00:00,0.0,0.0,999.0,0.0,1.0,5.0,0,True,0,0
511-1971-1521-1571-157,0.0,0.0,0.0,0,0,0.0,464100.0,7.0,66300.0,2025-01-17 15:41:54.398261+00:00,2025-01-18 10:34:07.589392+00:00,1.0,139.21164,1,139.21164,1,2024-11-29 12:13:08.334153+00:00,2024-11-29 12:13:08.334153+00:00,0.0,0.0,999.0,0.0,1.0,8.0,0,False,0,0
511-1971-1521-1571-197,0.0,0.0,0.0,0,0,0.0,49411.0,1.0,49411.0,2025-01-18 12:50:35.218845+00:00,2025-01-18 12:50:35.218845+00:00,1.0,11.356326666666668,1,11.356326666666668,1,2024-12-06 13:19:37.288023+00:00,2024-12-06 13:19:37.288023+00:00,0.0,0.0,999.0,0.0,1.0,2.0,0,False,0,0
511-1971-1521-1971-152,600150.0,1.0,600150.0,2025-01-17 15:28:23.883752+00:00,2025-01-17 15:28:23.883752+00:00,1.0,0.0,0.0,0.0,0,0,0.0,25.728046666666664,3,8.576015555555555,2,2024-11-30 05:33:30.186375+00:00,2024-12-03 18:38:52.858083+00:00,999.0,0.0,999.0,0.06430404065650253,1.0,4.0,0,True,0,0
511-1971-1521-1971-154,3997150.0,5.0,799430.0,2025-01-17 18:49:46.749712+00:00,2025-03-12 12:38:33.546840+00:00,1.0,2445.0,4.0,611.25,2025-01-17 18:58:50.794453+00:00,2025-03-12 12:40:01.430838+00:00,1.0,898.6666666666666,1,898.6666666666666,1,2025-03-11 17:37:04.857168+00:00,2025-03-11 17:37:04.857168+00:00,1634.8261758691206,0.0006116858261511327,0.15112353916666668,0.3372402837021377,2.0,10.0,0,False,0,0
511-1971-1521-1981-156,22.92467411,1.0,22.92467411,2025-03-12 11:33:22.360965+00:00,2025-03-12 11:33:22.360965+00:00,1.0,35000.0,2.0,17500.0,2025-01-18 09:26:03.438148+00:00,2025-03-12 15:26:02.273631+00:00,1.0,6.001323061333333,2,3.0006615306666666,2,2024-12-06 13:16:27.535253+00:00,2024-12-08 17:19:09.056495+00:00,0.0006549906888571429,1526.7392605913908,-1274.1219230047222,392.67666570986205,2.0,5.0,0,True,0,0
511-1981-1521-1561-1101,10000.0,1.0,10000.0,2025-01-18 07:23:16.003944+00:00,2025-01-18 07:23:16.003944+00:00,1.0,0.044975,1.0,0.044975,2025-01-18 07:30:48.439928+00:00,2025-01-18 07:30:48.439928+00:00,1.0,8.28576,1,8.28576,1,2024-11-27 21:18:27.794781+00:00,2024-11-27 21:18:27.794781+00:00,222345.74763757642,4.4975e-06,0.12567666222222224,1.242864,2.0,3.0,0,False,0,0
511-1981-1521-1561-199,1000.0,1.0,1000.0,2025-01-17 21:42:00.339175+00:00,2025-01-17 21:42:00.339175+00:00,1.0,0.0,0.0,0.0,0,0,0.0,1321.6431733333334,3,440.54772444444444,2,2024-11-30 18:44:21.968331+00:00,2024-11-30 18:45:44.410463+00:00,999.0,0.0,999.0,1982.46476,1.0,4.0,0,False,0,0
511-1981-1521-1571-148,0.00335219,1.0,0.00335219,2025-01-17 16:31:31.268385+00:00,2025-01-17 16:31:31.268385+00:00,1.0,559221.0,7.0,79888.71428571429,2025-01-17 16:50:21.863540+00:00,2025-01-18 07:40:50.197379+00:00,1.0,13.333986666666666,1,13.333986666666666,1,2024-11-29 11:28:39.651882+00:00,2024-11-29 11:28:39.651882+00:00,5.994392199148459e-09,166822584.63869888,0.3140542097222222,5966541.276001658,2.0,9.0,0,False,0,0
511-1981-1521-1571-152,1650.0,1.0,1650.0,2025-01-18 12:33:37.598910+00:00,2025-01-18 12:33:37.598910+00:00,1.0,0.0,0.0,0.0,0,0,0.0,0.26646353466666667,1,0.26646353466666667,1,2024-12-10 20:14:25.541517+00:00,2024-12-10 20:14:25.541517+00:00,999.0,0.0,999.0,0.24223957696969695,1.0,2.0,0,False,0,0
511-1981-1521-1971-1101,0.07271124,1.0,0.07271124,2025-01-17 16:31:35.617383+00:00,2025-01-17 16:31:35.617383+00:00,1.0,0.0,0.0,0.0,0,0,0.0,263.1513066666667,1,263.1513066666667,1,2024-12-08 17:11:40.496889+00:00,2024-12-08 17:11:40.496889+00:00,999.0,0.0,999.0,5428692.455251762,1.0,2.0,0,False,0,0
511-1981-1521-1981-1101,20.0,1.0,20.0,2025-01-18 08:10:59.493795+00:00,2025-01-18 08:10:59.493795+00:00,1.0,4603.0,1.0,4603.0,2025-03-12 11:11:53.293145+00:00,2025-03-12 11:11:53.293145+00:00,1.0,34.95466,4,8.738665,1,2024-11-28 16:23:45.430964+00:00,2024-12-10 20:03:32.902581+00:00,0.004344992396263307,230.15,1275.014944263889,2621.5995,2.0,6.0,0,True,0,0
511-1991-1521-1571-154,0.05314797,2.0,0.026573985,2025-03-12 11:54:27.305073+00:00,2025-03-12 12:08:08.750147+00:00,1.0,38959.0,4.0,9739.75,2025-01-17 16:59:04.736011+00:00,2025-03-12 16:19:04.330391+00:00,1.0,57.7077,2,28.85385,2,2024-12-05 18:13:19.149918+00:00,2024-12-10 13:21:37.173234+00:00,1.3642026232706178e-06,733028.9378879381,-1290.9229358505556,1628689.675259469,2.0,8.0,0,True,0,0
511-1991-1521-1981-150,0.0,0.0,0.0,0,0,0.0,60000.0,1.0,60000.0,2025-01-18 10:00:08.301495+00:00,2025-01-18 10:00:08.301495+00:00,1.0,560.9907333333333,4,140.24768333333333,2,2024-12-03 18:17:34.344993+00:00,2025-03-11 14:28:25.377696+00:00,0.0,0.0,999.0,0.0,1.0,5.0,0,False,0,0
521-11001-1521-1561-148,0.0,0.0,0.0,0,0,0.0,140000.0,2.0,70000.0,2025-03-12 13:27:01.907080+00:00,2025-03-12 13:42:02.069358+00:00,1.0,1.3197933333333334,1,1.3197933333333334,1,2024-12-03 01:41:27.157433+00:00,2024-12-03 01:41:27.157433+00:00,0.0,0.0,999.0,0.0,1.0,3.0,0,False,0,0
521-11001-1521-1561-198,0.00837013,3.0,0.0027900433333333335,2025-01-17 23:11:16.024211+00:00,2025-01-18 11:13:57.167409+00:00,1.0,110000.0,3.0,36666.666666666664,2025-01-17 15:06:49.018676+00:00,2025-01-18 09:01:05.481500+00:00,1.0,167.55498666666668,1,167.55498666666668,1,2024-11-27 21:43:55.228167+00:00,2024-11-27 21:43:55.228167+00:00,7.609209090909091e-08,13141970.31587323,-8.074168204166666,30027309.014316387,2.0,7.0,0,False,0,0
521-11001-1521-1561-199,0.0001455,1.0,0.0001455,2025-01-18 06:46:56.181744+00:00,2025-01-18 06:46:56.181744+00:00,1.0,14100.0,2.0,7050.0,2025-01-18 07:33:15.785299+00:00,2025-01-18 09:40:43.617506+00:00,1.0,199.6372333333333,1,199.6372333333333,1,2024-11-27 21:06:10.018535+00:00,2024-11-27 21:06:10.018535+00:00,1.0319148936170213e-08,96907216.49484535,0.7721120986111112,2058115807.560137,2.0,4.0,0,False,0,0
521-11001-1521-1571-1101,0.00056897,1.0,0.00056897,2025-01-17 20:37:32.258069+00:00,2025-01-17 20:37:32.258069+00:00,1.0,249400.0,10.0,24940.0,2025-01-17 16:29:37.735460+00:00,2025-03-12 12:03:21.937478+00:00,1.0,332.11648,2,166.05824,1,2024-11-27 21:40:38.884437+00:00,2024-12-03 04:13:11.355666+00:00,2.2813552526062552e-09,438335940.3835,-4.131811835833333,875572912.4558413,2.0,13.0,0,True,0,0
521-11001-1521-1571-199,0.0,0.0,0.0,0,0,0.0,14200.0,2.0,7100.0,2025-03-12 17:01:44.008018+00:00,2025-03-12 17:03:16.391494+00:00,1.0,256.48044666666664,1,256.48044666666664,1,2024-12-01 16:16:35.051850+00:00,2024-12-01 16:16:35.051850+00:00,0.0,0.0,999.0,0.0,1.0,3.0,0,False,0,0
521-11001-1521-1971-154,0.0,0.0,0.0,0,0,0.0,55200.0,2.0,27600.0,2025-01-17 21:49:10.958678+00:00,2025-01-17 21:49:14.571456+00:00,1.0,20.161113333333333,2,10.080556666666666,1,2024-11-29 11:44:37.201046+00:00,2024-11-30 18:59:32.907626+00:00,0.0,0.0,999.0,0.0,1.0,4.0,0,True,0,0
521-11001-1521-1981-154,0.0,0.0,0.0,0,0,0.0,11192.0,1.0,11192.0,2025-01-18 09:00:05.970512+00:00,2025-01-18 09:00:05.970512+00:00,1.0,17.50726,1,17.50726,1,2024-11-30 05:32:58.795945+00:00,2024-11-30 05:32:58.795945+00:00,0.0,0.0,999.0,0.0,1.0,2.0,0,False,0,0
521-11001-1521-1981-157,189.79022576,6.0,31.631704293333332,2025-01-17 23:02:47.224423+00:00,2025-01-18 06:08:59.531902+00:00,2.0,1013751.0,6.0,168958.5,2025-01-17 23:21:57.742516+00:00,2025-01-18 10:00:55.942204+00:00,1.0,252.53148666666664,2,126.26574333333332,1,2024-11-27 21:14:17.434976+00:00,2024-12-04 12:34:51.454673+00:00,0.00018721582100535535,5341.428916797554,0.3195883591666666,1995.8732252050195,3.0,14.0,0,True,0,0
521-11011-1521-1561-156,0.0,0.0,0.0,0,0,0.0,4993.0,1.0,4993.0,2025-01-17 23:27:27.872186+00:00,2025-01-17 23:27:27.872186+00:00,1.0,13.264573333333333,1,13.264573333333333,1,2024-12-03 18:36:30.947135+00:00,2024-12-03 18:36:30.947135+00:00,0.0,0.0,999.0,0.0,1.0,2.0,0,False,0,0
521-11011-1521-1571-1101,0.00023888,1.0,0.00023888,2025-01-17 21:16:44.162578+00:00,2025-01-17 21:16:44.162578+00:00,1.0,79904.0,8.0,9988.0,2025-01-17 16:01:59.375890+00:00,2025-03-12 15:35:40.271420+00:00,1.0,27.80416,3,9.268053333333333,1,2024-11-28 16:28:47.847888+00:00,2024-12-05 17:56:50.412995+00:00,2.989587505006007e-09,334494306.7649029,-5.24577408,174590756.86537173,2.0,12.0,0,True,0,0
521-11011-1521-1571-155,0.00056501,1.0,0.00056501,2025-01-18 09:08:25.083194+00:00,2025-01-18 09:08:25.083194+00:00,1.0,127700.0,3.0,42566.666666666664,2025-01-18 10:28:46.095045+00:00,2025-03-12 17:44:06.693996+00:00,1.0,34.37394666666667,1,34.37394666666667,1,2024-12-09 11:58:17.250313+00:00,2024-12-09 11:58:17.250313+00:00,4.4245105716523106e-09,226013698.8725863,1.3391699586111112,91256650.32477303,2.0,5.0,0,False,0,0
521-11011-1521-1981-1101,0.01150523,2.0,0.005752615,2025-01-18 01:47:06.692713+00:00,2025-01-18 02:02:17.756921+00:00,1.0,1571000.0,33.0,47606.06060606061,2025-01-18 01:53:45.218447+00:00,2025-01-18 11:55:01.095144+00:00,1.0,552.9082933333333,1,552.9082933333333,1,2024-12-03 02:43:02.387006+00:00,2024-12-03 02:43:02.387006+00:00,7.323507320178231e-09,136546596.63474786,0.11070159277777777,72085689.7254553,2.0,36.0,0,False,0,0
521-11011-1521-1981-157,0.00042925,1.0,0.00042925,2025-01-17 20:26:52.349375+00:00,2025-01-17 20:26:52.349375+00:00,1.0,82500.0,7.0,11785.714285714286,2025-01-17 17:44:59.865341+00:00,2025-01-18 10:33:38.065574+00:00,1.0,39.46370666666667,2,19.731853333333333,1,2024-11-28 15:58:35.387100+00:00,2024-12-07 20:50:41.303003+00:00,5.203030303030303e-09,192195690.15725103,-2.6979122316666664,137904624.34478742,2.0,10.0,0,True,0,0
521-11011-1521-1981-197,0.07699982999999999,3.0,0.025666609999999996,2025-01-17 16:28:14.872420+00:00,2025-01-17 20:52:38.718071+00:00,1.0,16899.0,2.0,8449.5,2025-01-17 16:34:51.910602+00:00,2025-01-17 21:03:02.017482+00:00,1.0,3.3545866666666666,1,3.3545866666666666,1,2024-11-28 16:40:57.397414+00:00,2024-11-28 16:40:57.397414+00:00,4.556472572341558e-06,219468.0170073103,0.1102883838888889,65349.23518662315,2.0,6.0,0,False,0,0
521-11021-1521-1571-151,0.0,0.0,0.0,0,0,0.0,10413.0,1.0,10413.0,2025-01-17 17:40:10.749506+00:00,2025-01-17 17:40:10.749506+00:00,1.0,29.7224,1,29.7224,1,2024-12-06 13:10:52.146440+00:00,2024-12-06 13:10:52.146440+00:00,0.0,0.0,999.0,0.0,1.0,2.0,0,False,0,0
521-11021-1521-1571-153,50150.0,1.0,50150.0,2025-01-18 10:14:20.654890+00:00,2025-01-18 10:14:20.654890+00:00,1.0,0.0,0.0,0.0,0,0,0.0,0.6893866666666666,2,0.3446933333333333,2,2024-12-02 11:33:45.253951+00:00,2024-12-02 11:34:02.140547+00:00,999.0,0.0,999.0,0.020619740777666998,1.0,3.0,0,True,0,0
521-11021-1521-1981-148,525.0,2.0,262.5,2025-03-12 11:40:23.745467+00:00,2025-03-12 12:26:41.700231+00:00,1.0,0.0,0.0,0.0,0,0,0.0,777.5565466666667,1,777.5565466666667,1,2024-12-02 11:07:47.876355+00:00,2024-12-02 11:07:47.876355+00:00,999.0,0.0,999.0,2221.5901333333336,1.0,3.0,0,False,0,0
521-1481-1521-1571-1100,0.08581624,1.0,0.08581624,2025-03-12 13:03:04.089391+00:00,2025-03-12 13:03:04.089391+00:00,1.0,11400.0,1.0,11400.0,2025-03-12 16:23:45.026511+00:00,2025-03-12 16:23:45.026511+00:00,1.0,14.255433333333334,1,14.255433333333334,1,2024-12-05 18:17:50.648988+00:00,2024-12-05 18:17:50.648988+00:00,7.527740350877193e-06,132841.9888822908,3.3447047555555556,249173.69952354007,2.0,3.0,0,False,0,0
521-1481-1521-1571-1102,0.0,0.0,0.0,0,0,0.0,10000.0,2.0,5000.0,2025-01-17 20:11:33.376054+00:00,2025-01-18 11:54:38.049525+00:00,1.0,28.24513333333333,1,28.24513333333333,1,2024-12-08 17:50:02.794393+00:00,2024-12-08 17:50:02.794393+00:00,0.0,0.0,999.0,0.0,1.0,3.0,0,False,0,0
521-1481-1521-1571-154,0.0,0.0,0.0,0,0,0.0,22180.0,2.0,11090.0,2025-03-12 11:20:10.257924+00:00,2025-03-12 11:42:43.513394+00:00,1.0,7.058893333333334,1,7.058893333333334,1,2024-12-07 08:21:23.787736+00:00,2024-12-07 08:21:23.787736+00:00,0.0,0.0,999.0,0.0,1.0,3.0,0,False,0,0
521-1481-1521-1971-154,0.0,0.0,0.0,0,0,0.0,45100.0,2.0,22550.0,2025-03-12 17:36:44.910014+00:00,2025-05-08 15:21:20.868981+00:00,1.0,476.63795333333337,1,476.63795333333337,1,2024-12-10 20:19:31.668646+00:00,2024-12-10 20:19:31.668646+00:00,0.0,0.0,999.0,0.0,1.0,3.0,0,False,0,0
521-1481-1521-1971-197,0.0,0.0,0.0,0,0,0.0,20000.0,1.0,20000.0,2025-01-18 02:21:38.198005+00:00,2025-01-18 02:21:38.198005+00:00,1.0,82.19368666666666,2,41.09684333333333,2,2024-12-04 12:42:39.566704+00:00,2024-12-05 06:03:07.287919+00:00,0.0,0.0,999.0,0.0,1.0,3.0,0,True,0,0
521-1481-1521-1981-153,0.015481189999999999,2.0,0.007740594999999999,2025-01-17 19:34:08.580115+00:00,2025-01-17 19:53:41.857878+00:00,2.0,289758.0,2.0,144879.0,2025-01-17 19:49:17.424830+00:00,2025-01-17 20:57:11.400797+00:00,1.0,176.21884666666668,1,176.21884666666668,1,2024-11-30 04:41:35.575407+00:00,2024-11-30 04:41:35.575407+00:00,5.342799853670994e-08,18716778.232164323,0.2524568652777778,17074157.08999115,3.0,5.0,0,False,0,0
521-1491-1521-1561-1100,0.0,0.0,0.0,0,0,0.0,51100.0,1.0,51100.0,2025-03-12 17:20:20.766945+00:00,2025-03-12 17:20:20.766945+00:00,1.0,33.32934,1,33.32934,1,2024-12-05 17:53:41.622485+00:00,2024-12-05 17:53:41.622485+00:00,0.0,0.0,999.0,0.0,1.0,2.0,0,False,0,0
521-1491-1521-1561-154,0.0,0.0,0.0,0,0,0.0,20510.0,1.0,20510.0,2025-01-17 17:16:58.736397+00:00,2025-01-17 17:16:58.736397+00:00,1.0,57.08786666666667,7,8.155409523809524,3,2024-12-01 16:41:17.578689+00:00,2024-12-11 11:04:51.859174+00:00,0.0,0.0,999.0,0.0,1.0,8.0,0,True,0,0
521-1491-1521-1571-148,56.0,1.0,56.0,2025-03-12 16:29:32.491384+00:00,2025-03-12 16:29:32.491384+00:00,1.0,0.0,0.0,0.0,0,0,0.0,2.8332333333333337,1,2.8332333333333337,1,2024-11-30 05:53:19.490090+00:00,2024-11-30 05:53:19.490090+00:00,999.0,0.0,999.0,75.89017857142858,1.0,2.0,0,False,0,0
521-1491-1521-1571-157,15600.0,3.0,5200.0,2025-01-17 17:21:55.685829+00:00,2025-01-17 21:50:54.580276+00:00,1.0,0.06460665,3.0,0.02153555,2025-01-17 17:23:58.401524+00:00,2025-01-17 21:56:27.923459+00:00,1.0,17.27331333333333,5,3.454662666666666,1,2024-11-29 11:30:32.770866+00:00,2024-12-08 18:04:51.002025+00:00,241461.21181023933,4.1414519230769236e-06,0.034087693055555555,1.6608955128205125,2.0,11.0,0,True,0,0
521-1491-1521-1971-197,176.797936,2.0,88.398968,2025-01-18 09:25:49.960526+00:00,2025-03-12 14:06:05.799977+00:00,1.0,288064.0,2.0,144032.0,2025-01-18 09:44:10.227437+00:00,2025-03-12 15:26:10.144331+00:00,1.0,350.04599333333334,5,70.00919866666666,2,2024-12-03 17:59:34.743400+00:00,2024-12-09 12:41:43.518231+00:00,0.0006137453343701399,1629.3402882259893,0.30562969749999996,2969.881899526248,2.0,9.0,0,True,0,0
521-1491-1521-1981-151,0.22535953,2.0,0.112679765,2025-01-18 08:52:18.495543+00:00,2025-03-12 13:37:42.999514+00:00,1.0,555000.0,4.0,138750.0,2025-01-18 10:37:12.624522+00:00,2025-03-12 16:18:20.586827+00:00,1.0,32.0511,2,16.02555,2,2024-12-03 18:42:14.097026+00:00,2024-12-07 21:31:10.653828+00:00,4.0605320720720723e-07,2462731.4407338356,1.7483691608333334,213333.1126489303,2.0,8.0,0,True,0,0
521-1491-1521-1981-198,88000.0,2.0,44000.0,2025-01-18 00:48:44.383111+00:00,2025-03-12 17:43:14.310639+00:00,1.0,0.323925,3.0,0.107975,2025-01-18 00:53:36.594468+00:00,2025-01-18 10:02:45.737388+00:00,1.0,74.05173333333333,4,18.512933333333333,1,2024-12-03 02:01:12.241094+00:00,2024-12-08 17:28:50.758568+00:00,271667.8243420545,3.6809659090909094e-06,0.0811698213888889,1.2622454545454547,2.0,9.0,0,True,0,0
521-1501-1521-1561-198,0.00133799,1.0,0.00133799,2025-01-17 22:10:55.355791+00:00,2025-01-17 22:10:55.355791+00:00,1.0,551900.0,2.0,275950.0,2025-01-17 22:28:05.053885+00:00,2025-03-12 15:04:47.164521+00:00,1.0,1.6383999999999999,1,1.6383999999999999,1,2025-03-11 18:41:40.224875+00:00,2025-03-11 18:41:40.224875+00:00,2.4243341184997282e-09,412484398.23914975,0.2860272483333334,1836785.0282887015,2.0,4.0,0,False,0,0
521-1501-1521-1571-155,20.0,1.0,20.0,2025-01-18 00:34:47.782930+00:00,2025-01-18 00:34:47.782930+00:00,1.0,0.0,0.0,0.0,0,0,0.0,135.81016,1,135.81016,1,2024-12-03 18:02:15.901068+00:00,2024-12-03 18:02:15.901068+00:00,999.0,0.0,999.0,10185.761999999999,1.0,2.0,0,False,0,0
521-1501-1521-1571-199,0.0,0.0,0.0,0,0,0.0,5100.0,1.0,5100.0,2025-01-18 11:12:49.662236+00:00,2025-01-18 11:12:49.662236+00:00,1.0,578.2944133333333,1,578.2944133333333,1,2025-07-18 15:31:17.681972+00:00,2025-07-18 15:31:17.681972+00:00,0.0,0.0,999.0,0.0,1.0,2.0,0,False,0,0
521-1501-1521-1981-1101,33.0,1.0,33.0,2025-01-18 04:01:50.422054+00:00,2025-01-18 04:01:50.422054+00:00,1.0,0.0,0.0,0.0,0,0,0.0,42.35336,1,42.35336,1,2024-12-07 07:35:24.318276+00:00,2024-12-07 07:35:24.318276+00:00,999.0,0.0,999.0,1925.1527272727276,1.0,2.0,0,False,0,0
521-1501-1521-1981-1102,0.02675596,1.0,0.02675596,2025-01-18 00:39:44.185800+00:00,2025-01-18 00:39:44.185800+00:00,1.0,30000.0,1.0,30000.0,2025-01-18 12:18:30.068847+00:00,2025-01-18 12:18:30.068847+00:00,1.0,42.71259333333333,1,42.71259333333333,1,2024-11-30 19:10:23.343018+00:00,2024-11-30 19:10:23.343018+00:00,8.918653333333333e-07,1121245.5094117348,11.646078624166668,2394565.1735164803,2.0,3.0,0,False,0,0
521-1501-1521-1981-199,0.00012445,1.0,0.00012445,2025-01-17 19:28:13.477391+00:00,2025-01-17 19:28:13.477391+00:00,1.0,0.0,0.0,0.0,0,0,0.0,28.654133333333334,2,14.327066666666667,1,2024-12-03 18:19:55.373206+00:00,2024-12-05 05:11:20.441827+00:00,999.0,0.0,999.0,345369224.58818805,1.0,3.0,0,True,0,0
521-1511-1521-1561-148,0.00599279,1.0,0.00599279,2025-03-12 13:04:12.547138+00:00,2025-03-12 13:04:12.547138+00:00,1.0,760008.0,1.0,760008.0,2025-03-12 13:38:22.719497+00:00,2025-03-12 13:38:22.719497+00:00,1.0,170.55284,1,170.55284,1,2024-12-03 00:55:27.938023+00:00,2024-12-03 00:55:27.938023+00:00,7.885166998242123e-09,126820395.84233722,0.5694923219444444,42689508.55945227,2.0,3.0,0,False,0,0
521-1511-1521-1561-149,0.0002479,1.0,0.0002479,2025-01-17 17:25:19.775075+00:00,2025-01-17 17:25:19.775075+00:00,1.0,55448.0,4.0,13862.0,2025-01-17 15:39:13.621545+00:00,2025-01-17 22:41:02.659124+00:00,1.0,18.38126,5,3.6762520000000003,1,2024-12-03 01:47:29.997168+00:00,2024-12-08 17:59:04.247463+00:00,4.470855576395903e-09,223670835.01411858,-1.7683759805555554,111221823.31585316,2.0,10.0,0,True,0,0
521-1511-1521-1561-152,0.0038323100000000002,3.0,0.0012774366666666668,2025-01-18 02:36:52.933785+00:00,2025-01-18 03:49:47.906770+00:00,1.0,638374.0,1.0,638374.0,2025-01-18 08:42:11.638638+00:00,2025-01-18 08:42:11.638638+00:00,1.0,11.765566666666667,1,11.765566666666667,1,2024-12-11 14:21:12.988589+00:00,2024-12-11 14:21:12.988589+00:00,6.003236347344974e-09,166576816.59364715,6.088529125833333,4605146.765266902,2.0,5.0,0,False,0,0
521-1511-1521-1561-198,0.0,0.0,0.0,0,0,0.0,5600.0,1.0,5600.0,2025-01-18 07:34:29.558695+00:00,2025-01-18 07:34:29.558695+00:00,1.0,70.8292,1,70.8292,1,2024-12-09 12:37:01.740097+00:00,2024-12-09 12:37:01.740097+00:00,0.0,0.0,999.0,0.0,1.0,2.0,0,False,0,0
521-1511-1521-1571-1100,0.00133954,1.0,0.00133954,2025-01-17 15:30:56.610796+00:00,2025-01-17 15:30:56.610796+00:00,1.0,224674.0,1.0,224674.0,2025-01-17 16:48:53.138710+00:00,2025-01-17 16:48:53.138710+00:00,1.0,56.770680000000006,1,56.770680000000006,1,2024-12-09 12:41:52.388398+00:00,2024-12-09 12:41:52.388398+00:00,5.9621496034254075e-09,167724741.32911298,1.2990355316666666,63571091.56874749,2.0,3.0,0,False,0,0
521-1511-1521-1971-152,37.986445,2.0,18.9932225,2025-01-17 16:50:13.695149+00:00,2025-01-18 10:00:53.197405+00:00,1.0,66889.0,2.0,33444.5,2025-01-17 17:05:17.762432+00:00,2025-01-18 10:15:40.488288+00:00,1.0,66.65925333333334,2,33.32962666666667,1,2024-12-07 08:25:44.520502+00:00,2024-12-11 07:36:49.632222+00:00,0.0005679027194306986,1760.8649611723338,0.2511298008333333,2632.2252582467245,2.0,6.0,0,True,0,0
521-1511-1521-1971-197,0.0,0.0,0.0,0,0,0.0,60000.0,1.0,60000.0,2025-03-12 11:20:25.453971+00:00,2025-03-12 11:20:25.453971+00:00,1.0,240.48206000000002,1,240.48206000000002,1,2024-12-05 17:48:22.050767+00:00,2024-12-05 17:48:22.050767+00:00,0.0,0.0,999.0,0.0,1.0,2.0,0,False,0,0
521-1511-1521-1981-1100,0.0,0.0,0.0,0,0,0.0,10000.0,1.0,10000.0,2025-01-18 09:24:37.600427+00:00,2025-01-18 09:24:37.600427+00:00,1.0,659.5760066666667,1,659.5760066666667,1,2024-12-05 18:18:52.243223+00:00,2024-12-05 18:18:52.243223+00:00,0.0,0.0,999.0,0.0,1.0,2.0,0,False,0,0
521-1511-1521-1981-151,0.14032582,1.0,0.14032582,2025-01-17 15:38:36.817422+00:00,2025-01-17 15:38:36.817422+00:00,1.0,768478.0,1.0,768478.0,2025-01-17 16:07:31.059081+00:00,2025-01-17 16:07:31.059081+00:00,1.0,2026.7870333333335,3,675.5956777777778,2,2024-12-02 11:44:33.858760+00:00,2024-12-09 22:37:15.821347+00:00,1.8260226057219593e-07,5476383.462430507,0.4817337941666667,21665154.352919515,2.0,5.0,0,False,0,0
521-1511-1521-1981-152,3.54079779,4.0,0.8851994475,2025-03-12 12:26:21.496259+00:00,2025-03-12 16:30:42.489960+00:00,1.0,89400.0,3.0,29800.0,2025-03-12 12:33:18.099170+00:00,2025-03-12 15:24:09.073029+00:00,1.0,77.31786,1,77.31786,1,2024-12-05 18:18:26.209616+00:00,2024-12-05 18:18:26.209616+00:00,3.9606239261744965e-05,25248.547164281867,0.11572303083333334,32754.42340354601,2.0,8.0,0,False,0,0
521-1521-1521-1561-148,0.0,0.0,0.0,0,0,0.0,13600.0,1.0,13600.0,2025-01-18 11:47:49.396769+00:00,2025-01-18 11:47:49.396769+00:00,1.0,53.06258666666667,1,53.06258666666667,1,2024-12-09 12:24:49.578841+00:00,2024-12-09 12:24:49.578841+00:00,0.0,0.0,999.0,0.0,1.0,2.0,0,False,0,0
521-1521-1521-1571-150,0.00110196,1.0,0.00110196,2025-01-17 20:06:50.874230+00:00,2025-01-17 20:06:50.874230+00:00,1.0,195000.0,3.0,65000.0,2025-01-17 17:22:53.656087+00:00,2025-01-17 22:22:57.429282+00:00,1.0,100.66644000000001,1,100.66644000000001,1,2024-11-27 21:37:28.847210+00:00,2024-11-27 21:37:28.847210+00:00,5.651076923076922e-09,176957421.32200807,-2.7325605952777776,137028258.7389742,2.0,5.0,0,False,0,0
521-1521-1521-1981-1100,0.0,0.0,0.0,0,0,0.0,30100.0,5.0,6020.0,2025-01-17 18:56:01.135617+00:00,2025-01-18 12:53:39.950992+00:00,1.0,5.20254,1,5.20254,1,2024-12-10 13:31:23.719988+00:00,2024-12-10 13:31:23.719988+00:00,0.0,0.0,999.0,0.0,1.0,6.0,0,False,0,0
521-1521-1521-1981-156,0.04131658,3.0,0.013772193333333333,2025-01-17 21:16:40.264866+00:00,2025-01-18 06:42:03.650935+00:00,1.0,6936441.0,4.0,1734110.25,2025-01-17 21:52:58.341307+00:00,2025-01-18 07:14:40.079755+00:00,1.0,6035.7355800000005,2,3017.8677900000002,1,2024-12-01 16:27:51.608676+00:00,2024-12-08 18:03:44.401084+00:00,5.956452307458536e-09,167885168.61753803,0.6050212336111112,219127608.57747668,2.0,9.0,0,False,0,0
521-1531-1521-1561-1101,600.0,1.0,600.0,2025-01-18 12:12:33.818104+00:00,2025-01-18 12:12:33.818104+00:00,1.0,504.0,1.0,504.0,2025-01-17 18:26:10.078828+00:00,2025-01-17 18:26:10.078828+00:00,1.0,0.19166666666666668,1,0.19166666666666668,1,2024-12-02 11:25:12.651650+00:00,2024-12-02 11:25:12.651650+00:00,1.1904761904761905,0.84,-17.77326091,0.4791666666666667,2.0,3.0,0,False,0,0
521-1541-1521-1561-151,0.00134237,1.0,0.00134237,2025-01-17 18:32:58.573398+00:00,2025-01-17 18:32:58.573398+00:00,1.0,225941.0,1.0,225941.0,2025-01-17 19:19:49.905955+00:00,2025-01-17 19:19:49.905955+00:00,1.0,43.55986666666667,1,43.55986666666667,1,2024-12-11 11:16:17.655127+00:00,2024-12-11 11:16:17.655127+00:00,5.941241297506872e-09,168314995.12057033,0.7809257102777778,48674955.48917214,2.0,3.0,0,False,0,0
521-1541-1521-1571-1102,8950.0,1.0,8950.0,2025-01-18 06:23:17.667357+00:00,2025-01-18 06:23:17.667357+00:00,1.0,18.48,1.0,18.48,2025-01-18 06:25:10.502549+00:00,2025-01-18 06:25:10.502549+00:00,1.0,23.30544,1,23.30544,1,2024-12-07 08:13:55.886556+00:00,2024-12-07 08:13:55.886556+00:00,484.3073593073593,0.002064804469273743,0.03134310888888889,3.9059396648044693,2.0,3.0,0,False,0,0
521-1541-1521-1981-152,0.0,0.0,0.0,0,0,0.0,25000.0,1.0,25000.0,2025-03-12 12:24:41.325886+00:00,2025-03-12 12:24:41.325886+00:00,1.0,16.667366666666666,1,16.667366666666666,1,2024-11-30 04:39:10.877827+00:00,2024-11-30 04:39:10.877827+00:00,0.0,0.0,999.0,0.0,1.0,2.0,0,False,0,0
521-1541-1521-1981-199,0.0,0.0,0.0,0,0,0.0,20000.0,2.0,10000.0,2025-01-17 22:31:17.663789+00:00,2025-01-18 12:13:36.865354+00:00,1.0,90.81182000000001,2,45.405910000000006,1,2024-11-29 12:03:03.921608+00:00,2024-12-04 12:01:35.012774+00:00,0.0,0.0,999.0,0.0,1.0,4.0,0,True,0,0
521-1551-1521-1561-1101,21.34847118,1.0,21.34847118,2025-03-12 14:28:45.863851+00:00,2025-03-12 14:28:45.863851+00:00,1.0,61000.0,3.0,20333.333333333332,2025-03-12 11:14:47.923399+00:00,2025-03-12 11:23:35.761097+00:00,1.0,3.2114866666666666,2,1.6057433333333333,1,2024-12-08 17:42:04.929815+00:00,2024-12-08 17:45:20.785385+00:00,0.0003499749373770492,2857.3474646347017,-3.2327612366666667,225.64753978790532,2.0,6.0,0,True,0,0
521-1551-1521-1561-153,0.0,0.0,0.0,0,0,0.0,276541.0,4.0,69135.25,2025-03-12 12:13:16.423410+00:00,2025-03-12 13:38:50.951050+00:00,1.0,99.91622,1,99.91622,1,2025-03-11 19:14:02.056097+00:00,2025-03-11 19:14:02.056097+00:00,0.0,0.0,999.0,0.0,1.0,5.0,0,False,0,0
521-1551-1521-1571-153,0.00037132,1.0,0.00037132,2025-01-17 16:43:48.365833+00:00,2025-01-17 16:43:48.365833+00:00,1.0,112893.0,3.0,37631.0,2025-01-17 16:37:39.778265+00:00,2025-01-17 20:45:54.556391+00:00,1.0,105.99630666666667,2,52.998153333333335,1,2024-11-27 20:41:29.441629+00:00,2024-12-07 08:18:53.521868+00:00,3.289132187115233e-09,304031563.0722827,-0.10238543555555554,428187170.09587413,2.0,6.0,0,True,0,0
521-1551-1521-1971-154,0.00142666,1.0,0.00142666,2025-01-18 05:53:01.429991+00:00,2025-01-18 05:53:01.429991+00:00,1.0,203000.0,3.0,67666.66666666667,2025-01-18 11:51:41.798313+00:00,2025-03-12 14:20:07.681765+00:00,1.0,66.66373333333334,1,66.66373333333334,1,2024-12-04 12:38:07.349638+00:00,2024-12-04 12:38:07.349638+00:00,7.027881773399014e-09,142290384.5345072,5.977880089444444,70090701.35841757,2.0,5.0,0,False,0,0
521-1551-1521-1971-199,0.0,0.0,0.0,0,0,0.0,5200.0,1.0,5200.0,2025-03-12 15:23:04.090881+00:00,2025-03-12 15:23:04.090881+00:00,1.0,20.008053333333333,4,5.002013333333333,2,2024-11-27 20:57:28.806333+00:00,2024-12-08 17:32:42.457304+00:00,0.0,0.0,999.0,0.0,1.0,5.0,0,True,0,0
521-1551-1521-1981-156,0.0,0.0,0.0,0,0,0.0,19837.0,4.0,4959.25,2025-01-18 00:32:29.879916+00:00,2025-03-12 16:25:33.789426+00:00,1.0,15.77498,4,3.943745,1,2024-11-27 20:37:50.972565+00:00,2024-12-09 12:37:29.701501+00:00,0.0,0.0,999.0,0.0,1.0,8.0,0,True,0,0
521-1561-1521-1561-151,0.00177408,3.0,0.00059136,2025-01-17 21:17:05.825407+00:00,2025-01-18 05:09:08.463058+00:00,1.0,213592.0,6.0,35598.666666666664,2025-01-17 20:54:02.240192+00:00,2025-03-12 16:25:41.746062+00:00,1.0,222.9629733333333,5,44.59259466666666,2,2024-12-03 18:23:23.385373+00:00,2025-07-18 16:31:12.118224+00:00,8.305929061013521e-09,120395923.52092353,-0.3843292263888889,188517124.36868685,2.0,14.0,0,True,0,0
521-1561-1521-1571-154,0.0,0.0,0.0,0,0,0.0,51000.0,1.0,51000.0,2025-03-12 17:03:43.558542+00:00,2025-03-12 17:03:43.558542+00:00,1.0,33.33265333333333,1,33.33265333333333,1,2024-12-01 16:39:22.232176+00:00,2024-12-01 16:39:22.232176+00:00,0.0,0.0,999.0,0.0,1.0,2.0,0,False,0,0
521-1561-1521-1971-150,2000.0,1.0,2000.0,2025-01-18 10:25:55.566033+00:00,2025-01-18 10:25:55.566033+00:00,1.0,0.008975,1.0,0.008975,2025-01-18 10:27:17.196772+00:00,2025-01-18 10:27:17.196772+00:00,1.0,0.7561066666666667,1,0.7561066666666667,1,2024-12-10 13:43:40.404484+00:00,2024-12-10 13:43:40.404484+00:00,222841.22562674092,4.4875e-06,0.02267520527777778,0.56708,2.0,3.0,0,False,0,0
521-1571-1521-1561-1102,0.0,0.0,0.0,0,0,0.0,40000.0,5.0,8000.0,2025-01-17 18:31:13.762502+00:00,2025-03-12 17:42:06.542776+00:00,1.0,125.32807333333332,1,125.32807333333332,1,2024-12-06 13:02:51.595457+00:00,2024-12-06 13:02:51.595457+00:00,0.0,0.0,999.0,0.0,1.0,6.0,0,False,0,0
521-1571-1521-1561-148,0.0,0.0,0.0,0,0,0.0,54169.0,2.0,27084.5,2025-03-12 14:26:40.770956+00:00,2025-03-12 17:44:09.082334+00:00,1.0,356.02485333333334,2,178.01242666666667,1,2024-11-27 21:40:36.903715+00:00,2024-12-06 13:18:20.947616+00:00,0.0,0.0,999.0,0.0,1.0,4.0,0,True,0,0
521-1571-1521-1561-154,46.485820270000005,8.0,5.810727533750001,2025-01-17 14:46:03.720154+00:00,2025-03-12 14:08:31.684023+00:00,3.0,137593.0,9.0,15288.111111111111,2025-01-17 15:31:04.681398+00:00,2025-03-12 14:21:57.791676+00:00,1.0,293.35837333333336,10,29.335837333333338,4,2024-12-03 03:05:30.464234+00:00,2024-12-11 07:40:13.887452+00:00,0.0003378501832942083,2959.8918380019795,0.7502670122222223,9466.059917716064,4.0,27.0,0,True,0,0
521-1571-1521-1571-154,0.0,0.0,0.0,0,0,0.0,356000.0,6.0,59333.333333333336,2025-01-18 08:38:01.852867+00:00,2025-03-12 16:24:08.722130+00:00,1.0,76.68713333333334,2,38.34356666666667,2,2024-12-04 12:15:03.700576+00:00,2024-12-09 11:58:32.992307+00:00,0.0,0.0,999.0,0.0,1.0,8.0,0,True,0,0
521-1571-1521-1971-1100,0.0,0.0,0.0,0,0,0.0,89700.0,8.0,11212.5,2025-01-17 15:01:28.945760+00:00,2025-03-12 15:32:47.576011+00:00,1.0,52.65332,6,8.775553333333333,2,2024-11-27 21:26:02.550580+00:00,2025-03-11 14:22:35.813459+00:00,0.0,0.0,999.0,0.0,1.0,14.0,0,True,0,0
521-1571-1521-1981-1102,11975.0,1.0,11975.0,2025-01-18 01:34:03.306458+00:00,2025-01-18 01:34:03.306458+00:00,1.0,19591459.0,1.0,19591459.0,2025-01-18 10:42:09.521320+00:00,2025-01-18 10:42:09.521320+00:00,1.0,146.21993333333333,1,146.21993333333333,1,2024-12-07 07:39:29.443891+00:00,2024-12-07 07:39:29.443891+00:00,0.0006112357430858008,1636.0299791231732,9.135059683888889,18.315649269311063,2.0,3.0,0,False,0,0
521-1571-1521-1981-157,0.0,0.0,0.0,0,0,0.0,79356.0,2.0,39678.0,2025-01-17 19:21:57.488554+00:00,2025-01-17 19:22:05.030868+00:00,1.0,55.228026666666665,1,55.228026666666665,1,2024-12-06 13:26:10.508450+00:00,2024-12-06 13:26:10.508450+00:00,0.0,0.0,999.0,0.0,1.0,3.0,0,False,0,0
521-1971-1521-1561-1102,0.0,0.0,0.0,0,0,0.0,19000.0,1.0,19000.0,2025-03-28 09:21:10.215901+00:00,2025-03-28 09:21:10.215901+00:00,1.0,32.59809333333333,3,10.866031111111111,1,2024-11-28 15:55:51.468102+00:00,2024-11-29 12:15:02.173394+00:00,0.0,0.0,999.0,0.0,1.0,4.0,0,True,0,0
521-1971-1521-1561-197,155150.0,1.0,155150.0,2025-01-18 10:42:16.563453+00:00,2025-01-18 10:42:16.563453+00:00,1.0,0.0,0.0,0.0,0,0,0.0,101.86703263999999,3,33.955677546666664,3,2024-11-30 19:04:25.142888+00:00,2024-12-01 16:47:42.237029+00:00,999.0,0.0,999.0,0.9848569059619722,1.0,4.0,0,True,0,0
521-1971-1521-1971-148,0.00068026,2.0,0.00034013,2025-01-17 17:25:09.437796+00:00,2025-01-17 17:38:16.977011+00:00,1.0,73153.0,1.0,73153.0,2025-01-17 17:38:43.296195+00:00,2025-01-17 17:38:43.296195+00:00,1.0,16.346413333333334,1,16.346413333333334,1,2024-12-05 18:09:20.457744+00:00,2024-12-05 18:09:20.457744+00:00,9.29914015829836e-09,107536824.15546997,0.2260717775,36044482.99179725,2.0,4.0,0,False,0,0
521-1971-1521-1971-151,0.0,0.0,0.0,0,0,0.0,19987.0,1.0,19987.0,2025-01-17 17:34:04.243624+00:00,2025-01-17 17:34:04.243624+00:00,1.0,6.666666666666667,1,6.666666666666667,1,2024-12-02 11:13:03.625116+00:00,2024-12-02 11:13:03.625116+00:00,0.0,0.0,999.0,0.0,1.0,2.0,0,False,0,0
521-1971-1521-1971-155,14950.0,2.0,7475.0,2025-01-18 04:40:39.549612+00:00,2025-01-18 04:56:47.463433+00:00,1.0,11970.0,1.0,11970.0,2025-01-18 05:51:23.067197+00:00,2025-01-18 05:51:23.067197+00:00,1.0,148.36563333333334,1,148.36563333333334,1,2024-12-03 03:08:47.579594+00:00,2024-12-03 03:08:47.579594+00:00,1.2489557226399333,0.8006688963210702,1.178754884722222,14.886183946488295,2.0,4.0,0,False,0,0
521-1971-1521-1971-197,0.0,0.0,0.0,0,0,0.0,34981.0,4.0,8745.25,2025-01-17 19:17:38.257864+00:00,2025-03-12 11:23:12.027288+00:00,1.0,9.31566,3,3.1052199999999996,1,2024-12-07 08:23:58.405443+00:00,2024-12-11 07:34:39.516954+00:00,0.0,0.0,999.0,0.0,1.0,7.0,0,True,0,0
521-1981-1521-1561-150,120.0,1.0,120.0,2025-01-18 07:58:00.982728+00:00,2025-01-18 07:58:00.982728+00:00,1.0,240100.0,4.0,60025.0,2025-01-17 19:51:11.660855+00:00,2025-01-18 10:20:13.753785+00:00,1.0,493.6933333333333,1,493.6933333333333,1,2024-12-06 12:59:50.147683+00:00,2024-12-06 12:59:50.147683+00:00,0.0004997917534360683,2000.8333333333333,-12.113700520277778,6171.166666666666,2.0,6.0,0,False,0,0
521-1981-1521-1571-148,20850.0,4.0,5212.5,2025-01-17 23:47:01.699792+00:00,2025-03-12 17:17:29.614503+00:00,1.0,0.19860899999999998,5.0,0.039721799999999995,2025-01-17 22:57:23.694281+00:00,2025-03-12 17:18:39.087645+00:00,1.0,11.981779999999999,1,11.981779999999999,1,2024-12-10 13:56:16.533505+00:00,2024-12-10 13:56:16.533505+00:00,104980.13685180432,9.525611510791366e-06,-0.8272237530555555,0.861998561151079,2.0,10.0,0,False,0,0
521-1981-1521-1571-157,0.0,0.0,0.0,0,0,0.0,8183.0,1.0,8183.0,2025-01-18 11:29:58.380522+00:00,2025-01-18 11:29:58.380522+00:00,1.0,49.507239999999996,3,16.502413333333333,2,2024-12-05 17:54:29.462729+00:00,2024-12-10 13:33:56.917158+00:00,0.0,0.0,999.0,0.0,1.0,4.0,0,True,0,0
521-1981-1521-1971-1101,0.0,0.0,0.0,0,0,0.0,140000.0,1.0,140000.0,2025-03-12 11:58:16.897022+00:00,2025-03-12 11:58:16.897022+00:00,1.0,312.21786,1,312.21786,1,2025-03-11 14:33:48.599151+00:00,2025-03-11 14:33:48.599151+00:00,0.0,0.0,999.0,0.0,1.0,2.0,0,False,0,0
521-1981-1521-1971-199,0.00435715,1.0,0.00435715,2025-03-12 11:14:23.360211+00:00,2025-03-12 11:14:23.360211+00:00,1.0,529500.0,1.0,529500.0,2025-03-12 13:53:46.726666+00:00,2025-03-12 13:53:46.726666+00:00,1.0,1070.6929733333334,1,1070.6929733333334,1,2024-12-07 21:35:59.864600+00:00,2024-12-07 21:35:59.864600+00:00,8.22880075542965e-09,121524390.94362141,2.6564906819444443,368598616.0678426,2.0,3.0,0,False,0,0
521-1981-1521-1981-149,0.00014507,1.0,0.00014507,2025-01-18 09:13:41.176263+00:00,2025-01-18 09:13:41.176263+00:00,1.0,24016.0,1.0,24016.0,2025-01-18 09:21:01.396261+00:00,2025-01-18 09:21:01.396261+00:00,1.0,14.99,1,14.99,1,2024-12-05 05:27:48.402806+00:00,2024-12-05 05:27:48.402806+00:00,6.040556295802798e-09,165547666.64368927,0.12228333277777777,154994140.7596333,2.0,3.0,0,False,0,0
521-1981-1521-1981-151,40.70199279,4.0,10.1754981975,2025-01-17 16:51:50.995986+00:00,2025-01-17 20:59:38.568649+00:00,2.0,159684.0,4.0,39921.0,2025-01-17 17:16:35.253529+00:00,2025-01-17 21:08:33.974311+00:00,1.0,217.82174,3,72.60724666666667,2,2024-11-28 16:18:29.125431+00:00,2024-12-06 13:26:33.991321+00:00,0.0002548908643946795,3923.2477098574022,0.41229376194444445,8027.435209026777,3.0,11.0,0,True,0,0
521-1991-1521-1561-157,0.99409749,1.0,0.99409749,2025-03-12 11:45:59.579483+00:00,2025-03-12 11:45:59.579483+00:00,1.0,30000.0,1.0,30000.0,2025-03-12 13:40:03.558150+00:00,2025-03-12 13:40:03.558150+00:00,1.0,33.21615333333334,1,33.21615333333334,1,2024-12-02 11:21:41.902339+00:00,2024-12-02 11:21:41.902339+00:00,3.3136583000000004e-05,30178.126694596118,1.9011051852777778,50120.06418002323,2.0,3.0,0,False,0,0
521-1991-1521-1571-157,44.8,2.0,22.4,2025-01-17 18:12:39.842113+00:00,2025-01-17 19:51:13.331057+00:00,1.0,93700.0,5.0,18740.0,2025-01-17 16:36:16.745370+00:00,2025-01-18 10:30:29.413476+00:00,1.0,147.61342,2,73.80671,1,2024-12-03 18:11:27.501886+00:00,2024-12-10 13:44:34.286720+00:00,0.0004781216648879402,2091.5178571428573,-1.6064157619444444,4942.413616071428,2.0,9.0,0,True,0,0
521-1991-1521-1971-152,212.45230800000002,2.0,106.22615400000001,2025-01-17 19:22:22.433393+00:00,2025-01-18 10:33:47.213226+00:00,1.0,77000.0,2.0,38500.0,2025-01-17 19:45:33.707239+00:00,2025-03-12 14:43:22.237613+00:00,1.0,48.18536666666667,1,48.18536666666667,1,2024-11-29 12:02:02.693111+00:00,2024-11-29 12:02:02.693111+00:00,0.0027591208831168833,362.43428336867015,0.38646495722222224,340.2083539614923,2.0,5.0,0,False,0,0
521-1991-1521-1971-155,0.0,0.0,0.0,0,0,0.0,100200.0,1.0,100200.0,2025-03-12 12:52:46.159668+00:00,2025-03-12 12:52:46.159668+00:00,1.0,96.39364666666667,1,96.39364666666667,1,2024-12-06 13:27:52.362595+00:00,2024-12-06 13:27:52.362595+00:00,0.0,0.0,999.0,0.0,1.0,2.0,0,False,0,0
521-1991-1521-1981-149,0.0,0.0,0.0,0,0,0.0,34280.0,1.0,34280.0,2025-01-17 23:09:49.617504+00:00,2025-01-17 23:09:49.617504+00:00,1.0,47.66368,4,11.91592,1,2024-11-28 15:54:44.135233+00:00,2024-12-07 08:20:56.540009+00:00,0.0,0.0,999.0,0.0,1.0,5.0,0,True,0,0
521-1991-1521-1981-150,2400.0,2.0,1200.0,2025-01-17 17:10:13.792991+00:00,2025-03-12 12:31:59.091998+00:00,1.0,0.01195,2.0,0.005975,2025-01-17 17:18:09.811156+00:00,2025-03-12 12:44:50.465383+00:00,1.0,1.3111733333333333,1,1.3111733333333333,1,2024-12-05 04:30:37.482396+00:00,2024-12-05 04:30:37.482396+00:00,200836.820083682,4.979166666666667e-06,0.13222726805555557,0.8194833333333332,2.0,5.0,0,False,0,0
531-11001-1521-1561-149,0.0017562799999999998,3.0,0.0005854266666666666,2025-01-17 15:07:39.067539+00:00,2025-03-12 20:09:07.397845+00:00,1.0,214013.0,8.0,26751.625,2025-01-17 14:42:55.242381+00:00,2025-03-12 16:07:01.835357+00:00,1.0,151.14199333333335,4,37.78549833333334,1,2024-12-02 11:36:42.317240+00:00,2024-12-08 17:17:15.517342+00:00,8.206417367169284e-09,121855854.41956864,-0.412173655,129087041.9295329,2.0,15.0,0,True,0,0
531-11001-1521-1561-153,0.07854204,1.0,0.07854204,2025-03-12 11:51:18.634196+00:00,2025-03-12 11:51:18.634196+00:00,1.0,101000.0,1.0,101000.0,2025-03-12 12:25:15.236453+00:00,2025-03-12 12:25:15.236453+00:00,1.0,219.65282666666667,1,219.65282666666667,1,2024-11-30 18:57:19.110176+00:00,2024-11-30 18:57:19.110176+00:00,7.776439603960396e-07,1285935.532104845,0.5657228491666667,4194941.20600891,2.0,3.0,0,False,0,0
531-11001-1521-1561-198,0.0,0.0,0.0,0,0,0.0,39254.0,1.0,39254.0,2025-01-18 13:00:12.002585+00:00,2025-01-18 13:00:12.002585+00:00,1.0,21.95704,1,21.95704,1,2024-12-05 18:20:43.426548+00:00,2024-12-05 18:20:43.426548+00:00,0.0,0.0,999.0,0.0,1.0,2.0,0,False,0,0
531-11001-1521-1571-156,5.1421,1.0,5.1421,2025-01-18 07:48:16.913603+00:00,2025-01-18 07:48:16.913603+00:00,1.0,37589.0,1.0,37589.0,2025-01-17 19:00:19.816890+00:00,2025-01-17 19:00:19.816890+00:00,1.0,1276.9012,2,638.4506,2,2024-11-28 16:43:45.291693+00:00,2024-11-30 05:01:33.326328+00:00,0.0001367979994147224,7310.048423795725,-12.79919353138889,372484.3546410999,2.0,4.0,0,False,0,0
531-11001-1521-1571-198,0.0,0.0,0.0,0,0,0.0,428392.0,16.0,26774.5,2025-01-17 15:55:21.320575+00:00,2025-03-12 15:08:54.573482+00:00,1.0,75.34341333333333,6,12.557235555555556,1,2024-11-27 21:17:00.288607+00:00,2024-12-10 13:39:00.085610+00:00,0.0,0.0,999.0,0.0,1.0,22.0,0,True,0,0
531-11001-1521-1971-198,318.638333,4.0,79.65958325,2025-01-17 21:15:35.010325+00:00,2025-01-18 00:43:55.163917+00:00,1.0,52013.0,1.0,52013.0,2025-01-17 21:52:39.882330+00:00,2025-01-17 21:52:39.882330+00:00,1.0,83.15798,3,27.719326666666664,1,2024-12-04 12:11:25.905280+00:00,2024-12-09 12:15:45.682279+00:00,0.006126128717820545,163.23522506000558,0.6180200013888889,391.4688130131537,2.0,8.0,0,True,0,0
531-11001-1521-1981-148,30.388347,3.0,10.129449,2025-01-17 16:44:38.672143+00:00,2025-01-18 12:39:45.028670+00:00,1.0,186000.0,16.0,11625.0,2025-01-17 17:06:52.406985+00:00,2025-05-08 15:14:39.333529+00:00,1.0,79.05164666666667,2,39.525823333333335,1,2024-12-04 12:45:51.044600+00:00,2024-12-11 07:36:50.750185+00:00,0.00016337820967741935,6120.7672796417655,0.3704819005555556,3902.0704219285108,2.0,21.0,0,True,0,0
531-11001-1521-1981-149,0.0623335,2.0,0.03116675,2025-03-12 15:31:52.061078+00:00,2025-03-12 15:32:03.263944+00:00,1.0,4920000.0,5.0,984000.0,2025-01-17 19:04:09.329437+00:00,2025-03-12 17:15:57.738917+00:00,1.0,331.344,1,331.344,1,2024-11-27 20:42:54.517266+00:00,2024-11-27 20:42:54.517266+00:00,1.2669410569105692e-08,78930270.23991914,-1292.4618699002779,7973497.397065783,2.0,8.0,0,False,0,0
531-11001-1521-1981-154,0.00439276,1.0,0.00439276,2025-01-18 09:37:02.298019+00:00,2025-01-18 09:37:02.298019+00:00,1.0,4928.0,1.0,4928.0,2025-01-18 09:44:48.146973+00:00,2025-01-18 09:44:48.146973+00:00,1.0,1.430313333333333,1,1.430313333333333,1,2024-11-29 11:28:58.283150+00:00,2024-11-29 11:28:58.283150+00:00,8.91387987012987e-07,1121845.9465119878,0.12940248722222222,488410.4754186434,2.0,3.0,0,False,0,0
531-11011-1521-1561-151,0.0,0.0,0.0,0,0,0.0,38500.0,2.0,19250.0,2025-01-17 21:13:44.702876+00:00,2025-01-18 07:32:48.526739+00:00,1.0,0.24259333333333333,1,0.24259333333333333,1,2024-12-05 05:19:15.442348+00:00,2024-12-05 05:19:15.442348+00:00,0.0,0.0,999.0,0.0,1.0,3.0,0,False,0,0
531-11011-1521-1971-1101,59.03336272,4.0,14.75834068,2025-01-17 19:44:55.050367+00:00,2025-01-18 11:05:47.868500+00:00,3.0,129960.0,3.0,43320.0,2025-01-17 19:56:04.280891+00:00,2025-01-18 11:56:11.064102+00:00,1.0,42.135999999999996,3,14.045333333333332,2,2024-11-27 20:52:54.123386+00:00,2024-12-07 20:55:56.892333+00:00,0.0004542425570944906,2201.4670012347215,0.18589736777777777,1070.6488176826663,4.0,10.0,0,True,0,0
531-11011-1521-1971-150,0.0,0.0,0.0,0,0,0.0,18460.0,3.0,6153.333333333333,2025-01-17 17:53:54.966083+00:00,2025-01-18 10:35:42.171204+00:00,1.0,14.665133333333333,1,14.665133333333333,1,2024-12-06 12:48:39.096155+00:00,2024-12-06 12:48:39.096155+00:00,0.0,0.0,999.0,0.0,1.0,4.0,0,False,0,0
531-11011-1521-1971-156,0.0,0.0,0.0,0,0,0.0,71400.0,3.0,23800.0,2025-01-17 16:45:15.574122+00:00,2025-01-18 08:40:09.278097+00:00,1.0,15.173726666666667,2,7.5868633333333335,1,2024-11-27 21:13:27.276269+00:00,2024-12-01 16:20:22.519601+00:00,0.0,0.0,999.0,0.0,1.0,5.0,0,True,0,0
531-11011-1521-1981-151,0.0,0.0,0.0,0,0,0.0,38075.0,2.0,19037.5,2025-01-17 15:50:45.638534+00:00,2025-03-12 13:39:41.901101+00:00,1.0,5.827986666666666,1,5.827986666666666,1,2025-03-11 14:35:24.048239+00:00,2025-03-11 14:35:24.048239+00:00,0.0,0.0,999.0,0.0,1.0,3.0,0,False,0,0
531-11021-1521-1561-198,0.0,0.0,0.0,0,0,0.0,580000.0,3.0,193333.33333333334,2025-01-17 21:07:41.822709+00:00,2025-03-12 16:27:29.940914+00:00,1.0,71.72855333333334,1,71.72855333333334,1,2024-12-05 18:04:12.528522+00:00,2024-12-05 18:04:12.528522+00:00,0.0,0.0,999.0,0.0,1.0,4.0,0,False,0,0
531-11021-1521-1971-148,0.0,0.0,0.0,0,0,0.0,60000.0,3.0,20000.0,2025-01-17 16:00:14.097798+00:00,2025-01-18 12:42:21.229422+00:00,1.0,46.67024666666667,2,23.335123333333335,1,2024-11-30 05:48:29.118191+00:00,2025-07-18 15:25:00.567007+00:00,0.0,0.0,999.0,0.0,1.0,5.0,0,True,0,0
531-11021-1521-1981-150,0.0,0.0,0.0,0,0,0.0,5100.0,1.0,5100.0,2025-01-18 13:07:55.119388+00:00,2025-01-18 13:07:55.119388+00:00,1.0,1.0052466666666666,1,1.0052466666666666,1,2024-12-04 12:31:04.397234+00:00,2024-12-04 12:31:04.397234+00:00,0.0,0.0,999.0,0.0,1.0,2.0,0,False,0,0
531-1481-1521-1561-1102,0.0,0.0,0.0,0,0,0.0,7000.0,2.0,3500.0,2025-01-17 18:35:05.215427+00:00,2025-01-18 12:29:31.091412+00:00,1.0,254.26326666666668,2,127.13163333333334,1,2024-12-11 11:12:53.101786+00:00,2024-12-11 11:13:21.475165+00:00,0.0,0.0,999.0,0.0,1.0,4.0,0,True,0,0
531-1481-1521-1561-153,0.0,0.0,0.0,0,0,0.0,74195.0,1.0,74195.0,2025-04-01 11:03:29.187667+00:00,2025-04-01 11:03:29.187667+00:00,1.0,58.60482,1,58.60482,1,2024-12-01 16:44:45.826580+00:00,2024-12-01 16:44:45.826580+00:00,0.0,0.0,999.0,0.0,1.0,2.0,0,False,0,0
531-1481-1521-1971-151,0.0003,1.0,0.0003,2025-01-17 19:11:14.086576+00:00,2025-01-17 19:11:14.086576+00:00,1.0,80393.0,5.0,16078.6,2025-01-17 15:25:36.849426+00:00,2025-01-18 08:19:58.003946+00:00,1.0,241.95090666666664,7,34.564415238095236,1,2024-12-01 16:45:12.740263+00:00,2024-12-07 07:57:01.695985+00:00,3.731668180065428e-09,267976666.6666667,-3.760343652777778,1209754533.3333333,2.0,13.0,0,True,0,0
531-1481-1521-1971-197,0.0,0.0,0.0,0,0,0.0,100200.0,8.0,12525.0,2025-01-17 16:47:49.053870+00:00,2025-04-01 11:35:14.987456+00:00,1.0,8.75486,2,4.37743,1,2024-11-27 20:45:43.755268+00:00,2024-12-07 20:36:22.911361+00:00,0.0,0.0,999.0,0.0,1.0,10.0,0,True,0,0
531-1491-1521-1561-154,0.0,0.0,0.0,0,0,0.0,5100.0,1.0,5100.0,2025-03-12 14:13:22.074275+00:00,2025-03-12 14:13:22.074275+00:00,1.0,57.895140000000005,1,57.895140000000005,1,2024-11-29 12:09:25.614709+00:00,2024-11-29 12:09:25.614709+00:00,0.0,0.0,999.0,0.0,1.0,2.0,0,False,0,0
531-1491-1521-1561-198,6.563319,1.0,6.563319,2025-01-18 09:52:24.583431+00:00,2025-01-18 09:52:24.583431+00:00,1.0,38052.0,1.0,38052.0,2025-01-18 08:00:02.993754+00:00,2025-01-18 08:00:02.993754+00:00,1.0,17.21290666666667,1,17.21290666666667,1,2024-11-29 11:53:12.408792+00:00,2024-11-29 11:53:12.408792+00:00,0.00017248289183222957,5797.676449979042,-1.8726637991666666,3933.8877174795257,2.0,3.0,0,False,0,0
531-1491-1521-1571-149,68.4541,1.0,68.4541,2025-01-17 21:49:01.229967+00:00,2025-01-17 21:49:01.229967+00:00,1.0,111995.0,1.0,111995.0,2025-01-17 21:56:38.565317+00:00,2025-01-17 21:56:38.565317+00:00,1.0,19.24922,1,19.24922,1,2024-12-07 21:34:59.994766+00:00,2024-12-07 21:34:59.994766+00:00,0.0006112246082414394,1636.0597831247508,0.12703759722222221,421.79840214099676,2.0,3.0,0,False,0,0
531-1491-1521-1571-199,0.0,0.0,0.0,0,0,0.0,22998.0,2.0,11499.0,2025-01-17 14:53:49.814584+00:00,2025-01-17 17:29:48.853383+00:00,1.0,66.67553333333333,1,66.67553333333333,1,2024-12-11 07:26:18.745147+00:00,2024-12-11 07:26:18.745147+00:00,0.0,0.0,999.0,0.0,1.0,3.0,0,False,0,0
531-1491-1521-1971-1100,0.0,0.0,0.0,0,0,0.0,120000.0,2.0,60000.0,2025-01-17 16:06:50.191272+00:00,2025-01-17 22:00:02.488463+00:00,1.0,60.00548666666666,3,20.001828888888888,1,2024-11-30 19:38:21.738464+00:00,2024-12-06 13:08:01.436130+00:00,0.0,0.0,999.0,0.0,1.0,5.0,0,True,0,0
531-1491-1521-1971-151,0.01091697,2.0,0.005458485,2025-01-17 16:37:37.378669+00:00,2025-01-18 02:12:57.572842+00:00,1.0,1826680.0,4.0,456670.0,2025-01-17 16:29:41.083526+00:00,2025-01-18 08:45:29.489213+00:00,1.0,2166.4607266666667,2,1083.2303633333333,1,2024-12-03 01:43:17.417358+00:00,2024-12-03 01:44:21.268901+00:00,5.976399807300676e-09,167324816.31808093,-0.1323042063888889,297673355.33577543,2.0,8.0,0,False,0,0
531-1491-1521-1971-153,0.0,0.0,0.0,0,0,0.0,23800.0,1.0,23800.0,2025-01-18 01:00:04.358967+00:00,2025-01-18 01:00:04.358967+00:00,1.0,12.97956,1,12.97956,1,2024-12-07 20:37:43.041591+00:00,2024-12-07 20:37:43.041591+00:00,0.0,0.0,999.0,0.0,1.0,2.0,0,False,0,0
531-1491-1521-1981-156,0.00048983,1.0,0.00048983,2025-01-17 15:22:38.690992+00:00,2025-01-17 15:22:38.690992+00:00,1.0,81505.0,1.0,81505.0,2025-01-17 16:11:11.157437+00:00,2025-01-17 16:11:11.157437+00:00,1.0,129.63461999999998,3,43.21153999999999,1,2024-11-29 11:53:37.979786+00:00,2024-12-06 12:54:46.697828+00:00,6.00981534875161e-09,166394463.3852561,0.8090184569444444,396978400.66962004,2.0,5.0,0,True,0,0
531-1501-1521-1561-151,0.006508,2.0,0.003254,2025-01-17 22:12:41.608424+00:00,2025-01-18 03:18:28.775922+00:00,1.0,280000.0,6.0,46666.666666666664,2025-01-18 03:19:54.322552+00:00,2025-03-12 14:43:01.642413+00:00,1.0,153.55469333333332,6,25.592448888888885,1,2024-11-29 11:49:22.939561+00:00,2024-12-11 14:21:40.870440+00:00,2.324285714285714e-08,43023970.4978488,5.120198368888889,35392138.90596189,2.0,14.0,0,True,0,0
531-1501-1521-1561-197,52500.0,2.0,26250.0,2025-01-17 21:05:08.675491+00:00,2025-01-17 23:11:49.088185+00:00,1.0,0.22694999999999999,2.0,0.11347499999999999,2025-01-17 21:06:06.435214+00:00,2025-01-17 23:16:46.680501+00:00,1.0,43.39636666666667,2,21.698183333333336,1,2024-12-08 17:29:27.691785+00:00,2024-12-08 17:53:49.517271+00:00,231328.4864507601,4.322857142857143e-06,0.0160443675,1.2398961904761907,2.0,6.0,0,True,0,0
531-1501-1521-1571-1102,0.006,1.0,0.006,2025-01-17 15:39:33.723498+00:00,2025-01-17 15:39:33.723498+00:00,1.0,0.0,0.0,0.0,0,0,0.0,5656.4439364,5,1131.28878728,4,2024-12-03 04:14:22.393849+00:00,2024-12-11 07:44:52.084901+00:00,999.0,0.0,999.0,1414110984.1000001,1.0,6.0,0,False,0,0
531-1501-1521-1571-148,0.00047615,1.0,0.00047615,2025-01-17 21:39:15.317813+00:00,2025-01-17 21:39:15.317813+00:00,1.0,274550.0,6.0,45758.333333333336,2025-01-17 15:51:55.652848+00:00,2025-01-18 10:28:28.127947+00:00,1.0,38.44056,1,38.44056,1,2024-12-01 15:56:51.071895+00:00,2024-12-01 15:56:51.071895+00:00,1.7342924786013477e-09,576604011.340964,-5.788795823611111,121098057.33487347,2.0,8.0,0,False,0,0
531-1501-1521-1571-198,0.00052818,2.0,0.00026409,2025-01-17 19:35:09.861456+00:00,2025-01-18 09:51:26.273691+00:00,1.0,31899.0,1.0,31899.0,2025-01-17 19:43:52.465548+00:00,2025-01-17 19:43:52.465548+00:00,1.0,111.54799333333334,3,37.18266444444445,1,2024-12-07 07:33:57.423608+00:00,2024-12-09 12:19:56.873164+00:00,1.6557885827141915e-08,60394183.80097695,0.14516780333333335,316789711.84066045,2.0,6.0,0,True,0,0
531-1501-1521-1981-151,0.0,0.0,0.0,0,0,0.0,226000.0,1.0,226000.0,2025-03-12 13:49:08.201392+00:00,2025-03-12 13:49:08.201392+00:00,1.0,5162.6190347,10,516.26190347,6,2024-11-28 16:17:26.701634+00:00,2024-12-09 23:46:43.431627+00:00,0.0,0.0,999.0,0.0,1.0,11.0,0,False,0,0
531-1511-1521-1561-197,0.0,0.0,0.0,0,0,0.0,61100.0,4.0,15275.0,2025-01-17 14:43:44.523684+00:00,2025-01-18 07:57:09.950586+00:00,1.0,55.36032666666667,1,55.36032666666667,1,2024-12-11 07:50:49.043057+00:00,2024-12-11 07:50:49.043057+00:00,0.0,0.0,999.0,0.0,1.0,5.0,0,False,0,0
531-1511-1521-1561-199,154.5,3.0,51.5,2025-01-18 07:46:40.381946+00:00,2025-03-12 13:27:46.714810+00:00,1.0,112667.0,3.0,37555.666666666664,2025-01-18 07:55:08.084694+00:00,2025-03-12 14:00:06.296972+00:00,1.0,2.8057333333333334,1,2.8057333333333334,1,2024-12-01 16:17:07.328569+00:00,2024-12-01 16:17:07.328569+00:00,0.0013712977180540887,729.2362459546925,0.1410285411111111,27.24012944983819,2.0,7.0,0,False,0,0
531-1511-1521-1571-148,0.0,0.0,0.0,0,0,0.0,88538.0,4.0,22134.5,2025-01-17 16:35:06.623882+00:00,2025-01-18 12:48:56.878187+00:00,1.0,101.31961333333334,4,25.329903333333334,1,2024-11-28 16:00:11.605795+00:00,2024-12-07 21:24:09.514053+00:00,0.0,0.0,999.0,0.0,1.0,8.0,0,True,0,0
531-1511-1521-1571-151,0.0,0.0,0.0,0,0,0.0,50200.0,3.0,16733.333333333332,2025-01-18 09:01:07.583398+00:00,2025-01-18 09:47:29.513297+00:00,1.0,1.6497333333333333,1,1.6497333333333333,1,2024-12-05 18:10:32.609844+00:00,2024-12-05 18:10:32.609844+00:00,0.0,0.0,999.0,0.0,1.0,4.0,0,False,0,0
531-1511-1521-1971-152,55.538414,2.0,27.769207,2025-01-17 18:06:38.507871+00:00,2025-01-18 12:51:29.446351+00:00,2.0,31412.0,2.0,15706.0,2025-01-17 18:14:50.123613+00:00,2025-01-18 12:00:02.132548+00:00,1.0,74.78403333333333,3,24.928011111111108,2,2024-11-30 19:28:58.100283+00:00,2024-12-07 21:17:13.171996+00:00,0.0017680636062651217,565.5905118212414,0.13655992833333333,2019.7921028137387,3.0,7.0,0,True,0,0
531-1511-1521-1971-153,0.0,0.0,0.0,0,0,0.0,6101.0,2.0,3050.5,2025-01-17 19:37:53.632668+00:00,2025-03-12 17:41:32.753400+00:00,1.0,165.85357333333332,2,82.92678666666666,1,2024-12-10 13:56:07.166387+00:00,2025-07-18 15:28:44.808210+00:00,0.0,0.0,999.0,0.0,1.0,4.0,0,True,0,0
531-1511-1521-1981-149,0.0,0.0,0.0,0,0,0.0,347121.0,1.0,347121.0,2025-01-18 11:38:22.398442+00:00,2025-01-18 11:38:22.398442+00:00,1.0,133.32296666666667,1,133.32296666666667,1,2024-12-10 20:08:48.939879+00:00,2024-12-10 20:08:48.939879+00:00,0.0,0.0,999.0,0.0,1.0,2.0,0,False,0,0
531-1521-1521-1561-148,28.01033044,10.0,2.801033044,2025-01-17 17:38:20.205962+00:00,2025-03-12 11:34:35.222327+00:00,3.0,459109.0,8.0,57388.625,2025-01-18 06:43:03.384199+00:00,2025-03-12 11:30:40.365708+00:00,1.0,206.77965333333333,5,41.355930666666666,2,2024-12-02 11:12:35.531990+00:00,2024-12-10 13:36:14.458797+00:00,6.101019679422534e-05,16390.7027438838,13.078660621388888,11073.395962407647,4.0,23.0,0,True,0,0
531-1521-1521-1561-152,948.689412,1.0,948.689412,2025-01-17 17:43:20.908620+00:00,2025-01-17 17:43:20.908620+00:00,1.0,1553300.0,7.0,221900.0,2025-01-17 18:06:50.585376+00:00,2025-01-18 11:45:19.780002+00:00,1.0,262.8472066666667,2,131.42360333333335,1,2024-11-27 21:20:06.484530+00:00,2024-12-01 16:03:22.949875+00:00,0.0006107573630335415,1637.3114112503663,0.3915768766666667,415.5952464661849,2.0,10.0,0,True,0,0
531-1531-1521-1561-198,0.0,0.0,0.0,0,0,0.0,5000.0,1.0,5000.0,2025-01-18 05:00:02.906274+00:00,2025-01-18 05:00:02.906274+00:00,1.0,145.55613333333335,2,72.77806666666667,1,2024-11-30 18:49:51.244659+00:00,2024-12-03 18:04:59.372351+00:00,0.0,0.0,999.0,0.0,1.0,3.0,0,True,0,0
531-1531-1521-1571-149,0.0,0.0,0.0,0,0,0.0,60000.0,1.0,60000.0,2025-01-17 18:02:36.976350+00:00,2025-01-17 18:02:36.976350+00:00,1.0,7.260206666666667,2,3.6301033333333335,1,2024-12-07 21:16:07.661620+00:00,2024-12-07 21:16:40.867164+00:00,0.0,0.0,999.0,0.0,1.0,3.0,0,True,0,0
531-1531-1521-1571-199,0.0,0.0,0.0,0,0,0.0,256525.0,7.0,36646.42857142857,2025-01-17 19:20:22.426270+00:00,2025-03-12 15:30:56.461413+00:00,1.0,132.38553333333334,4,33.096383333333335,1,2024-12-04 12:00:47.267609+00:00,2024-12-07 21:25:12.982980+00:00,0.0,0.0,999.0,0.0,1.0,11.0,0,True,0,0
531-1531-1521-1971-1102,0.02626452,1.0,0.02626452,2025-03-12 13:49:54.549896+00:00,2025-03-12 13:49:54.549896+00:00,1.0,164429.0,3.0,54809.666666666664,2025-03-12 13:55:47.968414+00:00,2025-04-01 11:29:01.479715+00:00,1.0,379.9986466666667,1,379.9986466666667,1,2024-12-07 20:38:22.351467+00:00,2024-12-07 20:38:22.351467+00:00,1.5973167750214377e-07,6260498.9544830825,0.09817181055555556,21702203.96184663,2.0,5.0,0,False,0,0
531-1541-1521-1561-148,13.12,1.0,13.12,2025-01-18 10:11:35.062640+00:00,2025-01-18 10:11:35.062640+00:00,1.0,15000.0,1.0,15000.0,2025-01-18 10:34:48.901271+00:00,2025-01-18 10:34:48.901271+00:00,1.0,27.455322957999996,3,9.151774319333333,3,2024-11-30 18:47:14.593145+00:00,2024-12-07 08:16:54.415202+00:00,0.0008746666666666666,1143.2926829268292,0.3871773975,3138.946984527439,2.0,5.0,0,True,0,0
531-1541-1521-1561-150,0.00052539,1.0,0.00052539,2025-01-18 03:49:32.957204+00:00,2025-01-18 03:49:32.957204+00:00,1.0,92667.0,3.0,30889.0,2025-01-17 17:41:50.087755+00:00,2025-03-12 11:46:14.961722+00:00,1.0,9.995773333333334,1,9.995773333333334,1,2024-12-08 18:04:37.847850+00:00,2024-12-08 18:04:37.847850+00:00,5.66965586454725e-09,176377548.10712042,-10.128574846944444,28538152.610441767,2.0,5.0,0,False,0,0
531-1541-1521-1571-152,537.23,2.0,268.615,2025-03-12 13:33:20.992634+00:00,2025-03-12 20:08:57.719144+00:00,1.0,168000.0,4.0,42000.0,2025-03-12 13:36:47.971428+00:00,2025-03-12 15:14:01.773415+00:00,1.0,144.9093,1,144.9093,1,2024-12-07 20:42:51.075295+00:00,2024-12-07 20:42:51.075295+00:00,0.003197797619047619,312.7152243917875,0.05749410944444444,404.6012880889005,2.0,7.0,0,False,0,0
531-1541-1521-1971-154,57.4597,1.0,57.4597,2025-01-18 07:52:39.080071+00:00,2025-01-18 07:52:39.080071+00:00,1.0,94043.0,1.0,94043.0,2025-01-18 08:26:17.210539+00:00,2025-01-18 08:26:17.210539+00:00,1.0,1150.4797733333332,1,1150.4797733333332,1,2024-12-05 05:56:49.092206+00:00,2024-12-05 05:56:49.092206+00:00,0.0006109939070425231,1636.67753225304,0.5605917966666667,30033.565438037444,2.0,3.0,0,False,0,0
531-1551-1521-1561-1100,0.0,0.0,0.0,0,0,0.0,34000.0,6.0,5666.666666666667,2025-01-17 16:15:38.880342+00:00,2025-03-12 13:49:31.755978+00:00,1.0,155.02612666666667,1,155.02612666666667,1,2024-11-28 16:02:54.525069+00:00,2024-11-28 16:02:54.525069+00:00,0.0,0.0,999.0,0.0,1.0,7.0,0,False,0,0
531-1551-1521-1561-152,0.00135799,1.0,0.00135799,2025-03-12 13:04:36.820416+00:00,2025-03-12 13:04:36.820416+00:00,1.0,0.0,0.0,0.0,0,0,0.0,315.55912,1,315.55912,1,2024-11-27 21:41:39.286160+00:00,2024-11-27 21:41:39.286160+00:00,999.0,0.0,999.0,348558295.7164633,1.0,2.0,0,False,0,0
531-1551-1521-1571-157,0.00038234,1.0,0.00038234,2025-01-17 16:37:29.297376+00:00,2025-01-17 16:37:29.297376+00:00,1.0,68723.0,1.0,68723.0,2025-01-17 16:44:31.693795+00:00,2025-01-17 16:44:31.693795+00:00,1.0,172.23764666666668,4,43.05941166666667,2,2024-12-03 01:55:42.207554+00:00,2024-12-10 20:11:27.228794+00:00,5.563494026745049e-09,179743160.53774127,0.1173323386111111,675724407.595334,2.0,6.0,0,True,0,0
531-1561-1521-1561-198,13.84197792,2.0,6.92098896,2025-01-17 18:32:34.681267+00:00,2025-03-12 11:16:12.403625+00:00,2.0,168000.0,8.0,21000.0,2025-01-17 15:41:01.010529+00:00,2025-03-12 17:03:49.894508+00:00,1.0,95.11922000000001,3,31.70640666666667,2,2024-12-05 04:12:29.410679+00:00,2024-12-09 12:05:50.826838+00:00,8.239272571428571e-05,12136.993785928536,-2.859352982777778,10307.690911271156,3.0,13.0,0,True,0,0
531-1561-1521-1571-151,95.776478,1.0,95.776478,2025-01-18 06:13:37.731690+00:00,2025-01-18 06:13:37.731690+00:00,1.0,159727.0,1.0,159727.0,2025-01-18 07:02:20.448983+00:00,2025-01-18 07:02:20.448983+00:00,1.0,33.23562,1,33.23562,1,2024-12-06 13:25:30.220124+00:00,2024-12-06 13:25:30.220124+00:00,0.0005996260995323271,1667.7059267098964,0.8118659147222222,520.5185139507844,2.0,3.0,0,False,0,0
531-1561-1521-1571-154,0.0,0.0,0.0,0,0,0.0,32700.0,2.0,16350.0,2025-01-17 18:28:37.983451+00:00,2025-01-18 06:00:06.522448+00:00,1.0,22.448666666666668,1,22.448666666666668,1,2024-11-30 04:56:04.446884+00:00,2024-11-30 04:56:04.446884+00:00,0.0,0.0,999.0,0.0,1.0,3.0,0,False,0,0
531-1561-1521-1971-151,0.019,1.0,0.019,2025-01-17 22:12:42.359106+00:00,2025-01-17 22:12:42.359106+00:00,1.0,3090000.0,3.0,1030000.0,2025-01-17 22:47:59.851718+00:00,2025-01-18 03:44:11.899699+00:00,1.0,193.35846,2,96.67923,1,2024-12-05 17:52:39.200789+00:00,2024-12-07 20:51:49.498872+00:00,6.148867313915857e-09,162631578.9473684,0.5881923922222222,15265141.578947369,2.0,6.0,0,True,0,0
531-1561-1521-1971-152,0.0,0.0,0.0,0,0,0.0,11560.0,1.0,11560.0,2025-01-18 08:02:52.328198+00:00,2025-01-18 08:02:52.328198+00:00,1.0,0.33296666666666663,1,0.33296666666666663,1,2024-12-09 12:24:41.043789+00:00,2024-12-09 12:24:41.043789+00:00,0.0,0.0,999.0,0.0,1.0,2.0,0,False,0,0
531-1571-1521-1561-150,0.0,0.0,0.0,0,0,0.0,27766.0,1.0,27766.0,2025-03-12 13:34:08.051805+00:00,2025-03-12 13:34:08.051805+00:00,1.0,3.29752,1,3.29752,1,2024-12-11 14:48:44.817846+00:00,2024-12-11 14:48:44.817846+00:00,0.0,0.0,999.0,0.0,1.0,2.0,0,False,0,0
531-1571-1521-1561-198,0.0,0.0,0.0,0,0,0.0,69051.0,3.0,23017.0,2025-01-17 18:14:05.008042+00:00,2025-01-18 04:00:04.413389+00:00,1.0,39.26761333333334,2,19.63380666666667,1,2024-11-30 19:09:54.180760+00:00,2024-12-02 11:24:13.768069+00:00,0.0,0.0,999.0,0.0,1.0,5.0,0,True,0,0
531-1571-1521-1571-1100,0.0,0.0,0.0,0,0,0.0,534014.0,1.0,534014.0,2025-01-17 16:49:13.777966+00:00,2025-01-17 16:49:13.777966+00:00,1.0,224.92274666666665,1,224.92274666666665,1,2024-12-01 16:26:55.938744+00:00,2024-12-01 16:26:55.938744+00:00,0.0,0.0,999.0,0.0,1.0,2.0,0,False,0,0
531-1571-1521-1981-198,0.0,0.0,0.0,0,0,0.0,4900.0,1.0,4900.0,2025-01-17 17:07:31.441751+00:00,2025-01-17 17:07:31.441751+00:00,1.0,16.649720000000002,2,8.324860000000001,1,2024-12-04 12:18:04.131794+00:00,2024-12-07 20:40:09.823225+00:00,0.0,0.0,999.0,0.0,1.0,3.0,0,True,0,0
531-1971-1521-1561-154,80.00417533,2.0,40.002087665,2025-01-17 15:16:49.122705+00:00,2025-01-18 12:51:29.778242+00:00,2.0,130926.0,1.0,130926.0,2025-01-17 15:24:27.398856+00:00,2025-01-17 15:24:27.398856+00:00,1.0,674.248,1,674.248,1,2024-12-03 01:23:55.086872+00:00,2024-12-03 01:23:55.086872+00:00,0.0006110640768831248,1636.4895889490572,0.12729893083333335,12641.490220082993,3.0,4.0,0,False,0,0
531-1971-1521-1571-1102,9.602497,1.0,9.602497,2025-01-17 20:53:20.651408+00:00,2025-01-17 20:53:20.651408+00:00,1.0,17850.0,1.0,17850.0,2025-01-17 21:20:54.444171+00:00,2025-01-17 21:20:54.444171+00:00,1.0,216.46717333333333,3,72.15572444444444,1,2024-11-28 16:13:04.768152+00:00,2024-12-05 04:38:58.314858+00:00,0.0005379550140056022,1858.8914945768795,0.4593868786111111,33814.20061885987,2.0,5.0,0,True,0,0
531-1971-1521-1571-150,0.0019843,1.0,0.0019843,2025-01-18 03:43:09.698647+00:00,2025-01-18 03:43:09.698647+00:00,1.0,0.0,0.0,0.0,0,0,0.0,195.04722,1,195.04722,1,2024-12-03 01:55:55.213450+00:00,2024-12-03 01:55:55.213450+00:00,999.0,0.0,999.0,147442841.3042383,1.0,2.0,0,False,0,0
531-1971-1521-1571-151,0.0,0.0,0.0,0,0,0.0,15043.0,1.0,15043.0,2025-01-17 17:00:01.205670+00:00,2025-01-17 17:00:01.205670+00:00,1.0,108.54162000000001,3,36.18054,1,2024-12-03 02:37:39.694988+00:00,2024-12-05 04:25:29.795553+00:00,0.0,0.0,999.0,0.0,1.0,4.0,0,True,0,0
531-1971-1521-1571-153,0.04524717,1.0,0.04524717,2025-01-18 08:57:23.940345+00:00,2025-01-18 08:57:23.940345+00:00,1.0,5000.0,1.0,5000.0,2025-03-12 11:41:05.544370+00:00,2025-03-12 11:41:05.544370+00:00,1.0,69.36581333333334,2,34.68290666666667,2,2024-12-03 18:18:40.523304+00:00,2024-12-06 12:56:29.047561+00:00,9.049434000000001e-06,110504.14865725303,1274.7282233402777,2299563.0444953796,2.0,4.0,0,True,0,0
531-1971-1521-1571-198,11.00012329,2.0,5.500061645,2025-01-17 19:53:27.693390+00:00,2025-01-17 22:22:11.920205+00:00,2.0,60000.0,1.0,60000.0,2025-03-12 15:37:23.537324+00:00,2025-03-12 15:37:23.537324+00:00,1.0,21.755013333333334,1,21.755013333333334,1,2024-12-07 07:58:11.661086+00:00,2024-12-07 07:58:11.661086+00:00,0.00018333538816666666,5454.484319693475,1291.7321788705553,2966.559477534729,3.0,4.0,0,False,0,0
531-1981-1521-1561-149,89.553461,1.0,89.553461,2025-01-17 16:44:33.972290+00:00,2025-01-17 16:44:33.972290+00:00,1.0,35500.0,2.0,17750.0,2025-01-17 22:54:48.889793+00:00,2025-01-17 23:10:32.592174+00:00,1.0,9.913693333333335,1,9.913693333333335,1,2024-11-30 19:06:20.749330+00:00,2024-11-30 19:06:20.749330+00:00,0.002522632704225352,396.41125651190634,6.1708104175,166.05209708198774,2.0,4.0,0,False,0,0
531-1981-1521-1971-153,0.0,0.0,0.0,0,0,0.0,1812.0,1.0,1812.0,2025-01-17 17:38:05.636608+00:00,2025-01-17 17:38:05.636608+00:00,1.0,4.627013333333333,9,0.5141125925925926,6,2024-11-30 18:50:25.043599+00:00,2024-12-06 13:45:45.046001+00:00,0.0,0.0,999.0,0.0,1.0,10.0,0,True,0,0
531-1981-1521-1981-1101,0.00044893,1.0,0.00044893,2025-01-17 20:07:01.193569+00:00,2025-01-17 20:07:01.193569+00:00,1.0,55000.0,2.0,27500.0,2025-01-17 20:25:07.069562+00:00,2025-01-18 10:03:57.630638+00:00,1.0,413.72307333333333,3,137.90769111111112,1,2024-11-30 19:23:19.861856+00:00,2024-12-09 12:14:07.396733+00:00,8.162363636363636e-09,122513532.17650859,0.3016322202777778,1382363865.1905644,2.0,6.0,0,True,0,0
531-1981-1521-1981-148,0.0,0.0,0.0,0,0,0.0,1271.0,1.0,1271.0,2025-03-12 15:17:04.219237+00:00,2025-03-12 15:17:04.219237+00:00,1.0,5.411393333333334,1,5.411393333333334,1,2024-12-10 20:22:21.942627+00:00,2024-12-10 20:22:21.942627+00:00,0.0,0.0,999.0,0.0,1.0,2.0,0,False,0,0
531-1981-1521-1981-150,0.10296014,5.0,0.020592028000000002,2025-01-17 23:37:03.799846+00:00,2025-01-18 11:10:30.169517+00:00,3.0,179315.27780865,5.0,35863.05556173,2025-01-18 09:38:16.995788+00:00,2025-03-12 14:14:39.088305+00:00,2.0,284.1544466666667,3,94.71814888888889,3,2024-11-27 20:39:52.508892+00:00,2024-12-05 17:54:14.462546+00:00,5.74184984448845e-07,1741599.0091762694,10.02033220611111,4139773.605591445,5.0,13.0,0,True,0,0
531-1991-1521-1561-1102,0.0,0.0,0.0,0,0,0.0,1016240.0,2.0,508120.0,2025-01-17 19:01:33.995073+00:00,2025-01-17 21:06:51.720865+00:00,1.0,36.66666666666667,2,18.333333333333336,2,2024-12-07 08:06:50.909550+00:00,2025-03-11 14:31:13.263102+00:00,0.0,0.0,999.0,0.0,1.0,4.0,0,True,0,0
531-1991-1521-1561-157,0.00010821,1.0,0.00010821,2025-03-12 17:42:48.892401+00:00,2025-03-12 17:42:48.892401+00:00,1.0,13567.0,1.0,13567.0,2025-03-12 17:45:14.549461+00:00,2025-03-12 17:45:14.549461+00:00,1.0,591.4463933333333,2,295.72319666666664,1,2024-11-27 20:55:32.161727+00:00,2024-12-10 19:58:47.411211+00:00,7.975971106361023e-09,125376582.5709269,0.04046029444444445,8198591534.978283,2.0,4.0,0,False,0,0
531-1991-1521-1981-152,0.00038476,1.0,0.00038476,2025-01-17 20:59:45.897405+00:00,2025-01-17 20:59:45.897405+00:00,1.0,24300.0,3.0,8100.0,2025-01-17 21:21:28.264876+00:00,2025-01-18 09:38:12.050521+00:00,1.0,261.3677333333333,1,261.3677333333333,1,2024-12-02 11:39:01.305549+00:00,2024-12-02 11:39:01.305549+00:00,1.583374485596708e-08,63156253.24877846,0.36176874194444447,1018951034.4110615,2.0,5.0,0,False,0,0
541-11001-1521-1571-1100,0.0,0.0,0.0,0,0,0.0,763000.0,2.0,381500.0,2025-03-12 16:22:15.069452+00:00,2025-03-12 16:22:19.961302+00:00,1.0,452.6191666666666,4,113.15479166666665,3,2024-11-30 19:04:14.597237+00:00,2024-12-07 21:02:13.654344+00:00,0.0,0.0,999.0,0.0,1.0,6.0,0,True,0,0
541-11001-1521-1971-152,0.0,0.0,0.0,0,0,0.0,9986.016056,2.0,4993.008028,2025-01-17 15:53:23.772233+00:00,2025-01-17 20:36:16.289805+00:00,2.0,6.604673333333333,1,6.604673333333333,1,2024-12-03 18:31:46.278139+00:00,2024-12-03 18:31:46.278139+00:00,0.0,0.0,999.0,0.0,2.0,3.0,0,False,0,0
541-11001-1521-1981-155,0.01905981,3.0,0.00635327,2025-01-17 18:59:50.807766+00:00,2025-01-18 09:35:31.143788+00:00,1.0,99600.0,4.0,24900.0,2025-01-17 19:20:15.475217+00:00,2025-01-18 10:35:50.757597+00:00,1.0,6.673246666666667,1,6.673246666666667,1,2024-11-30 05:24:37.518238+00:00,2024-11-30 05:24:37.518238+00:00,1.9136355421686748e-07,5225655.449870696,0.34018540305555556,525182.0453614176,2.0,8.0,0,False,0,0
541-11011-1521-1561-1102,0.0,0.0,0.0,0,0,0.0,1707.0,1.0,1707.0,2025-01-18 06:00:14.166098+00:00,2025-01-18 06:00:14.166098+00:00,1.0,65.93470666666667,3,21.978235555555557,1,2024-12-02 11:07:11.884550+00:00,2024-12-11 13:18:19.508216+00:00,0.0,0.0,999.0,0.0,1.0,4.0,0,True,0,0
541-11011-1521-1561-153,0.0,0.0,0.0,0,0,0.0,870000.0,3.0,290000.0,2025-01-17 16:25:55.168480+00:00,2025-01-17 21:53:38.324468+00:00,1.0,415.46686,1,415.46686,1,2024-11-30 19:10:21.195473+00:00,2024-11-30 19:10:21.195473+00:00,0.0,0.0,999.0,0.0,1.0,4.0,0,False,0,0
541-11011-1521-1571-152,405.4450889,2.0,202.72254445,2025-03-12 15:07:46.842329+00:00,2025-03-12 15:12:09.573478+00:00,1.0,626000.0,1.0,626000.0,2025-03-12 15:28:30.161785+00:00,2025-03-12 15:28:30.161785+00:00,1.0,40.91854,1,40.91854,1,2024-12-05 18:02:12.316775+00:00,2024-12-05 18:02:12.316775+00:00,0.0006476758608626198,1543.9821991638387,0.34536651555555553,151.38377965440932,2.0,4.0,0,False,0,0
541-11011-1521-1981-151,0.0,0.0,0.0,0,0,0.0,1060391.0,1.0,1060391.0,2025-04-01 12:02:17.310354+00:00,2025-04-01 12:02:17.310354+00:00,1.0,77.59284,2,38.79642,1,2024-11-29 11:48:13.601372+00:00,2024-11-30 05:13:17.584361+00:00,0.0,0.0,999.0,0.0,1.0,3.0,0,True,0,0
541-11021-1521-1561-1102,10.0,1.0,10.0,2025-01-17 19:19:57.040278+00:00,2025-01-17 19:19:57.040278+00:00,1.0,42100.0,4.0,10525.0,2025-01-17 16:02:38.360340+00:00,2025-01-17 22:52:32.639726+00:00,1.0,45.050933333333326,1,45.050933333333326,1,2024-11-29 11:55:59.663628+00:00,2024-11-29 11:55:59.663628+00:00,0.00023752969121140142,4210.0,-3.2885222049999996,6757.6399999999985,2.0,6.0,0,False,0,0
541-11021-1521-1561-149,0.00136967,1.0,0.00136967,2025-01-17 23:11:08.187663+00:00,2025-01-17 23:11:08.187663+00:00,1.0,184500.0,6.0,30750.0,2025-01-17 17:59:22.037377+00:00,2025-01-18 13:08:05.009124+00:00,1.0,271.2963,6,45.216049999999996,1,2024-12-02 11:34:15.792863+00:00,2024-12-10 19:51:54.240841+00:00,7.423685636856368e-09,134703979.79075253,-5.196152857222223,297111311.4837881,2.0,13.0,0,True,0,0
541-11021-1521-1571-199,0.0,0.0,0.0,0,0,0.0,5000.0,1.0,5000.0,2025-03-12 11:15:33.928171+00:00,2025-03-12 11:15:33.928171+00:00,1.0,1015.57178,2,507.78589,1,2024-12-06 13:25:56.160505+00:00,2024-12-07 08:03:49.021522+00:00,0.0,0.0,999.0,0.0,1.0,3.0,0,False,0,0
541-11021-1521-1981-1101,0.0,0.0,0.0,0,0,0.0,5300.0,1.0,5300.0,2025-01-18 12:35:40.391916+00:00,2025-01-18 12:35:40.391916+00:00,1.0,7.324406666666667,1,7.324406666666667,1,2024-12-11 07:38:52.900031+00:00,2024-12-11 07:38:52.900031+00:00,0.0,0.0,999.0,0.0,1.0,2.0,0,False,0,0
541-11021-1521-1981-152,39.0,1.0,39.0,2025-01-17 16:03:36.870895+00:00,2025-01-17 16:03:36.870895+00:00,1.0,64000.0,1.0,64000.0,2025-01-17 16:11:43.669306+00:00,2025-01-17 16:11:43.669306+00:00,1.0,24.696906666666667,1,24.696906666666667,1,2024-12-03 03:41:08.990111+00:00,2024-12-03 03:41:08.990111+00:00,0.000609375,1641.025641025641,0.13522178083333333,949.8810256410256,2.0,3.0,0,False,0,0
541-1481-1521-1571-1100,50150.0,1.0,50150.0,2025-01-17 17:03:34.644179+00:00,2025-01-17 17:03:34.644179+00:00,1.0,121659.0,6.0,20276.5,2025-03-12 12:04:01.266139+00:00,2025-04-01 11:02:40.409295+00:00,1.0,16.025706666666668,3,5.341902222222223,2,2024-11-30 06:22:36.092576+00:00,2025-03-11 14:22:41.964827+00:00,0.4122177561873762,2.425902293120638,1291.007394988889,0.47933320039880367,2.0,10.0,0,True,0,0
541-1481-1521-1571-155,0.0,0.0,0.0,0,0,0.0,53233.0,1.0,53233.0,2025-01-18 04:00:04.621589+00:00,2025-01-18 04:00:04.621589+00:00,1.0,300.6234533333333,2,150.31172666666666,1,2024-11-28 16:44:51.006536+00:00,2024-12-01 16:17:19.576309+00:00,0.0,0.0,999.0,0.0,1.0,3.0,0,True,0,0
541-1491-1521-1561-155,20.0067335,2.0,10.00336675,2025-01-17 15:32:39.182516+00:00,2025-01-18 11:05:15.965021+00:00,2.0,40493.0,2.0,20246.5,2025-01-17 16:00:56.512129+00:00,2025-01-18 11:41:08.218805+00:00,1.0,11.256533333333334,1,11.256533333333334,1,2024-11-29 11:47:44.648670+00:00,2024-11-29 11:47:44.648670+00:00,0.0004940788160916702,2023.9685803782013,0.4714804480555556,843.9558611604439,3.0,5.0,0,False,0,0
541-1491-1521-1971-1101,0.0,0.0,0.0,0,0,0.0,150000.0,3.0,50000.0,2025-04-01 11:26:38.192086+00:00,2025-05-08 15:15:52.358485+00:00,1.0,42.34556,2,21.17278,1,2024-11-27 21:25:12.383690+00:00,2024-11-29 11:54:30.778799+00:00,0.0,0.0,999.0,0.0,1.0,5.0,0,True,0,0
541-1491-1521-1971-151,0.0,0.0,0.0,0,0,0.0,55000.0,1.0,55000.0,2025-03-12 14:44:03.770272+00:00,2025-03-12 14:44:03.770272+00:00,1.0,52.62266666666667,1,52.62266666666667,1,2024-12-09 12:10:26.730176+00:00,2024-12-09 12:10:26.730176+00:00,0.0,0.0,999.0,0.0,1.0,2.0,0,False,0,0
541-1491-1521-1971-153,0.0,0.0,0.0,0,0,0.0,51700.0,3.0,17233.333333333332,2025-01-17 16:20:09.353644+00:00,2025-01-18 10:01:02.292881+00:00,1.0,46.52770666666667,1,46.52770666666667,1,2024-11-29 11:40:43.051114+00:00,2024-11-29 11:40:43.051114+00:00,0.0,0.0,999.0,0.0,1.0,4.0,0,False,0,0
541-1491-1521-1981-1102,0.0,0.0,0.0,0,0,0.0,2400.0,1.0,2400.0,2025-01-18 06:00:12.154426+00:00,2025-01-18 06:00:12.154426+00:00,1.0,1.31952,1,1.31952,1,2024-12-05 04:33:46.203406+00:00,2024-12-05 04:33:46.203406+00:00,0.0,0.0,999.0,0.0,1.0,2.0,0,False,0,0
541-1491-1521-1981-152,83.6451837,2.0,41.82259185,2025-01-17 18:13:28.496154+00:00,2025-03-12 16:21:43.876461+00:00,2.0,148488.0,4.0,37122.0,2025-01-17 16:57:21.801310+00:00,2025-03-12 16:44:07.293417+00:00,1.0,333.23479333333336,1,333.23479333333336,1,2024-12-04 12:12:42.356660+00:00,2024-12-04 12:12:42.356660+00:00,0.000563312750525295,1775.2127908830212,-1.2685263455555555,5975.863377773896,3.0,7.0,0,False,0,0
541-1501-1521-1971-1102,0.00196758,2.0,0.00098379,2025-01-18 09:51:16.632583+00:00,2025-01-18 09:51:33.509986+00:00,1.0,325461.0,1.0,325461.0,2025-01-18 09:58:57.190602+00:00,2025-01-18 09:58:57.190602+00:00,1.0,868.18136,2,434.09068,1,2024-12-03 18:29:16.179696+00:00,2024-12-08 17:45:16.660711+00:00,6.045516974384028e-09,165411825.694508,0.12793278305555555,661864849.2056231,2.0,5.0,0,False,0,0
541-1501-1521-1971-198,0.00089677,1.0,0.00089677,2025-01-17 21:39:25.346616+00:00,2025-01-17 21:39:25.346616+00:00,1.0,150746.0,2.0,75373.0,2025-01-17 21:52:08.818719+00:00,2025-01-17 22:00:52.100376+00:00,1.0,8.444786666666667,1,8.444786666666667,1,2024-11-30 04:41:39.716362+00:00,2024-11-30 04:41:39.716362+00:00,5.948880898995661e-09,168098843.62768602,0.21207558416666666,14125338.715612702,2.0,4.0,0,False,0,0
541-1501-1521-1981-155,0.0,0.0,0.0,0,0,0.0,16900.0,3.0,5633.333333333333,2025-01-17 16:51:40.016530+00:00,2025-01-18 10:30:14.717371+00:00,1.0,10.553106666666666,3,3.5177022222222223,1,2024-11-27 21:44:02.742485+00:00,2024-12-02 11:11:44.445003+00:00,0.0,0.0,999.0,0.0,1.0,6.0,0,True,0,0
541-1501-1521-1981-197,12.24136,1.0,12.24136,2025-01-17 16:05:19.069666+00:00,2025-01-17 16:05:19.069666+00:00,1.0,300100.0,3.0,100033.33333333333,2025-01-17 16:12:48.496535+00:00,2025-03-12 12:58:23.746441+00:00,1.0,58.00668,1,58.00668,1,2024-12-04 12:16:06.470632+00:00,2024-12-04 12:16:06.470632+00:00,4.0790936354548484e-05,24515.2499395492,0.12484079694444444,7107.872001150199,2.0,5.0,0,False,0,0
541-1511-1521-1561-197,0.419481,5.0,0.0838962,2025-01-17 16:53:04.381037+00:00,2025-01-18 13:02:46.226437+00:00,1.0,144020.0,5.0,28804.0,2025-01-17 18:34:17.174169+00:00,2025-01-18 13:06:41.126128+00:00,1.0,38.85144666666666,4,9.712861666666665,1,2024-11-27 20:43:54.359185+00:00,2024-12-02 11:26:20.247470+00:00,2.912657964171643e-06,343329.01847759495,1.6868869811111111,138926.8405482012,2.0,14.0,0,True,0,0
541-1511-1521-1971-152,0.0032583,1.0,0.0032583,2025-01-17 23:25:27.503287+00:00,2025-01-17 23:25:27.503287+00:00,1.0,670000.0,14.0,47857.142857142855,2025-01-17 15:38:02.605580+00:00,2025-01-18 10:34:27.159526+00:00,1.0,1833.33526,1,1833.33526,1,2024-11-27 21:22:51.951345+00:00,2024-11-27 21:22:51.951345+00:00,4.863134328358209e-09,205628702.0839088,-7.790249363055556,843999291.0413406,2.0,16.0,0,False,0,0
541-1511-1521-1971-153,11000.0,1.0,11000.0,2025-01-17 16:24:19.696628+00:00,2025-01-17 16:24:19.696628+00:00,1.0,10325.0,1.0,10325.0,2025-01-17 16:46:21.384605+00:00,2025-01-17 16:46:21.384605+00:00,1.0,10.7768,1,10.7768,1,2024-12-04 12:03:51.802752+00:00,2024-12-04 12:03:51.802752+00:00,1.0653753026634383,0.9386363636363636,0.3671355491666667,1.4695636363636364,2.0,3.0,0,False,0,0
541-1511-1521-1971-198,0.0,0.0,0.0,0,0,0.0,6000.0,1.0,6000.0,2025-03-12 16:39:05.799403+00:00,2025-03-12 16:39:05.799403+00:00,1.0,153.67463333333333,2,76.83731666666667,1,2024-12-01 16:05:29.014082+00:00,2024-12-01 16:13:47.650376+00:00,0.0,0.0,999.0,0.0,1.0,3.0,0,True,0,0
541-1511-1521-1981-150,1090.0,3.0,363.3333333333333,2025-01-17 18:01:31.267300+00:00,2025-03-12 17:18:54.984967+00:00,1.0,270100.0,5.0,54020.0,2025-01-17 19:58:20.492204+00:00,2025-01-17 20:36:16.968720+00:00,1.0,139.55994,1,139.55994,1,2024-12-04 12:25:35.480127+00:00,2024-12-04 12:25:35.480127+00:00,0.004035542391706775,247.7981651376147,1.9470069177777778,192.0549633027523,2.0,9.0,0,False,0,0
541-1511-1521-1981-155,0.0,0.0,0.0,0,0,0.0,549500.0,1.0,549500.0,2025-01-17 15:01:22.511902+00:00,2025-01-17 15:01:22.511902+00:00,1.0,34.66490666666667,1,34.66490666666667,1,2024-12-10 13:28:02.192559+00:00,2024-12-10 13:28:02.192559+00:00,0.0,0.0,999.0,0.0,1.0,2.0,0,False,0,0
541-1521-1521-1561-148,0.0,0.0,0.0,0,0,0.0,19000.0,1.0,19000.0,2025-01-17 20:57:01.385170+00:00,2025-01-17 20:57:01.385170+00:00,1.0,27.234740000000002,3,9.078246666666667,1,2024-11-28 16:15:36.708221+00:00,2024-11-30 05:28:59.236863+00:00,0.0,0.0,999.0,0.0,1.0,4.0,0,True,0,0
541-1521-1521-1981-150,0.0,0.0,0.0,0,0,0.0,100000.0,1.0,100000.0,2025-03-12 13:51:22.531142+00:00,2025-03-12 13:51:22.531142+00:00,1.0,213.5162,3,71.17206666666667,2,2024-12-07 07:57:23.981309+00:00,2024-12-10 19:54:05.813389+00:00,0.0,0.0,999.0,0.0,1.0,4.0,0,True,0,0
541-1521-1521-1981-157,17150.00205613,2.0,8575.001028065,2025-01-17 19:58:04.645389+00:00,2025-01-17 22:40:27.669468+00:00,2.0,348935.012781,2.0,174467.5063905,2025-01-17 20:13:12.311607+00:00,2025-01-17 22:42:59.162626+00:00,2.0,138.00214,1,138.00214,1,2024-12-06 13:09:07.153733+00:00,2024-12-06 13:09:07.153733+00:00,0.04914955916703537,20.346062445880502,0.252129505,12.070156570390028,4.0,5.0,0,False,0,0
541-1521-1521-1981-198,0.0,0.0,0.0,0,0,0.0,11000.0,2.0,5500.0,2025-01-18 02:18:23.268896+00:00,2025-01-18 07:15:54.706993+00:00,1.0,73.77146,1,73.77146,1,2024-12-04 12:00:30.799735+00:00,2024-12-04 12:00:30.799735+00:00,0.0,0.0,999.0,0.0,1.0,3.0,0,False,0,0
541-1531-1521-1571-1100,130.088772,1.0,130.088772,2025-01-18 07:43:06.555866+00:00,2025-01-18 07:43:06.555866+00:00,1.0,263131.0,2.0,131565.5,2025-01-17 19:17:49.767810+00:00,2025-01-18 08:19:50.736609+00:00,1.0,0.24132666666666666,1,0.24132666666666666,1,2024-12-05 04:39:35.444123+00:00,2024-12-05 04:39:35.444123+00:00,0.0004943878600392961,2022.7033890365265,-12.421330015555554,2.7826383048646193,2.0,4.0,0,False,0,0
541-1531-1521-1971-152,0.0,0.0,0.0,0,0,0.0,83601.0,2.0,41800.5,2025-03-12 11:22:42.427415+00:00,2025-03-12 12:00:03.030448+00:00,1.0,40.01299342666667,2,20.006496713333334,1,2024-11-30 06:14:46.442996+00:00,2024-12-11 11:12:15.037878+00:00,0.0,0.0,999.0,0.0,1.0,4.0,0,True,0,0
541-1531-1521-1971-154,0.67819103,1.0,0.67819103,2025-01-17 16:52:20.276438+00:00,2025-01-17 16:52:20.276438+00:00,1.0,148114.0,1.0,148114.0,2025-01-17 18:16:11.518106+00:00,2025-01-17 18:16:11.518106+00:00,1.0,4.755146666666667,1,4.755146666666667,1,2024-11-27 21:32:48.840481+00:00,2024-11-27 21:32:48.840481+00:00,4.578844876243974e-06,218395.69302472196,1.3975671299999999,10517.272692326822,2.0,3.0,0,False,0,0
541-1531-1521-1971-198,269.0,1.0,269.0,2025-01-18 11:06:25.511931+00:00,2025-01-18 11:06:25.511931+00:00,1.0,796843.0,3.0,265614.3333333333,2025-01-17 23:27:12.206626+00:00,2025-03-12 12:13:50.637182+00:00,1.0,35.7448,1,35.7448,1,2025-03-11 18:44:02.475841+00:00,2025-03-11 18:44:02.475841+00:00,0.0003375821836923961,2962.2416356877325,-11.653695918055556,199.32044609665425,2.0,5.0,0,False,0,0
541-1531-1521-1981-152,0.0,0.0,0.0,0,0,0.0,70000.0,3.0,23333.333333333332,2025-03-12 13:29:04.439446+00:00,2025-04-01 11:00:54.163125+00:00,1.0,17.866373333333335,2,8.933186666666668,1,2024-12-05 05:16:22.486225+00:00,2025-03-11 14:21:32.483417+00:00,0.0,0.0,999.0,0.0,1.0,5.0,0,True,0,0
541-1531-1521-1981-197,0.00085903,1.0,0.00085903,2025-03-12 16:14:28.481936+00:00,2025-03-12 16:14:28.481936+00:00,1.0,106998.0,1.0,106998.0,2025-03-12 16:27:30.768090+00:00,2025-03-12 16:27:30.768090+00:00,1.0,52.84054666666667,1,52.84054666666667,1,2024-12-04 12:28:56.060300+00:00,2024-12-04 12:28:56.060300+00:00,8.028467821828445e-09,124556767.5168504,0.21730170944444444,92267813.69684412,2.0,3.0,0,False,0,0
541-1541-1521-1561-157,31.911056,1.0,31.911056,2025-03-12 16:21:59.035767+00:00,2025-03-12 16:21:59.035767+00:00,1.0,0.0,0.0,0.0,0,0,0.0,10.221066666666667,1,10.221066666666667,1,2025-03-11 17:33:08.082259+00:00,2025-03-11 17:33:08.082259+00:00,999.0,0.0,999.0,480.4479049518136,1.0,2.0,0,False,0,0
541-1541-1521-1561-197,0.000108,1.0,0.000108,2025-01-17 17:34:26.073594+00:00,2025-01-17 17:34:26.073594+00:00,1.0,0.0,0.0,0.0,0,0,0.0,17.270133333333334,1,17.270133333333334,1,2024-12-05 18:01:20.830072+00:00,2024-12-05 18:01:20.830072+00:00,999.0,0.0,999.0,239862962.96296299,1.0,2.0,0,False,0,0
541-1541-1521-1571-155,0.00120362,1.0,0.00120362,2025-01-17 15:39:28.027521+00:00,2025-01-17 15:39:28.027521+00:00,1.0,200433.0,1.0,200433.0,2025-01-17 16:09:52.450325+00:00,2025-01-17 16:09:52.450325+00:00,1.0,28.270326666666666,1,28.270326666666666,1,2024-11-28 16:43:30.973516+00:00,2024-11-28 16:43:30.973516+00:00,6.005098960749976e-09,166525149.1334474,0.5067841122222222,35231626.26077998,2.0,3.0,0,False,0,0
541-1541-1521-1971-154,0.0,0.0,0.0,0,0,0.0,17398.0,1.0,17398.0,2025-01-18 06:00:10.839084+00:00,2025-01-18 06:00:10.839084+00:00,1.0,44.29857333333333,3,14.76619111111111,2,2024-12-01 15:59:13.544116+00:00,2024-12-07 08:23:40.725577+00:00,0.0,0.0,999.0,0.0,1.0,4.0,0,True,0,0
541-1541-1521-1981-197,30.0,2.0,15.0,2025-01-18 11:47:44.140506+00:00,2025-03-12 16:57:21.730613+00:00,1.0,31032.0,1.0,31032.0,2025-03-12 17:18:24.500650+00:00,2025-03-12 17:18:24.500650+00:00,1.0,133.93009333333333,3,44.643364444444444,2,2024-11-29 12:03:41.338133+00:00,2024-12-06 13:43:47.750829+00:00,0.0009667440061871616,1034.4,1277.511211151111,6696.504666666667,2.0,6.0,0,True,0,0
541-1551-1521-1561-154,4048.8,2.0,2024.4,2025-01-18 10:07:19.485554+00:00,2025-03-12 17:53:27.270231+00:00,2.0,99141.0,4.0,24785.25,2025-01-17 16:46:04.186809+00:00,2025-03-12 17:54:11.942627+00:00,2.0,12.095033333333333,3,4.0316777777777775,1,2024-11-29 11:38:52.471617+00:00,2024-11-29 12:22:57.756231+00:00,0.040838805337852155,24.486514522821576,-17.35424965138889,4.4809696700256865,4.0,9.0,0,True,0,0
541-1551-1521-1561-155,0.0,0.0,0.0,0,0,0.0,550000.0,2.0,275000.0,2025-01-17 19:20:00.482084+00:00,2025-01-18 10:37:17.907877+00:00,1.0,53.333333333333336,1,53.333333333333336,1,2025-07-18 15:27:56.319965+00:00,2025-07-18 15:27:56.319965+00:00,0.0,0.0,999.0,0.0,1.0,3.0,0,False,0,0
541-1551-1521-1571-155,0.0,0.0,0.0,0,0,0.0,329684.0,5.0,65936.8,2025-03-12 11:19:12.037229+00:00,2025-03-12 17:16:13.139676+00:00,1.0,5.0962000000000005,1,5.0962000000000005,1,2025-03-11 14:23:29.872346+00:00,2025-03-11 14:23:29.872346+00:00,0.0,0.0,999.0,0.0,1.0,6.0,0,False,0,0
541-1561-1521-1561-148,0.00866875,1.0,0.00866875,2025-01-17 21:13:20.787364+00:00,2025-01-17 21:13:20.787364+00:00,1.0,0.0,0.0,0.0,0,0,0.0,2.597293333333333,3,0.8657644444444443,3,2024-12-03 01:40:29.972992+00:00,2024-12-03 01:42:07.072672+00:00,999.0,0.0,999.0,449423.5039653929,1.0,4.0,0,True,0,0
541-1561-1521-1561-154,0.0,0.0,0.0,0,0,0.0,22133.0,1.0,22133.0,2025-03-12 13:31:52.845622+00:00,2025-03-12 13:31:52.845622+00:00,1.0,7.37988,1,7.37988,1,2024-12-10 13:47:50.630657+00:00,2024-12-10 13:47:50.630657+00:00,0.0,0.0,999.0,0.0,1.0,2.0,0,False,0,0
541-1561-1521-1571-1100,0.00051823,1.0,0.00051823,2025-01-18 09:05:03.035151+00:00,2025-01-18 09:05:03.035151+00:00,1.0,85759.0,1.0,85759.0,2025-01-18 11:59:35.608463+00:00,2025-01-18 11:59:35.608463+00:00,1.0,707.9215266666668,3,235.97384222222226,1,2024-11-27 20:48:36.906003+00:00,2024-11-29 11:50:29.505308+00:00,6.042864305787147e-09,165484437.41195995,2.9090481422222223,2049055998.3019128,2.0,5.0,0,False,0,0
541-1561-1521-1571-155,0.0,0.0,0.0,0,0,0.0,5300.0,1.0,5300.0,2025-03-12 12:31:31.521377+00:00,2025-03-12 12:31:31.521377+00:00,1.0,266.66666,1,266.66666,1,2024-11-28 16:24:33.187645+00:00,2024-11-28 16:24:33.187645+00:00,0.0,0.0,999.0,0.0,1.0,2.0,0,False,0,0
541-1561-1521-1971-154,23000.0,1.0,23000.0,2025-01-17 20:30:21.564380+00:00,2025-01-17 20:30:21.564380+00:00,1.0,391820.08772352,3.0,130606.69590784,2025-01-17 21:00:02.745149+00:00,2025-03-12 17:46:20.384223+00:00,2.0,474.1690866666667,2,237.08454333333336,2,2024-12-07 08:13:26.559048+00:00,2025-03-11 18:43:34.299565+00:00,0.058700410521651175,17.03565598797913,0.49477243583333336,30.92407086956522,3.0,6.0,0,True,0,0
541-1561-1521-1971-157,500.0,1.0,500.0,2025-01-17 14:56:46.327795+00:00,2025-01-17 14:56:46.327795+00:00,1.0,0.00332,1.0,0.00332,2025-01-17 14:58:22.784016+00:00,2025-01-17 14:58:22.784016+00:00,1.0,4.93204,4,1.23301,1,2024-12-05 05:41:54.001366+00:00,2024-12-09 23:08:37.625476+00:00,150602.4096385542,6.64e-06,0.02679339472222222,14.79612,2.0,6.0,0,True,0,0
541-1561-1521-1981-1102,0.0,0.0,0.0,0,0,0.0,41878.06,5.0,8375.612,2025-01-17 18:04:23.097802+00:00,2025-01-18 07:24:21.709038+00:00,2.0,517.0246666666667,2,258.51233333333334,1,2024-11-30 06:09:08.317123+00:00,2024-11-30 19:26:06.834866+00:00,0.0,0.0,999.0,0.0,2.0,7.0,0,False,0,0
541-1571-1521-1971-157,0.0,0.0,0.0,0,0,0.0,168000.0,1.0,168000.0,2025-01-17 19:08:31.515876+00:00,2025-01-17 19:08:31.515876+00:00,1.0,601.72024,1,601.72024,1,2025-07-18 16:33:07.172432+00:00,2025-07-18 16:33:07.172432+00:00,0.0,0.0,999.0,0.0,1.0,2.0,0,False,0,0
541-1971-1521-1561-1100,165.5,1.0,165.5,2025-01-18 08:51:45.944081+00:00,2025-01-18 08:51:45.944081+00:00,1.0,0.0,0.0,0.0,0,0,0.0,131.90559333333334,2,65.95279666666667,1,2024-11-27 20:43:14.870717+00:00,2024-12-07 21:18:56.042468+00:00,999.0,0.0,999.0,1195.5189728096677,1.0,3.0,0,True,0,0
541-1971-1521-1561-1101,0.0,0.0,0.0,0,0,0.0,1000.0,1.0,1000.0,2025-03-12 11:29:25.205150+00:00,2025-03-12 11:29:25.205150+00:00,1.0,42.49203333333333,1,42.49203333333333,1,2024-12-02 11:35:37.053937+00:00,2024-12-02 11:35:37.053937+00:00,0.0,0.0,999.0,0.0,1.0,2.0,0,False,0,0
541-1971-1521-1561-150,0.00097869,1.0,0.00097869,2025-01-17 15:39:29.401695+00:00,2025-01-17 15:39:29.401695+00:00,1.0,163000.0,1.0,163000.0,2025-01-17 15:49:27.945043+00:00,2025-01-17 15:49:27.945043+00:00,1.0,105.01362666666667,1,105.01362666666667,1,2024-12-04 12:27:21.151240+00:00,2024-12-04 12:27:21.151240+00:00,6.004233128834356e-09,166549162.65620372,0.16626204111111112,160950290.69470415,2.0,3.0,0,False,0,0
541-1971-1521-1571-157,81.296112,1.0,81.296112,2025-01-18 08:47:41.651647+00:00,2025-01-18 08:47:41.651647+00:00,1.0,111666.0,6.0,18611.0,2025-01-17 20:50:59.397528+00:00,2025-03-12 12:48:07.745607+00:00,1.0,153.84408000000002,3,51.28136000000001,1,2024-11-29 11:47:48.264548+00:00,2024-12-09 12:41:20.633342+00:00,0.0007280292300252538,1373.5712231846956,-11.945070588611111,2838.587409936653,2.0,10.0,0,True,0,0
541-1971-1521-1971-157,0.0,0.0,0.0,0,0,0.0,72700.0,2.0,36350.0,2025-03-12 16:21:57.373998+00:00,2025-03-12 16:22:03.344346+00:00,1.0,27.332653333333337,1,27.332653333333337,1,2024-12-05 05:57:41.960912+00:00,2024-12-05 05:57:41.960912+00:00,0.0,0.0,999.0,0.0,1.0,3.0,0,False,0,0
541-1971-1521-1981-1102,199.143113,1.0,199.143113,2025-01-18 09:39:47.094153+00:00,2025-01-18 09:39:47.094153+00:00,1.0,76619.0,1.0,76619.0,2025-01-18 10:02:07.603849+00:00,2025-01-18 10:02:07.603849+00:00,1.0,204.14199333333335,2,102.07099666666667,1,2024-12-02 11:40:07.508951+00:00,2024-12-06 13:11:27.359463+00:00,0.0025991348490583275,384.74340812378483,0.37236380444444445,1537.6529240054613,2.0,4.0,0,True,0,0
541-1971-1521-1981-148,0.05127728,1.0,0.05127728,2025-03-12 16:16:07.547877+00:00,2025-03-12 16:16:07.547877+00:00,1.0,146364.0,1.0,146364.0,2025-03-12 16:42:51.137518+00:00,2025-03-12 16:42:51.137518+00:00,1.0,97.24997333333333,1,97.24997333333333,1,2024-12-08 17:29:00.116740+00:00,2024-12-08 17:29:00.116740+00:00,3.503407941843623e-07,2854363.5699865515,0.4454415669444445,2844826.4026485025,2.0,3.0,0,False,0,0
541-1981-1521-1571-1101,90000.0,3.0,30000.0,2025-01-17 23:18:11.533306+00:00,2025-03-12 11:11:46.410303+00:00,1.0,0.47657,3.0,0.15885666666666667,2025-01-18 03:21:10.603923+00:00,2025-03-12 11:15:25.708644+00:00,1.0,53.410493333333335,2,26.705246666666667,1,2024-12-03 01:24:14.823961+00:00,2024-12-08 17:32:11.832268+00:00,188849.48695889377,5.2952222222222226e-06,4.049741838055556,0.890174888888889,2.0,8.0,0,True,0,0
541-1981-1521-1971-149,0.00296464,1.0,0.00296464,2025-01-18 00:58:04.896966+00:00,2025-01-18 00:58:04.896966+00:00,1.0,355000.0,3.0,118333.33333333333,2025-01-17 16:36:01.452478+00:00,2025-01-18 10:18:41.927700+00:00,1.0,661.7230866666666,1,661.7230866666666,1,2024-12-09 11:59:31.149971+00:00,2024-12-09 11:59:31.149971+00:00,8.351098591549296e-09,119744724.48594095,-8.367623468888889,334807811.4037454,2.0,5.0,0,False,0,0
541-1981-1521-1981-197,9.0,1.0,9.0,2025-01-17 16:58:03.708781+00:00,2025-01-17 16:58:03.708781+00:00,1.0,60256.0,4.0,15064.0,2025-01-17 17:16:35.615970+00:00,2025-03-12 15:36:36.450879+00:00,1.0,139.23965333333334,8,17.404956666666667,4,2024-11-30 19:02:25.535900+00:00,2024-12-09 23:30:43.464266+00:00,0.0001493627190653213,6695.111111111111,0.30886310805555556,23206.608888888888,2.0,13.0,0,True,0,0
541-1991-1521-1561-157,0.00954612,5.0,0.001909224,2025-01-17 15:15:24.227627+00:00,2025-01-18 03:25:29.570047+00:00,1.0,2145904.0,13.0,165069.53846153847,2025-01-17 14:54:26.687554+00:00,2025-03-12 16:21:25.384037+00:00,1.0,221.83434,5,44.366868,1,2024-12-02 11:00:47.202326+00:00,2024-12-05 18:12:33.257743+00:00,4.448530782364915e-09,224793319.17051116,-0.3493166869444444,34857251.95157823,2.0,23.0,0,True,0,0
541-1991-1521-1571-1102,0.00246978,2.0,0.00123489,2025-01-17 17:00:34.332515+00:00,2025-01-18 05:52:53.819846+00:00,1.0,412654.0,6.0,68775.66666666667,2025-01-17 15:14:28.343445+00:00,2025-03-12 12:44:46.820384+00:00,1.0,56.00506666666667,2,28.002533333333336,1,2024-11-30 05:36:02.644247+00:00,2024-12-01 16:34:40.480485+00:00,5.985111013100563e-09,167081278.4944408,-1.7683302972222221,34014203.69425617,2.0,10.0,0,True,0,0
551-11001-1521-1561-153,0.0,0.0,0.0,0,0,0.0,20999.0,1.0,20999.0,2025-01-18 01:23:13.279875+00:00,2025-01-18 01:23:13.279875+00:00,1.0,46.6768,2,23.3384,1,2024-12-10 13:43:44.198713+00:00,2024-12-10 13:49:31.940879+00:00,0.0,0.0,999.0,0.0,1.0,3.0,0,True,0,0
551-11001-1521-1571-152,0.00022995,1.0,0.00022995,2025-01-18 12:52:24.426893+00:00,2025-01-18 12:52:24.426893+00:00,1.0,38163.0,1.0,38163.0,2025-01-18 13:01:49.264412+00:00,2025-01-18 13:01:49.264412+00:00,1.0,48.39653333333334,1,48.39653333333334,1,2024-12-05 18:05:49.100144+00:00,2024-12-05 18:05:49.100144+00:00,6.025469695778634e-09,165962165.68819308,0.15689931083333333,315698195.2598391,2.0,3.0,0,False,0,0
551-11001-1521-1571-153,19.0,2.0,9.5,2025-01-18 06:55:40.706332+00:00,2025-03-12 12:32:14.950416+00:00,1.0,30518.0,2.0,15259.0,2025-01-18 07:03:59.918380+00:00,2025-03-12 12:51:33.773514+00:00,1.0,10.2882,1,10.2882,1,2024-12-07 20:46:16.558565+00:00,2024-12-07 20:46:16.558565+00:00,0.0006225833934071696,1606.2105263157894,0.13867001333333334,812.2263157894737,2.0,5.0,0,False,0,0
551-11001-1521-1571-157,0.11217478,4.0,0.028043695,2025-01-18 13:01:21.565924+00:00,2025-03-12 16:31:07.866297+00:00,1.0,100589.0,5.0,20117.8,2025-01-17 14:46:18.330274+00:00,2025-03-12 16:37:09.041345+00:00,1.0,4.686206666666667,1,4.686206666666667,1,2024-12-07 07:54:37.957317+00:00,2024-12-07 07:54:37.957317+00:00,1.115179393373033e-06,896716.7129723812,-22.250898791666668,62663.907163446194,2.0,10.0,0,False,0,0
551-11001-1521-1971-198,66.93460747999998,6.0,11.15576791333333,2025-01-17 17:00:44.373089+00:00,2025-03-12 17:01:58.710855+00:00,2.0,667577.0,6.0,111262.83333333333,2025-01-17 17:53:57.532473+00:00,2025-01-18 10:02:46.120638+00:00,1.0,64.44885333333333,1,64.44885333333333,1,2024-11-28 16:35:41.372739+00:00,2024-11-28 16:35:41.372739+00:00,0.0001002649993633693,9973.570102722595,0.8869887177777778,1444.2944186814855,3.0,13.0,0,False,0,0
551-11001-1521-1981-1100,0.0,0.0,0.0,0,0,0.0,120218.0,5.0,24043.6,2025-01-17 16:39:26.195568+00:00,2025-01-18 06:36:03.507562+00:00,2.0,100.25013333333332,4,25.06253333333333,2,2024-11-27 21:31:45.891166+00:00,2024-12-07 08:05:58.486149+00:00,0.0,0.0,999.0,0.0,2.0,9.0,0,True,0,0
551-11011-1521-1561-1102,498.0,1.0,498.0,2025-01-18 09:46:54.246089+00:00,2025-01-18 09:46:54.246089+00:00,1.0,554867.0,2.0,277433.5,2025-01-18 09:50:31.948099+00:00,2025-03-12 12:10:44.293969+00:00,1.0,230.08107333333334,3,76.69369111111111,1,2024-11-27 21:35:30.884294+00:00,2024-12-06 13:18:44.583218+00:00,0.0008975123768398553,1114.190763052209,0.06047278055555556,693.015281124498,2.0,6.0,0,True,0,0
551-11011-1521-1971-197,0.02928461,2.0,0.014642305,2025-01-17 15:41:06.023819+00:00,2025-03-12 15:14:40.962768+00:00,2.0,0.0,0.0,0.0,0,0,0.0,40.21658,5,8.043316,2,2024-11-27 21:24:33.152556+00:00,2024-12-10 20:06:56.129028+00:00,999.0,0.0,999.0,2059951.2849923563,2.0,7.0,0,True,0,0
551-11011-1521-1981-150,0.0,0.0,0.0,0,0,0.0,3377.0,1.0,3377.0,2025-03-12 12:48:31.534231+00:00,2025-03-12 12:48:31.534231+00:00,1.0,19.43156,3,6.477186666666667,1,2024-11-27 21:01:10.342118+00:00,2024-12-08 17:46:54.910524+00:00,0.0,0.0,999.0,0.0,1.0,4.0,0,True,0,0
551-11011-1521-1981-157,0.0,0.0,0.0,0,0,0.0,13216.0,1.0,13216.0,2025-03-12 16:07:24.704629+00:00,2025-03-12 16:07:24.704629+00:00,1.0,1.87392,1,1.87392,1,2024-12-11 13:15:45.221801+00:00,2024-12-11 13:15:45.221801+00:00,0.0,0.0,999.0,0.0,1.0,2.0,0,False,0,0
551-11021-1521-1561-1102,0.01879089,1.0,0.01879089,2025-01-18 00:50:54.176245+00:00,2025-01-18 00:50:54.176245+00:00,1.0,1998000.0,2.0,999000.0,2025-01-17 15:13:01.370753+00:00,2025-03-12 16:08:36.348302+00:00,1.0,584.62244,1,584.62244,1,2024-12-01 16:17:02.081428+00:00,2024-12-01 16:17:02.081428+00:00,9.40484984984985e-09,106328119.6366963,-9.63133485888889,46668021.57854152,2.0,4.0,0,False,0,0
551-11021-1521-1561-151,0.0,0.0,0.0,0,0,0.0,104347.0,1.0,104347.0,2025-01-17 16:59:16.997804+00:00,2025-01-17 16:59:16.997804+00:00,1.0,113.04747333333333,1,113.04747333333333,1,2024-11-29 11:50:29.751009+00:00,2024-11-29 11:50:29.751009+00:00,0.0,0.0,999.0,0.0,1.0,2.0,0,False,0,0
551-11021-1521-1561-157,114.0,4.0,28.5,2025-01-17 16:52:06.215911+00:00,2025-03-12 12:34:44.553463+00:00,1.0,170752.0,4.0,42688.0,2025-01-17 16:49:23.441526+00:00,2025-04-01 12:00:11.714754+00:00,1.0,15.331100000000001,1,15.331100000000001,1,2025-03-11 17:41:13.453363+00:00,2025-03-11 17:41:13.453363+00:00,0.0006676349325337331,1497.8245614035088,-0.045215106944444444,201.72500000000002,2.0,9.0,0,False,0,0
551-11021-1521-1571-197,0.0,0.0,0.0,0,0,0.0,2050000.0,12.0,170833.33333333334,2025-01-17 16:06:22.593492+00:00,2025-03-12 17:46:20.027578+00:00,1.0,6.627886666666667,2,3.3139433333333335,1,2024-12-09 12:13:31.182678+00:00,2024-12-09 12:17:28.245050+00:00,0.0,0.0,999.0,0.0,1.0,14.0,0,True,0,0
551-11021-1521-1971-198,0.0,0.0,0.0,0,0,0.0,88820.0,5.0,17764.0,2025-01-17 14:39:13.316350+00:00,2025-01-18 12:56:43.229813+00:00,1.0,6.64198,2,3.32099,2,2024-12-08 17:36:13.067355+00:00,2025-03-11 19:14:06.192079+00:00,0.0,0.0,999.0,0.0,1.0,7.0,0,True,0,0
551-11021-1521-1971-199,856063.0,131.0,6534.832061068702,2025-01-17 18:17:14.663167+00:00,2025-03-12 17:52:35.201464+00:00,1.0,884700.0,6.0,147450.0,2025-01-17 21:18:51.886283+00:00,2025-03-12 17:05:38.929841+00:00,1.0,6.70382332,1,6.70382332,1,2024-12-05 04:48:11.014699+00:00,2024-12-05 04:48:11.014699+00:00,0.967630835311405,1.033451977249338,3.027006421111111,0.011746489428932217,2.0,138.0,1,False,0,0
551-11021-1521-1981-155,0.0,0.0,0.0,0,0,0.0,90000.0,3.0,30000.0,2025-01-17 18:00:15.737382+00:00,2025-03-12 15:31:38.808619+00:00,1.0,149.92157333333333,8,18.740196666666666,1,2024-11-27 21:04:04.087678+00:00,2024-12-07 21:15:50.191597+00:00,0.0,0.0,999.0,0.0,1.0,11.0,0,True,0,0
551-1481-1521-1561-152,0.00029056,1.0,0.00029056,2025-01-18 09:51:22.300548+00:00,2025-01-18 09:51:22.300548+00:00,1.0,0.0,0.0,0.0,0,0,0.0,392.33692,1,392.33692,1,2024-11-27 20:57:38.681710+00:00,2024-11-27 20:57:38.681710+00:00,999.0,0.0,999.0,2025417745.044053,1.0,2.0,0,False,0,0
551-1481-1521-1561-155,11.051427,1.0,11.051427,2025-01-17 18:17:34.294752+00:00,2025-01-17 18:17:34.294752+00:00,1.0,56722.0,1.0,56722.0,2025-01-17 19:04:04.526582+00:00,2025-01-17 19:04:04.526582+00:00,1.0,37.05947333333333,1,37.05947333333333,1,2024-12-11 07:34:45.785786+00:00,2024-12-11 07:34:45.785786+00:00,0.0001948349317725045,5132.549850802073,0.7750643972222223,5030.0481557721005,2.0,3.0,0,False,0,0
551-1481-1521-1971-1100,0.0,0.0,0.0,0,0,0.0,100000.0,2.0,50000.0,2025-01-17 22:00:04.344086+00:00,2025-01-18 11:25:06.287432+00:00,1.0,89.73026666666667,2,44.86513333333333,1,2024-11-29 11:56:54.131872+00:00,2024-11-30 06:07:51.956241+00:00,0.0,0.0,999.0,0.0,1.0,4.0,0,True,0,0
551-1481-1521-1981-1100,0.0,0.0,0.0,0,0,0.0,13725.0,1.0,13725.0,2025-01-17 15:13:11.330592+00:00,2025-01-17 15:13:11.330592+00:00,1.0,13.791606666666667,1,13.791606666666667,1,2024-12-01 16:29:14.601616+00:00,2024-12-01 16:29:14.601616+00:00,0.0,0.0,999.0,0.0,1.0,2.0,0,False,0,0
551-1491-1521-1561-157,0.23423337,3.0,0.07807779,2025-01-18 09:24:36.419335+00:00,2025-01-18 09:45:40.529350+00:00,1.0,240000.0,4.0,60000.0,2025-01-18 09:33:34.943021+00:00,2025-01-18 09:57:44.401321+00:00,1.0,19.19486,2,9.59743,1,2024-12-06 13:08:36.361631+00:00,2024-12-06 13:42:55.365627+00:00,9.75972375e-07,1024619.1650660194,0.14958991277777778,122921.38391724459,2.0,9.0,0,True,0,0
551-1491-1521-1571-1102,703.23,3.0,234.41,2025-01-17 14:44:00.385586+00:00,2025-03-12 11:58:47.865361+00:00,1.0,1159000.0,4.0,289750.0,2025-01-17 18:57:28.601290+00:00,2025-03-12 11:27:29.910484+00:00,1.0,338.60966666666667,3,112.8698888888889,1,2024-12-03 01:09:50.690638+00:00,2024-12-06 13:45:27.178861+00:00,0.000606755823986195,1648.1094378794987,4.2245043622222225,722.2594314804545,2.0,10.0,0,True,0,0
551-1491-1521-1571-150,0.00424247,1.0,0.00424247,2025-01-17 18:32:48.777328+00:00,2025-01-17 18:32:48.777328+00:00,1.0,2776367.0,2.0,1388183.5,2025-01-17 19:39:29.855184+00:00,2025-01-17 20:21:25.858546+00:00,1.0,49.336960000000005,1,49.336960000000005,1,2024-11-30 06:22:17.506042+00:00,2024-11-30 06:22:17.506042+00:00,1.528065273791253e-09,654422305.873701,1.1114105155555556,17443951.283096876,2.0,4.0,0,False,0,0
551-1491-1521-1971-148,0.00040503,1.0,0.00040503,2025-01-17 22:47:03.052457+00:00,2025-01-17 22:47:03.052457+00:00,1.0,66715.0,1.0,66715.0,2025-01-18 08:37:24.392269+00:00,2025-01-18 08:37:24.392269+00:00,1.0,47.19128666666666,1,47.19128666666666,1,2024-11-27 21:51:03.470540+00:00,2024-11-27 21:51:03.470540+00:00,6.0710484898448624e-09,164716193.86218303,9.839261058888889,174769597.3137792,2.0,3.0,0,False,0,0
551-1491-1521-1981-153,0.00051607,1.0,0.00051607,2025-01-17 21:41:14.392761+00:00,2025-01-17 21:41:14.392761+00:00,1.0,86715.0,1.0,86715.0,2025-01-18 05:32:27.949165+00:00,2025-01-18 05:32:27.949165+00:00,1.0,2192.9327266666664,1,2192.9327266666664,1,2024-12-01 16:03:17.367498+00:00,2024-12-01 16:03:17.367498+00:00,5.951334832497261e-09,168029530.87759414,7.853765667777777,6373939756.234619,2.0,3.0,0,False,0,0
551-1491-1521-1981-155,0.0,0.0,0.0,0,0,0.0,12700.0,3.0,4233.333333333333,2025-01-17 16:38:07.125685+00:00,2025-01-17 19:27:17.671903+00:00,1.0,56.298613333333336,2,28.149306666666668,1,2024-11-28 16:24:51.312106+00:00,2024-11-28 16:43:47.203919+00:00,0.0,0.0,999.0,0.0,1.0,5.0,0,True,0,0
551-1501-1521-1561-149,0.0,0.0,0.0,0,0,0.0,24400.0,1.0,24400.0,2025-01-17 19:12:16.840313+00:00,2025-01-17 19:12:16.840313+00:00,1.0,3.343026666666667,4,0.8357566666666667,4,2024-11-28 16:06:05.482540+00:00,2024-11-28 16:13:04.048813+00:00,0.0,0.0,999.0,0.0,1.0,5.0,0,True,0,0
551-1501-1521-1561-154,66.13766853,3.0,22.04588951,2025-01-17 16:28:03.853544+00:00,2025-01-18 09:50:48.226674+00:00,3.0,64297.0,3.0,21432.333333333332,2025-01-17 16:53:36.966743+00:00,2025-01-18 11:17:21.832301+00:00,1.0,2.2264399999999998,1,2.2264399999999998,1,2024-12-06 13:35:32.731389+00:00,2024-12-06 13:35:32.731389+00:00,0.001028627595844285,972.1691349134106,0.42586477749999996,50.49558102407454,4.0,7.0,0,False,0,0
551-1501-1521-1571-153,80.597,3.0,26.865666666666666,2025-01-18 00:42:06.003426+00:00,2025-03-12 12:31:35.977320+00:00,2.0,58494.0,3.0,19498.0,2025-01-18 05:23:12.155922+00:00,2025-03-12 15:11:36.024919+00:00,1.0,6.5602133333333335,1,6.5602133333333335,1,2024-12-06 13:36:26.945046+00:00,2024-12-06 13:36:26.945046+00:00,0.0013778678155024445,725.759023288708,4.68504236,122.0928818690522,3.0,7.0,0,False,0,0
551-1501-1521-1571-157,0.00232545,1.0,0.00232545,2025-01-17 22:47:18.089373+00:00,2025-01-17 22:47:18.089373+00:00,1.0,0.0,0.0,0.0,0,0,0.0,12.179113333333332,1,12.179113333333332,1,2024-12-04 12:33:57.960772+00:00,2024-12-04 12:33:57.960772+00:00,999.0,0.0,999.0,7855971.962415874,1.0,2.0,0,False,0,0
551-1501-1521-1971-155,0.0021008900000000002,3.0,0.0007002966666666667,2025-01-17 15:07:27.940461+00:00,2025-01-17 18:32:51.975672+00:00,1.0,78028.0,3.0,26009.333333333332,2025-01-17 17:07:03.628213+00:00,2025-01-18 11:55:57.941188+00:00,1.0,4.875633333333333,1,4.875633333333333,1,2024-12-06 12:48:50.724596+00:00,2024-12-06 12:48:50.724596+00:00,2.6924821858819914e-08,37140449.999762,1.9932465977777778,3481119.906325414,2.0,7.0,0,False,0,0
551-1501-1521-1981-153,0.00058034,1.0,0.00058034,2025-01-17 22:10:47.544483+00:00,2025-01-17 22:10:47.544483+00:00,1.0,45994.0,1.0,45994.0,2025-01-18 11:55:16.638005+00:00,2025-01-18 11:55:16.638005+00:00,1.0,13.335113333333332,1,13.335113333333332,1,2024-12-06 13:24:43.188906+00:00,2024-12-06 13:24:43.188906+00:00,1.2617732747749707e-08,79253541.02767342,13.741414867222224,34467157.18371988,2.0,3.0,0,False,0,0
551-1511-1521-1571-155,129.47,2.0,64.735,2025-01-17 19:17:10.137724+00:00,2025-01-18 13:01:35.942980+00:00,1.0,173389.0,1.0,173389.0,2025-01-18 05:24:04.136835+00:00,2025-01-18 05:24:04.136835+00:00,1.0,84.35478666666666,1,84.35478666666666,1,2024-12-08 17:47:39.055509+00:00,2024-12-08 17:47:39.055509+00:00,0.0007467025013120786,1339.2214412605238,10.114999753055555,977.3088746427742,2.0,4.0,0,False,0,0
551-1511-1521-1971-150,0.0119443,1.0,0.0119443,2025-01-18 06:08:57.441541+00:00,2025-01-18 06:08:57.441541+00:00,1.0,2413.0,1.0,2413.0,2025-01-18 06:29:22.856816+00:00,2025-01-18 06:29:22.856816+00:00,1.0,5.1361,1,5.1361,1,2024-11-28 16:00:14.295702+00:00,2024-11-28 16:00:14.295702+00:00,4.949979278905926e-06,202021.04769639074,0.3403931319444445,645006.4047286153,2.0,3.0,0,False,0,0
551-1511-1521-1981-151,0.00241095,1.0,0.00241095,2025-03-12 12:26:03.581221+00:00,2025-03-12 12:26:03.581221+00:00,1.0,304095.0,2.0,152047.5,2025-03-12 13:27:34.531684+00:00,2025-03-12 13:42:06.575636+00:00,1.0,70.34416666666667,1,70.34416666666667,1,2024-12-01 16:07:22.531276+00:00,2024-12-01 16:07:22.531276+00:00,7.928278991762442e-09,126130778.32389723,1.0252640175,43765424.41776064,2.0,4.0,0,False,0,0
551-1511-1521-1981-156,0.00583,1.0,0.00583,2025-01-17 17:15:09.840070+00:00,2025-01-17 17:15:09.840070+00:00,1.0,31945.0,1.0,31945.0,2025-01-17 19:37:23.098865+00:00,2025-01-17 19:37:23.098865+00:00,1.0,51.22513333333333,1,51.22513333333333,1,2024-12-03 18:41:11.357378+00:00,2024-12-03 18:41:11.357378+00:00,1.8250117389262796e-07,5479416.809605489,2.370349665277778,13179708.404802743,2.0,3.0,0,False,0,0
551-1521-1521-1561-157,0.00191342,1.0,0.00191342,2025-03-12 15:45:21.308830+00:00,2025-03-12 15:45:21.308830+00:00,1.0,237343.0,1.0,237343.0,2025-03-12 16:37:00.735201+00:00,2025-03-12 16:37:00.735201+00:00,1.0,263.43461333333335,2,131.71730666666667,1,2024-12-03 17:58:56.966739+00:00,2024-12-06 13:05:36.383358+00:00,8.06183456010921e-09,124041245.51849568,0.8609517697222222,206516039.34316564,2.0,4.0,0,True,0,0
551-1521-1521-1561-198,0.0171463,3.0,0.005715433333333333,2025-01-17 20:59:36.609685+00:00,2025-01-17 22:10:33.134480+00:00,1.0,201000.0,1.0,201000.0,2025-01-18 07:46:14.823659+00:00,2025-01-18 07:46:14.823659+00:00,1.0,1459.3301066666666,2,729.6650533333333,1,2024-12-05 05:46:12.503483+00:00,2024-12-05 17:45:52.656460+00:00,8.53049751243781e-08,11722645.701988185,10.777281659444444,127665744.79625341,2.0,6.0,0,False,0,0
551-1521-1521-1571-153,2.83643055,1.0,2.83643055,2025-03-12 15:51:16.618368+00:00,2025-03-12 15:51:16.618368+00:00,1.0,0.0,0.0,0.0,0,0,0.0,0.91158,2,0.45579,2,2024-12-07 07:24:00.377103+00:00,2024-12-07 07:24:24.792139+00:00,999.0,0.0,999.0,482.07420414365504,1.0,3.0,0,True,0,0
551-1521-1521-1571-198,30.0,1.0,30.0,2025-01-17 15:18:33.582364+00:00,2025-01-17 15:18:33.582364+00:00,1.0,5000.0,1.0,5000.0,2025-01-17 20:36:11.050640+00:00,2025-01-17 20:36:11.050640+00:00,1.0,3.16678,1,3.16678,1,2024-12-09 12:38:11.665111+00:00,2024-12-09 12:38:11.665111+00:00,0.006,166.66666666666666,5.293741187777778,158.339,2.0,3.0,0,False,0,0
551-1521-1521-1971-1100,0.0,0.0,0.0,0,0,0.0,10200.0,1.0,10200.0,2025-01-18 13:00:07.722375+00:00,2025-01-18 13:00:07.722375+00:00,1.0,305.43826666666666,2,152.71913333333333,1,2024-12-03 01:03:51.869173+00:00,2024-12-09 23:15:25.012350+00:00,0.0,0.0,999.0,0.0,1.0,3.0,0,True,0,0
551-1531-1521-1571-1102,0.0,0.0,0.0,0,0,0.0,10334.0,3.0,3444.6666666666665,2025-01-17 15:24:33.733737+00:00,2025-03-12 11:13:18.627146+00:00,1.0,1.9800133333333334,1,1.9800133333333334,1,2024-12-11 07:28:18.838443+00:00,2024-12-11 07:28:18.838443+00:00,0.0,0.0,999.0,0.0,1.0,4.0,0,False,0,0
551-1531-1521-1971-154,0.0,0.0,0.0,0,0,0.0,17000.0,1.0,17000.0,2025-01-18 11:17:15.394703+00:00,2025-01-18 11:17:15.394703+00:00,1.0,158.44913333333332,4,39.61228333333333,2,2024-11-30 19:14:45.634523+00:00,2024-12-10 13:26:48.597688+00:00,0.0,0.0,999.0,0.0,1.0,5.0,0,True,0,0
551-1531-1521-1971-157,189.6937,1.0,189.6937,2025-03-12 13:36:59.663440+00:00,2025-03-12 13:36:59.663440+00:00,1.0,220000.0,2.0,110000.0,2025-03-12 13:49:35.262503+00:00,2025-03-12 16:14:36.518666+00:00,1.0,53.913666666666664,1,53.913666666666664,1,2024-12-10 13:26:47.037817+00:00,2024-12-10 13:26:47.037817+00:00,0.000862244090909091,1159.7643991339723,0.2098886286111111,426.32148563710865,2.0,4.0,0,False,0,0
551-1541-1521-1571-1100,31.48856983,1.0,31.48856983,2025-01-17 16:19:35.559375+00:00,2025-01-17 16:19:35.559375+00:00,1.0,51531.0,1.0,51531.0,2025-01-17 18:47:28.450687+00:00,2025-01-17 18:47:28.450687+00:00,1.0,0.9596466666666666,1,0.9596466666666666,1,2024-12-04 12:25:32.014924+00:00,2024-12-04 12:25:32.014924+00:00,0.0006110607174322252,1636.4985859378423,2.464692031111111,45.71404823310135,2.0,3.0,0,False,0,0
551-1541-1521-1571-150,0.00148617,1.0,0.00148617,2025-01-17 15:07:03.859127+00:00,2025-01-17 15:07:03.859127+00:00,1.0,83547.0,2.0,41773.5,2025-01-17 17:46:49.727632+00:00,2025-01-18 09:06:43.461786+00:00,2.0,20.1972,1,20.1972,1,2024-12-01 16:26:44.347275+00:00,2024-12-01 16:26:44.347275+00:00,1.778843046428956e-08,56216314.41894265,2.662741251388889,20385151.09307818,3.0,4.0,0,False,0,0
551-1541-1521-1981-1100,0.00079451,1.0,0.00079451,2025-01-17 19:28:12.790254+00:00,2025-01-17 19:28:12.790254+00:00,1.0,134187.0,1.0,134187.0,2025-01-17 21:47:32.633128+00:00,2025-01-17 21:47:32.633128+00:00,1.0,210.13072,2,105.06536,1,2024-11-27 20:38:01.071437+00:00,2024-12-03 18:34:03.453883+00:00,5.920916333176835e-09,168892776.67996627,2.322178576111111,396717574.3540044,2.0,4.0,0,True,0,0
551-1541-1521-1981-199,0.0,0.0,0.0,0,0,0.0,290000.0,8.0,36250.0,2025-01-17 15:32:26.472994+00:00,2025-03-12 12:21:33.636157+00:00,1.0,1477.1295,2,738.56475,1,2024-12-07 07:58:27.709427+00:00,2025-07-18 15:31:06.984849+00:00,0.0,0.0,999.0,0.0,1.0,10.0,0,False,0,0
551-1551-1521-1561-1100,0.0,0.0,0.0,0,0,0.0,245650.0,3.0,81883.33333333333,2025-01-17 15:14:58.660398+00:00,2025-01-18 11:51:58.576315+00:00,1.0,552.12354,1,552.12354,1,2024-12-11 11:04:56.218013+00:00,2024-12-11 11:04:56.218013+00:00,0.0,0.0,999.0,0.0,1.0,4.0,0,False,0,0
551-1551-1521-1971-1102,0.001,1.0,0.001,2025-01-17 17:34:05.245736+00:00,2025-01-17 17:34:05.245736+00:00,1.0,368957.0,4.0,92239.25,2025-01-17 17:46:39.938162+00:00,2025-03-12 16:40:22.374256+00:00,1.0,40.0,1,40.0,1,2025-03-11 17:33:49.340152+00:00,2025-03-11 17:33:49.340152+00:00,2.710342939692159e-09,368957000.0,0.209636785,60000000.0,2.0,6.0,0,False,0,0
551-1551-1521-1971-153,0.00175652,3.0,0.0005855066666666666,2025-01-17 17:25:24.951509+00:00,2025-01-17 22:10:57.149897+00:00,1.0,194000.0,5.0,38800.0,2025-01-17 17:18:56.153904+00:00,2025-01-18 12:08:27.689071+00:00,1.0,137.46302666666668,1,137.46302666666668,1,2024-12-06 13:23:27.969004+00:00,2024-12-06 13:23:27.969004+00:00,9.054226804123711e-09,110445653.90658803,-0.10799933472222221,117388096.91890785,2.0,9.0,0,False,0,0
551-1551-1521-1981-157,0.00102,1.0,0.00102,2025-01-18 12:13:17.591842+00:00,2025-01-18 12:13:17.591842+00:00,1.0,0.0,0.0,0.0,0,0,0.0,474.2746866666667,1,474.2746866666667,1,2024-12-08 17:55:12.139345+00:00,2024-12-08 17:55:12.139345+00:00,999.0,0.0,999.0,697462774.5098039,1.0,2.0,0,False,0,0
551-1561-1521-1561-151,9.770086,1.0,9.770086,2025-01-18 08:17:38.297303+00:00,2025-01-18 08:17:38.297303+00:00,1.0,16410.0,2.0,8205.0,2025-01-17 15:48:26.782428+00:00,2025-01-18 08:16:50.404816+00:00,1.0,12.112253333333333,1,12.112253333333333,1,2024-12-03 18:09:55.993551+00:00,2024-12-03 18:09:55.993551+00:00,0.0005953739183424741,1679.6167403234733,-16.486531909722224,1859.5926381814859,2.0,4.0,0,False,0,0
551-1561-1521-1571-198,0.0,0.0,0.0,0,0,0.0,2100.0,1.0,2100.0,2025-01-17 20:08:38.089353+00:00,2025-01-17 20:08:38.089353+00:00,1.0,35.035646666666665,1,35.035646666666665,1,2024-12-05 17:54:31.007958+00:00,2024-12-05 17:54:31.007958+00:00,0.0,0.0,999.0,0.0,1.0,2.0,0,False,0,0
551-1561-1521-1981-1101,295.472347,1.0,295.472347,2025-03-12 17:52:04.332243+00:00,2025-03-12 17:52:04.332243+00:00,1.0,114972.0,5.0,22994.4,2025-01-17 18:44:00.730090+00:00,2025-03-12 17:50:20.458928+00:00,1.0,6.6554,1,6.6554,1,2024-12-01 16:41:18.304686+00:00,2024-12-01 16:41:18.304686+00:00,0.0025699504835960062,389.1125554297641,-1295.134333931389,33.786918137554174,2.0,7.0,0,False,0,0
551-1571-1521-1561-153,3.02354011,1.0,3.02354011,2025-01-17 16:42:19.555578+00:00,2025-01-17 16:42:19.555578+00:00,1.0,1022120.0,2.0,511060.0,2025-01-17 18:23:03.363253+00:00,2025-01-18 11:45:53.839727+00:00,1.0,69.15628666666666,1,69.15628666666666,1,2024-12-10 20:10:30.591487+00:00,2024-12-10 20:10:30.591487+00:00,2.958106787852698e-06,338054.0567725427,1.6788354652777777,34308.93132752255,2.0,4.0,0,False,0,0
551-1571-1521-1561-197,0.0003,1.0,0.0003,2025-01-17 20:37:34.060125+00:00,2025-01-17 20:37:34.060125+00:00,1.0,30572.015033,2.0,15286.0075165,2025-01-17 20:40:12.106228+00:00,2025-01-17 20:52:04.910559+00:00,2.0,209.22047999999998,2,104.61023999999999,1,2024-12-05 18:17:09.500968+00:00,2024-12-08 17:48:15.166379+00:00,9.812895868204122e-09,101906716.77666667,0.04390169527777778,1046102400.0,3.0,5.0,0,True,0,0
551-1571-1521-1971-152,0.0,0.0,0.0,0,0,0.0,44700.0,6.0,7450.0,2025-01-18 08:37:42.853185+00:00,2025-03-12 16:21:38.206767+00:00,1.0,65.80805333333333,1,65.80805333333333,1,2024-12-03 18:36:27.082606+00:00,2024-12-03 18:36:27.082606+00:00,0.0,0.0,999.0,0.0,1.0,7.0,0,False,0,0
551-1571-1521-1981-157,0.0038563599999999996,3.0,0.0012854533333333331,2025-03-12 15:20:04.321635+00:00,2025-03-12 17:42:54.299152+00:00,1.0,324500.0,1.0,324500.0,2025-03-12 15:34:41.360992+00:00,2025-03-12 15:34:41.360992+00:00,1.0,23.479506666666666,2,11.739753333333333,1,2024-12-01 16:25:54.727455+00:00,2024-12-11 07:33:10.321846+00:00,1.1884006163328196e-08,84146708.29486874,0.24362204361111112,9132772.873901816,2.0,6.0,0,True,0,0
551-1971-1521-1561-148,0.0,0.0,0.0,0,0,0.0,520000.0,6.0,86666.66666666667,2025-01-17 16:39:33.127346+00:00,2025-03-12 11:38:01.197949+00:00,1.0,352.74904666666663,1,352.74904666666663,1,2024-12-05 17:46:15.425601+00:00,2024-12-05 17:46:15.425601+00:00,0.0,0.0,999.0,0.0,1.0,7.0,0,False,0,0
551-1971-1521-1561-152,0.0,0.0,0.0,0,0,0.0,11200.0,3.0,3733.3333333333335,2025-01-17 20:19:27.170216+00:00,2025-01-18 10:28:21.065225+00:00,1.0,262.3170866666667,3,87.4390288888889,2,2024-11-30 19:26:15.260965+00:00,2024-12-07 21:22:20.016201+00:00,0.0,0.0,999.0,0.0,1.0,6.0,0,True,0,0
551-1971-1521-1561-197,0.0,0.0,0.0,0,0,0.0,34190.0,2.0,17095.0,2025-01-17 19:36:15.242581+00:00,2025-01-18 09:54:39.485691+00:00,1.0,9.729033333333334,2,4.864516666666667,1,2024-12-03 01:57:22.387019+00:00,2024-12-05 18:32:06.690034+00:00,0.0,0.0,999.0,0.0,1.0,4.0,0,True,0,0
551-1971-1521-1571-156,0.0,0.0,0.0,0,0,0.0,20200.0,1.0,20200.0,2025-01-17 19:34:22.272483+00:00,2025-01-17 19:34:22.272483+00:00,1.0,6.796533333333333,2,3.3982666666666663,1,2024-12-03 18:16:19.440546+00:00,2024-12-05 05:28:47.353633+00:00,0.0,0.0,999.0,0.0,1.0,3.0,0,True,0,0
551-1971-1521-1981-148,0.00046,2.0,0.00023,2025-01-17 20:59:39.875462+00:00,2025-01-18 08:17:37.066898+00:00,1.0,76212.0,2.0,38106.0,2025-01-18 08:25:50.399467+00:00,2025-01-18 08:57:47.572156+00:00,1.0,96.45722666666667,1,96.45722666666667,1,2024-12-06 13:43:18.075030+00:00,2024-12-06 13:43:18.075030+00:00,6.035794887944156e-09,165678260.86956522,11.436256668055556,314534434.7826087,2.0,5.0,0,False,0,0
551-1971-1521-1981-149,45.475451,1.0,45.475451,2025-01-18 06:05:19.361114+00:00,2025-01-18 06:05:19.361114+00:00,1.0,72500.0,1.0,72500.0,2025-01-18 07:33:03.627600+00:00,2025-01-18 07:33:03.627600+00:00,1.0,438.27634666666665,1,438.27634666666665,1,2024-12-10 19:56:10.775022+00:00,2024-12-10 19:56:10.775022+00:00,0.0006272476,1594.266761642452,1.4622962461111113,14456.470591132784,2.0,3.0,0,False,0,0
551-1971-1521-1981-199,0.00027652,1.0,0.00027652,2025-01-17 22:47:09.369082+00:00,2025-01-17 22:47:09.369082+00:00,1.0,113072.0,3.0,37690.666666666664,2025-01-18 05:00:05.994305+00:00,2025-05-08 15:17:57.931335+00:00,1.0,112.69124,1,112.69124,1,2024-12-09 11:52:14.398483+00:00,2024-12-09 11:52:14.398483+00:00,2.4455214376680346e-09,408910747.8663388,6.215729228611111,611300665.41299,2.0,5.0,0,False,0,0
551-1981-1521-1561-197,0.0,0.0,0.0,0,0,0.0,79662.0,4.0,19915.5,2025-01-18 08:43:34.450594+00:00,2025-03-12 13:46:54.073823+00:00,1.0,28.0571,2,14.02855,1,2024-12-01 15:56:41.307906+00:00,2024-12-01 16:32:19.526115+00:00,0.0,0.0,999.0,0.0,1.0,6.0,0,True,0,0
551-1981-1521-1561-199,0.0,0.0,0.0,0,0,0.0,775979.0,16.0,48498.6875,2025-01-17 18:58:23.244186+00:00,2025-01-18 13:07:31.613394+00:00,1.0,113.27187333333333,3,37.75729111111111,1,2024-12-02 11:43:33.568901+00:00,2024-12-10 00:05:44.799916+00:00,0.0,0.0,999.0,0.0,1.0,19.0,0,True,0,0
551-1981-1521-1571-1102,0.0003548,1.0,0.0003548,2025-01-17 15:22:34.193387+00:00,2025-01-17 15:22:34.193387+00:00,1.0,35100.0,2.0,17550.0,2025-01-17 20:21:15.404318+00:00,2025-01-18 10:29:20.854091+00:00,1.0,2.3339399999999997,1,2.3339399999999997,1,2024-12-07 20:35:03.761544+00:00,2024-12-07 20:35:03.761544+00:00,1.0108262108262108e-08,98928974.06989853,4.9781141475,9867277.339346109,2.0,4.0,0,False,0,0
551-1981-1521-1971-1101,1.16506933,1.0,1.16506933,2025-03-12 16:31:04.235385+00:00,2025-03-12 16:31:04.235385+00:00,1.0,0.0,0.0,0.0,0,0,0.0,2500.828306666667,1,2500.828306666667,1,2024-12-03 18:15:55.728793+00:00,2024-12-03 18:15:55.728793+00:00,999.0,0.0,999.0,3219758.9992348356,1.0,2.0,0,False,0,0
551-1981-1521-1971-197,0.00430711,1.0,0.00430711,2025-01-18 11:13:47.694009+00:00,2025-01-18 11:13:47.694009+00:00,1.0,393129.0,4.0,98282.25,2025-01-18 11:32:21.839829+00:00,2025-01-18 12:52:23.727702+00:00,1.0,200.27638666666667,1,200.27638666666667,1,2024-11-27 21:06:39.610382+00:00,2024-11-27 21:06:39.610382+00:00,1.0955971195205646e-08,91274427.6324496,0.30948495,69748527.43486932,2.0,6.0,0,False,0,0
551-1981-1521-1981-153,0.0,0.0,0.0,0,0,0.0,25000.0,1.0,25000.0,2025-01-17 15:00:00.966015+00:00,2025-01-17 15:00:00.966015+00:00,1.0,52.687666666666665,1,52.687666666666665,1,2024-12-03 02:24:22.371986+00:00,2024-12-03 02:24:22.371986+00:00,0.0,0.0,999.0,0.0,1.0,2.0,0,False,0,0
551-1991-1521-1561-1101,0.00033568,1.0,0.00033568,2025-03-12 16:24:41.826454+00:00,2025-03-12 16:24:41.826454+00:00,1.0,186411.0,2.0,93205.5,2025-03-12 16:08:31.511630+00:00,2025-03-12 16:30:28.682607+00:00,1.0,1326.9651866666666,2,663.4825933333333,2,2024-12-08 17:12:13.000458+00:00,2024-12-08 17:12:19.592833+00:00,1.8007521015390722e-09,555323522.402288,-0.26953189555555557,5929598963.29838,2.0,5.0,0,False,0,0
551-1991-1521-1561-154,9.05367796,1.0,9.05367796,2025-03-12 16:15:35.391235+00:00,2025-03-12 16:15:35.391235+00:00,1.0,25006.0,2.0,12503.0,2025-03-12 17:42:55.614983+00:00,2025-03-12 17:43:02.498914+00:00,1.0,70.66241333333333,2,35.33120666666667,2,2024-12-10 19:56:04.617193+00:00,2025-03-11 14:37:24.917546+00:00,0.0003620602239462529,2761.971445248976,1.4556177077777779,11707.244334102645,2.0,5.0,0,True,0,0
551-1991-1521-1571-1102,182.0,1.0,182.0,2025-03-12 14:27:03.933770+00:00,2025-03-12 14:27:03.933770+00:00,1.0,262200.0,3.0,87400.0,2025-03-12 13:02:37.102959+00:00,2025-03-12 17:41:40.570704+00:00,1.0,91.983,1,91.983,1,2025-03-11 17:37:34.716131+00:00,2025-03-11 17:37:34.716131+00:00,0.0006941266209000762,1440.6593406593406,-1.4074530030555554,758.1016483516484,2.0,5.0,0,False,0,0
551-1991-1521-1571-148,0.0,0.0,0.0,0,0,0.0,110000.0,3.0,36666.666666666664,2025-01-17 21:26:54.823875+00:00,2025-01-18 11:03:55.740455+00:00,1.0,632.74828,1,632.74828,1,2024-12-05 04:30:29.854347+00:00,2024-12-05 04:30:29.854347+00:00,0.0,0.0,999.0,0.0,1.0,4.0,0,False,0,0
551-1991-1521-1971-154,0.0,0.0,0.0,0,0,0.0,232005.0,1.0,232005.0,2025-03-12 15:45:01.580345+00:00,2025-03-12 15:45:01.580345+00:00,1.0,41.023826666666665,1,41.023826666666665,1,2024-12-11 11:04:41.460842+00:00,2024-12-11 11:04:41.460842+00:00,0.0,0.0,999.0,0.0,1.0,2.0,0,False,0,0
551-1991-1521-1981-157,0.0,0.0,0.0,0,0,0.0,125000.0,4.0,31250.0,2025-03-12 14:38:30.620915+00:00,2025-03-12 17:38:28.940238+00:00,1.0,215.10199333333333,1,215.10199333333333,1,2025-03-11 14:21:24.417331+00:00,2025-03-11 14:21:24.417331+00:00,0.0,0.0,999.0,0.0,1.0,5.0,0,False,0,0
561-11001-1521-1561-1102,0.01133167,2.0,0.005665835,2025-01-17 16:32:49.531799+00:00,2025-01-17 17:10:58.692011+00:00,1.0,10700.0,1.0,10700.0,2025-01-17 23:00:12.413724+00:00,2025-01-17 23:00:12.413724+00:00,1.0,24.93893333333333,2,12.469466666666666,1,2024-11-30 04:24:01.071269+00:00,2024-11-30 04:41:23.453366+00:00,1.0590345794392523e-06,944256.2305467773,6.456356090277779,3301225.6798865474,2.0,5.0,0,True,0,0
561-11001-1521-1571-197,0.0,0.0,0.0,0,0,0.0,500000.0,1.0,500000.0,2025-03-12 11:21:03.543326+00:00,2025-03-12 11:21:03.543326+00:00,1.0,4.289706666666667,2,2.1448533333333333,1,2024-11-29 12:01:59.762353+00:00,2024-11-30 18:48:49.230945+00:00,0.0,0.0,999.0,0.0,1.0,3.0,0,True,0,0
561-11001-1521-1971-150,0.0,0.0,0.0,0,0,0.0,25970.0,5.0,5194.0,2025-01-17 19:02:11.268153+00:00,2025-04-01 10:50:47.254632+00:00,1.0,33.338480000000004,1,33.338480000000004,1,2024-12-06 13:27:06.858946+00:00,2024-12-06 13:27:06.858946+00:00,0.0,0.0,999.0,0.0,1.0,6.0,0,False,0,0
561-11001-1521-1981-1101,0.0,0.0,0.0,0,0,0.0,190000.0,1.0,190000.0,2025-03-12 17:21:15.807014+00:00,2025-03-12 17:21:15.807014+00:00,1.0,1090.0136533333334,1,1090.0136533333334,1,2025-03-11 19:14:48.177708+00:00,2025-03-11 19:14:48.177708+00:00,0.0,0.0,999.0,0.0,1.0,2.0,0,False,0,0
561-11011-1521-1561-197,15000.0,1.0,15000.0,2025-01-17 15:01:28.448075+00:00,2025-01-17 15:01:28.448075+00:00,1.0,0.0,0.0,0.0,0,0,0.0,12.90206,4,3.225515,2,2024-12-03 18:29:10.893118+00:00,2024-12-09 12:30:14.915244+00:00,999.0,0.0,999.0,1.290206,1.0,5.0,0,True,0,0
561-11011-1521-1571-1100,0.00243332,1.0,0.00243332,2025-01-17 19:46:13.188526+00:00,2025-01-17 19:46:13.188526+00:00,1.0,530123.0,6.0,88353.83333333333,2025-01-17 20:47:46.319495+00:00,2025-03-12 17:09:14.991173+00:00,1.0,295.97855333333337,1,295.97855333333337,1,2024-11-29 11:47:46.718381+00:00,2024-11-29 11:47:46.718381+00:00,4.590104560639701e-09,217859960.87649795,1.025869713611111,182453532.62209657,2.0,8.0,0,False,0,0
561-11011-1521-1571-151,171.1403,12.0,14.261691666666666,2025-01-18 01:59:56.669978+00:00,2025-01-18 12:24:02.915030+00:00,1.0,279934.0,12.0,23327.833333333332,2025-01-18 02:36:08.851386+00:00,2025-01-18 12:49:32.099220+00:00,1.0,243.18259333333336,7,34.74037047619048,1,2024-11-27 21:47:33.897901+00:00,2024-12-08 18:03:03.572280+00:00,0.000611359463302064,1635.6988973374478,0.6033837244444444,2131.431871978722,2.0,31.0,0,True,0,0
561-11011-1521-1971-155,0.05371575000000001,4.0,0.013428937500000002,2025-01-17 15:43:25.720169+00:00,2025-03-12 17:01:31.835377+00:00,2.0,253059.0,6.0,42176.5,2025-01-17 20:56:28.713538+00:00,2025-03-12 15:33:14.832313+00:00,1.0,356.34163333333333,3,118.78054444444444,3,2024-12-03 18:02:56.046706+00:00,2024-12-09 23:09:40.649091+00:00,2.1226571669057416e-07,4711076.36028539,5.217498158055555,9950758.390230052,3.0,13.0,0,True,0,0
561-11021-1521-1561-154,37300.0,3.0,12433.333333333334,2025-01-17 17:12:27.828393+00:00,2025-01-17 18:12:43.034536+00:00,1.0,0.159925,3.0,0.05330833333333334,2025-01-17 17:24:36.753086+00:00,2025-01-17 18:13:35.545827+00:00,1.0,17.818913333333334,2,8.909456666666667,1,2024-11-30 19:21:13.230084+00:00,2024-11-30 19:25:57.092223+00:00,233234.32859152727,4.287533512064344e-06,0.2024790813888889,0.7165782841823056,2.0,8.0,0,True,0,0
561-11021-1521-1571-152,0.00776468,5.0,0.001552936,2025-01-17 15:48:26.813744+00:00,2025-01-17 19:57:59.377503+00:00,1.0,295000.0,4.0,73750.0,2025-01-17 15:58:48.157310+00:00,2025-01-18 07:26:26.387425+00:00,1.0,146.38755333333333,1,146.38755333333333,1,2024-12-08 17:30:22.107876+00:00,2024-12-08 17:30:22.107876+00:00,2.6320949152542373e-08,37992550.88426052,0.172595435,28279507.977147803,2.0,10.0,0,False,0,0
561-11021-1521-1971-198,0.00124,2.0,0.00062,2025-01-18 07:40:49.256764+00:00,2025-01-18 11:13:46.792479+00:00,1.0,251100.0,10.0,25110.0,2025-01-17 17:13:46.887803+00:00,2025-01-18 12:46:24.593758+00:00,1.0,10.830406666666667,1,10.830406666666667,1,2024-12-02 10:58:59.737897+00:00,2024-12-02 10:58:59.737897+00:00,4.938271604938271e-09,202500000.0,-14.450658044722223,13101298.387096774,2.0,13.0,0,False,0,0
561-11021-1521-1981-1100,0.00241823,1.0,0.00241823,2025-01-18 05:09:01.279973+00:00,2025-01-18 05:09:01.279973+00:00,1.0,259705.0,5.0,51941.0,2025-01-18 05:19:35.780234+00:00,2025-01-18 10:06:34.760171+00:00,1.0,4.5043066666666665,1,4.5043066666666665,1,2024-11-30 18:58:49.458172+00:00,2024-11-30 18:58:49.458172+00:00,9.311449529273598e-09,107394664.69277117,0.1762500725,2793969.1427200884,2.0,7.0,0,False,0,0
561-11021-1521-1981-154,0.0,0.0,0.0,0,0,0.0,71973.0,2.0,35986.5,2025-03-12 14:43:29.286454+00:00,2025-03-12 16:58:57.237413+00:00,1.0,16.658753333333333,1,16.658753333333333,1,2024-12-09 12:08:48.558156+00:00,2024-12-09 12:08:48.558156+00:00,0.0,0.0,999.0,0.0,1.0,3.0,0,False,0,0
561-1481-1521-1561-198,0.00019042,1.0,0.00019042,2025-01-17 17:38:08.857516+00:00,2025-01-17 17:38:08.857516+00:00,1.0,20000.0,1.0,20000.0,2025-01-17 18:06:48.740825+00:00,2025-01-17 18:06:48.740825+00:00,1.0,8.674066666666667,1,8.674066666666667,1,2024-12-07 21:02:36.491824+00:00,2024-12-07 21:02:36.491824+00:00,9.521e-09,105030984.14032139,0.47774536361111114,68328431.88740678,2.0,3.0,0,False,0,0
561-1481-1521-1571-153,0.0,0.0,0.0,0,0,0.0,29996.0001,2.0,14998.00005,2025-01-17 23:07:45.915044+00:00,2025-01-18 05:21:39.820861+00:00,2.0,155.45674666666665,2,77.72837333333332,2,2024-11-29 12:21:28.404982+00:00,2024-12-01 16:37:06.351297+00:00,0.0,0.0,999.0,0.0,2.0,4.0,0,True,0,0
561-1481-1521-1971-1102,49.01040219,2.0,24.505201095,2025-01-18 06:06:44.827827+00:00,2025-03-12 16:42:32.959195+00:00,2.0,130885.0,2.0,65442.5,2025-01-18 06:11:38.131734+00:00,2025-04-01 12:16:51.548298+00:00,1.0,168.90114666666665,2,84.45057333333332,1,2024-12-09 12:34:56.001351+00:00,2024-12-11 07:49:43.036142+00:00,0.0003744539266531688,2670.5555178387326,0.0814733075,5169.345866981957,3.0,6.0,0,True,0,0
561-1481-1521-1981-1102,106.471387,1.0,106.471387,2025-01-17 21:47:30.807414+00:00,2025-01-17 21:47:30.807414+00:00,1.0,257500.0,3.0,85833.33333333333,2025-01-17 21:56:20.992720+00:00,2025-04-01 11:07:24.205920+00:00,1.0,28.02892,1,28.02892,1,2024-12-03 18:22:30.996424+00:00,2024-12-03 18:22:30.996424+00:00,0.00041348111456310677,2418.4901432720135,0.1472736961111111,394.87961211588237,2.0,5.0,0,False,0,0
561-1481-1521-1981-197,0.0,0.0,0.0,0,0,0.0,23500.0,2.0,11750.0,2025-01-17 19:48:59.715637+00:00,2025-03-12 14:06:45.494597+00:00,1.0,1593.6382733333335,1,1593.6382733333335,1,2024-11-30 04:38:16.554668+00:00,2024-11-30 04:38:16.554668+00:00,0.0,0.0,999.0,0.0,1.0,3.0,0,False,0,0
561-1491-1521-1561-150,0.0,0.0,0.0,0,0,0.0,319962.0,2.0,159981.0,2025-01-18 11:44:51.331152+00:00,2025-03-12 12:20:45.694094+00:00,1.0,66.66646666666666,1,66.66646666666666,1,2024-12-08 17:21:24.654110+00:00,2024-12-08 17:21:24.654110+00:00,0.0,0.0,999.0,0.0,1.0,3.0,0,False,0,0
561-1491-1521-1571-152,0.0,0.0,0.0,0,0,0.0,95000.0,5.0,19000.0,2025-01-17 17:38:31.354064+00:00,2025-01-18 11:35:43.184026+00:00,1.0,9.955453333333333,1,9.955453333333333,1,2025-03-11 17:35:47.622599+00:00,2025-03-11 17:35:47.622599+00:00,0.0,0.0,999.0,0.0,1.0,6.0,0,False,0,0
561-1491-1521-1971-150,0.0,0.0,0.0,0,0,0.0,500000.0,1.0,500000.0,2025-01-17 18:34:13.732541+00:00,2025-01-17 18:34:13.732541+00:00,1.0,493.60963999999996,1,493.60963999999996,1,2024-12-07 07:26:43.596220+00:00,2024-12-07 07:26:43.596220+00:00,0.0,0.0,999.0,0.0,1.0,2.0,0,False,0,0
561-1491-1521-1971-199,829.685714,2.0,414.842857,2025-01-17 18:41:06.126392+00:00,2025-03-12 15:40:00.494813+00:00,1.0,1005078.4,3.0,335026.13333333336,2025-01-17 17:24:59.580185+00:00,2025-03-12 15:06:12.461074+00:00,2.0,417.89328666666665,3,139.29776222222222,1,2024-11-27 21:22:19.853467+00:00,2024-11-30 18:48:54.175253+00:00,0.0008254935276690852,1211.39653611054,-1.2684850575000002,755.5149129637781,3.0,8.0,0,True,0,0
561-1491-1521-1981-154,0.00476264,2.0,0.00238132,2025-01-17 17:00:52.256198+00:00,2025-01-17 17:38:23.689736+00:00,1.0,70000.0,2.0,35000.0,2025-01-17 19:12:01.797335+00:00,2025-01-17 22:56:36.388046+00:00,1.0,36.658566666666665,4,9.164641666666666,2,2024-11-29 11:39:45.296291+00:00,2024-12-10 20:03:56.942761+00:00,6.803771428571428e-08,14697730.67038449,2.185983649166667,11545665.849192884,2.0,8.0,0,True,0,0
561-1501-1521-1561-199,0.0,0.0,0.0,0,0,0.0,660000.0,11.0,60000.0,2025-01-17 20:27:21.668703+00:00,2025-01-18 11:06:04.498861+00:00,1.0,239.8086,1,239.8086,1,2024-12-06 13:21:25.471853+00:00,2024-12-06 13:21:25.471853+00:00,0.0,0.0,999.0,0.0,1.0,12.0,0,False,0,0
561-1511-1521-1561-1100,0.00619225,1.0,0.00619225,2025-01-17 15:07:24.531006+00:00,2025-01-17 15:07:24.531006+00:00,1.0,0.0,0.0,0.0,0,0,0.0,13.330866666666665,1,13.330866666666665,1,2024-12-02 11:10:55.954672+00:00,2024-12-02 11:10:55.954672+00:00,999.0,0.0,999.0,3229246.2352133715,1.0,2.0,0,False,0,0
561-1511-1521-1561-155,0.0,0.0,0.0,0,0,0.0,13498.0,2.0,6749.0,2025-01-18 07:53:35.186412+00:00,2025-03-12 17:09:02.379998+00:00,1.0,20.568393333333333,6,3.4280655555555555,1,2024-11-30 18:46:47.535092+00:00,2024-12-09 12:31:23.516818+00:00,0.0,0.0,999.0,0.0,1.0,8.0,0,True,0,0
561-1511-1521-1971-150,40.02001,1.0,40.02001,2025-01-18 10:10:16.104615+00:00,2025-01-18 10:10:16.104615+00:00,1.0,85591.0,2.0,42795.5,2025-01-18 10:32:24.075811+00:00,2025-03-12 17:05:28.395086+00:00,1.0,54.759993333333334,1,54.759993333333334,1,2024-12-03 02:40:12.672889+00:00,2024-12-03 02:40:12.672889+00:00,0.0004675726419833861,2138.705112767338,0.3688808877777778,2052.4730003815594,2.0,4.0,0,False,0,0
561-1511-1521-1971-157,0.0,0.0,0.0,0,0,0.0,0.11082,1.0,0.11082,2025-03-12 11:28:20.050751+00:00,2025-03-12 11:28:20.050751+00:00,1.0,5.341353333333333,1,5.341353333333333,1,2024-11-28 16:14:59.071988+00:00,2024-11-28 16:14:59.071988+00:00,0.0,0.0,999.0,0.0,1.0,2.0,0,False,0,0
561-1511-1521-1981-199,0.0,0.0,0.0,0,0,0.0,50000.0,1.0,50000.0,2025-01-17 21:28:32.160290+00:00,2025-01-17 21:28:32.160290+00:00,1.0,104.04072,2,52.02036,1,2024-12-10 13:47:00.164156+00:00,2025-03-11 14:19:53.757843+00:00,0.0,0.0,999.0,0.0,1.0,3.0,0,True,0,0
561-1521-1521-1571-153,0.00058551,2.0,0.000292755,2025-01-17 22:18:26.930349+00:00,2025-03-12 16:24:54.502783+00:00,1.0,33208.0,1.0,33208.0,2025-01-18 07:42:42.554373+00:00,2025-01-18 07:42:42.554373+00:00,1.0,96.67740666666666,1,96.67740666666666,1,2024-12-02 11:31:18.957723+00:00,2024-12-02 11:31:18.957723+00:00,1.7631594796434595e-08,56716366.927977316,9.404340006666667,247674864.64791372,2.0,4.0,0,False,0,0
561-1521-1521-1971-1102,0.00098794,1.0,0.00098794,2025-01-17 19:26:14.442394+00:00,2025-01-17 19:26:14.442394+00:00,1.0,226471.0,4.0,56617.75,2025-01-17 19:30:53.264348+00:00,2025-01-17 20:19:32.948888+00:00,1.0,232.35416666666666,1,232.35416666666666,1,2024-12-06 13:43:35.288590+00:00,2024-12-06 13:43:35.288590+00:00,4.3623245360333115e-09,229235581.10816443,0.07745054277777778,352785847.31866306,2.0,6.0,0,False,0,0
561-1521-1521-1971-152,0.01717554,5.0,0.003435108,2025-01-17 15:46:43.310581+00:00,2025-01-18 09:04:53.229391+00:00,2.0,134200.0,10.0,13420.0,2025-01-17 15:52:42.401889+00:00,2025-04-01 12:49:56.304688+00:00,1.0,212.33032,1,212.33032,1,2024-11-29 11:54:07.771226+00:00,2024-11-29 11:54:07.771226+00:00,1.2798464977645304e-07,7813437.015662972,0.09974758555555556,18543549.72245414,3.0,16.0,0,False,0,0
561-1521-1521-1971-154,0.0,0.0,0.0,0,0,0.0,130000.0,6.0,21666.666666666668,2025-01-17 15:58:16.242154+00:00,2025-01-18 01:19:26.862803+00:00,1.0,73.27724666666666,6,12.212874444444443,1,2024-11-28 16:28:30.020863+00:00,2024-12-09 23:10:34.843285+00:00,0.0,0.0,999.0,0.0,1.0,12.0,0,True,0,0
561-1521-1521-1981-154,0.0,0.0,0.0,0,0,0.0,77000.0,1.0,77000.0,2025-01-17 21:58:08.922740+00:00,2025-01-17 21:58:08.922740+00:00,1.0,80.46812,1,80.46812,1,2024-12-03 01:21:26.701828+00:00,2024-12-03 01:21:26.701828+00:00,0.0,0.0,999.0,0.0,1.0,2.0,0,False,0,0
561-1531-1521-1561-156,0.0,0.0,0.0,0,0,0.0,2500.0,1.0,2500.0,2025-05-08 15:18:55.925544+00:00,2025-05-08 15:18:55.925544+00:00,1.0,0.52778,1,0.52778,1,2024-12-11 14:47:48.327158+00:00,2024-12-11 14:47:48.327158+00:00,0.0,0.0,999.0,0.0,1.0,2.0,0,False,0,0
561-1531-1521-1571-154,0.00047783,1.0,0.00047783,2025-01-17 19:26:00.362212+00:00,2025-01-17 19:26:00.362212+00:00,1.0,80891.0,1.0,80891.0,2025-01-17 19:36:16.753931+00:00,2025-01-17 19:36:16.753931+00:00,1.0,17.677366666666668,1,17.677366666666668,1,2024-11-29 12:22:37.821627+00:00,2024-11-29 12:22:37.821627+00:00,5.907084842565922e-09,169288240.5876567,0.17121992194444444,55492643.827302605,2.0,3.0,0,False,0,0
561-1531-1521-1571-199,927.2831998400001,5.0,185.45663996800002,2025-01-17 17:01:11.056253+00:00,2025-03-12 16:25:21.349233+00:00,3.0,2025000.0,5.0,405000.0,2025-01-17 15:02:58.262478+00:00,2025-03-12 12:01:41.742990+00:00,1.0,526.5835190753334,6,87.76391984588889,4,2024-11-28 16:22:31.231348+00:00,2024-12-07 08:09:06.780034+00:00,0.0004579176295506173,2183.79886570727,-1.9702204930555556,851.8166604865596,4.0,16.0,0,False,0,0
561-1531-1521-1981-156,0.0,0.0,0.0,0,0,0.0,10344.0,3.0,3448.0,2025-01-17 15:33:43.387008+00:00,2025-01-18 12:14:35.066995+00:00,1.0,4.091413333333334,1,4.091413333333334,1,2024-12-04 12:28:54.044585+00:00,2024-12-04 12:28:54.044585+00:00,0.0,0.0,999.0,0.0,1.0,4.0,0,False,0,0
561-1531-1521-1981-198,0.0,0.0,0.0,0,0,0.0,35855.0,4.0,8963.75,2025-01-18 11:00:05.131341+00:00,2025-03-12 14:14:25.430341+00:00,1.0,9.13362,1,9.13362,1,2025-07-18 16:33:30.690803+00:00,2025-07-18 16:33:30.690803+00:00,0.0,0.0,999.0,0.0,1.0,5.0,0,False,0,0
561-1551-1521-1561-152,0.0,0.0,0.0,0,0,0.0,10000.0,2.0,5000.0,2025-01-17 14:53:39.405023+00:00,2025-01-18 09:09:16.350584+00:00,1.0,5.9371133333333335,1,5.9371133333333335,1,2024-12-04 12:11:21.081469+00:00,2024-12-04 12:11:21.081469+00:00,0.0,0.0,999.0,0.0,1.0,3.0,0,False,0,0
561-1551-1521-1971-150,0.0,0.0,0.0,0,0,0.0,3200.0,1.0,3200.0,2025-01-17 22:07:23.204801+00:00,2025-01-17 22:07:23.204801+00:00,1.0,10.792466666666668,1,10.792466666666668,1,2024-12-10 13:38:58.183574+00:00,2024-12-10 13:38:58.183574+00:00,0.0,0.0,999.0,0.0,1.0,2.0,0,False,0,0
561-1551-1521-1971-154,0.0,0.0,0.0,0,0,0.0,29980.0,1.0,29980.0,2025-01-17 17:25:36.320026+00:00,2025-01-17 17:25:36.320026+00:00,1.0,146.5981933333333,7,20.942599047619044,1,2024-11-28 16:33:56.881895+00:00,2024-12-09 22:57:47.717690+00:00,0.0,0.0,999.0,0.0,1.0,8.0,0,True,0,0
561-1551-1521-1981-152,0.00015483,1.0,0.00015483,2025-03-12 15:34:56.420577+00:00,2025-03-12 15:34:56.420577+00:00,1.0,0.0,0.0,0.0,0,0,0.0,9.638733333333333,1,9.638733333333333,1,2025-03-11 14:39:43.959349+00:00,2025-03-11 14:39:43.959349+00:00,999.0,0.0,999.0,93380481.81876896,1.0,2.0,0,False,0,0
561-1561-1521-1561-152,3.34762277,3.0,1.1158742566666666,2025-01-17 16:28:16.013048+00:00,2025-01-18 12:58:37.510552+00:00,1.0,135000.0,3.0,45000.0,2025-01-17 16:44:54.643816+00:00,2025-01-17 20:43:02.035397+00:00,1.0,1.26044,1,1.26044,1,2024-12-06 13:30:22.913177+00:00,2024-12-06 13:30:22.913177+00:00,2.4797205703703704e-05,40327.12443284044,0.27739743555555557,564.7768968903267,2.0,7.0,0,False,0,0
561-1561-1521-1971-148,0.00217951,1.0,0.00217951,2025-03-12 14:21:38.809062+00:00,2025-03-12 14:21:38.809062+00:00,1.0,267305.0,1.0,267305.0,2025-03-12 15:36:04.237232+00:00,2025-03-12 15:36:04.237232+00:00,1.0,2200.6561466666667,1,2200.6561466666667,1,2024-11-27 20:46:52.918473+00:00,2024-11-27 20:46:52.918473+00:00,8.153644712968331e-09,122644539.36894073,1.240396713888889,1514553372.0882218,2.0,3.0,0,False,0,0
561-1561-1521-1981-1101,246.0,2.0,123.0,2025-01-17 17:59:54.299802+00:00,2025-01-18 10:19:54.862410+00:00,1.0,442297.0,3.0,147432.33333333334,2025-01-17 14:37:56.806446+00:00,2025-01-17 18:21:44.266146+00:00,1.0,44.206473333333335,1,44.206473333333335,1,2024-12-05 05:09:41.215789+00:00,2024-12-05 05:09:41.215789+00:00,0.0005561873582683129,1797.9552845528456,-3.365970376666667,269.5516666666667,2.0,6.0,0,False,0,0
561-1561-1521-1981-1102,20.17,1.0,20.17,2025-03-12 16:29:37.810538+00:00,2025-03-12 16:29:37.810538+00:00,1.0,828869.0,2.0,414434.5,2025-01-17 19:17:13.891453+00:00,2025-03-12 17:42:52.111867+00:00,1.0,30.81913333333333,1,30.81913333333333,1,2024-12-06 12:59:09.855914+00:00,2024-12-06 12:59:09.855914+00:00,2.433436405511607e-05,41094.149727317796,-1293.2066441902778,2291.9533961328702,2.0,4.0,0,False,0,0
561-1571-1521-1561-1100,0.011300000000000001,2.0,0.0056500000000000005,2025-03-12 12:37:43.028270+00:00,2025-03-12 15:43:10.298970+00:00,1.0,30085.0,7.0,4297.857142857143,2025-03-12 11:16:41.106719+00:00,2025-03-12 16:33:20.709554+00:00,1.0,15.307046666666668,2,7.653523333333334,1,2024-11-27 21:22:58.864819+00:00,2024-12-05 17:48:08.692045+00:00,3.756024596975237e-07,2662389.3805309734,-1.3505337641666668,2031908.8495575222,2.0,11.0,0,True,0,0
561-1571-1521-1971-152,0.0,0.0,0.0,0,0,0.0,5000.0,1.0,5000.0,2025-01-17 18:42:14.257146+00:00,2025-01-17 18:42:14.257146+00:00,1.0,3.3291093413333335,1,3.3291093413333335,1,2024-12-04 12:03:18.536489+00:00,2024-12-04 12:03:18.536489+00:00,0.0,0.0,999.0,0.0,1.0,2.0,0,False,0,0
561-1971-1521-1571-1101,0.0,0.0,0.0,0,0,0.0,90000.0,3.0,30000.0,2025-01-17 15:54:20.169415+00:00,2025-01-18 10:58:57.168600+00:00,1.0,37.65678666666667,1,37.65678666666667,1,2024-11-29 11:48:36.212492+00:00,2024-11-29 11:48:36.212492+00:00,0.0,0.0,999.0,0.0,1.0,4.0,0,False,0,0
561-1971-1521-1571-148,132.874832,1.0,132.874832,2025-01-17 17:16:58.184460+00:00,2025-01-17 17:16:58.184460+00:00,1.0,217500.0,1.0,217500.0,2025-01-17 19:16:55.914993+00:00,2025-01-17 19:16:55.914993+00:00,1.0,173.63529333333332,1,173.63529333333332,1,2024-12-08 17:26:37.195419+00:00,2024-12-08 17:26:37.195419+00:00,0.000610918767816092,1636.8788334573399,1.9993695925,1960.1374924033769,2.0,3.0,0,False,0,0
561-1981-1521-1571-198,0.01379519,1.0,0.01379519,2025-01-17 17:04:50.153129+00:00,2025-01-17 17:04:50.153129+00:00,1.0,16043.0,1.0,16043.0,2025-01-17 17:11:05.392122+00:00,2025-01-17 17:11:05.392122+00:00,1.0,7.695753333333333,1,7.695753333333333,1,2024-11-30 19:21:52.206322+00:00,2024-11-30 19:21:52.206322+00:00,8.598884248581936e-07,1162941.5760130885,0.10423305361111111,836786.5901085812,2.0,3.0,0,False,0,0
561-1981-1521-1981-197,0.00313054,1.0,0.00313054,2025-01-18 00:25:13.145121+00:00,2025-01-18 00:25:13.145121+00:00,1.0,24319.0,3.0,8106.333333333333,2025-01-18 01:12:57.326045+00:00,2025-03-12 16:45:14.376024+00:00,1.0,16.21262,1,16.21262,1,2025-03-11 19:14:28.857620+00:00,2025-03-11 19:14:28.857620+00:00,1.2872815494058143e-07,7768308.342969584,0.7956058122222222,7768285.982610029,2.0,5.0,0,False,0,0
561-1991-1521-1561-157,0.0,0.0,0.0,0,0,0.0,203272.0,1.0,203272.0,2025-03-12 14:13:37.874865+00:00,2025-03-12 14:13:37.874865+00:00,1.0,40.946353333333334,1,40.946353333333334,1,2024-12-01 16:03:08.119363+00:00,2024-12-01 16:03:08.119363+00:00,0.0,0.0,999.0,0.0,1.0,2.0,0,False,0,0
561-1991-1521-1981-1101,0.0,0.0,0.0,0,0,0.0,135958.0,5.0,27191.6,2025-01-17 18:20:03.580333+00:00,2025-01-17 21:38:57.264580+00:00,1.0,19.55882,2,9.77941,1,2024-12-09 22:40:35.356359+00:00,2024-12-09 22:41:08.896618+00:00,0.0,0.0,999.0,0.0,1.0,7.0,0,True,0,0
561-1991-1521-1981-152,0.0,0.0,0.0,0,0,0.0,30000.0,4.0,7500.0,2025-01-17 16:48:59.044649+00:00,2025-01-18 10:16:32.969965+00:00,1.0,28.064666666666668,1,28.064666666666668,1,2024-11-30 19:24:29.882608+00:00,2024-11-30 19:24:29.882608+00:00,0.0,0.0,999.0,0.0,1.0,5.0,0,False,0,0
571-11001-1521-1561-153,0.0,0.0,0.0,0,0,0.0,3100.0,1.0,3100.0,2025-01-18 07:58:59.955464+00:00,2025-01-18 07:58:59.955464+00:00,1.0,115.379,1,115.379,1,2024-12-05 18:06:26.437986+00:00,2024-12-05 18:06:26.437986+00:00,0.0,0.0,999.0,0.0,1.0,2.0,0,False,0,0
571-11001-1521-1561-198,0.0,0.0,0.0,0,0,0.0,60000.0,1.0,60000.0,2025-01-18 10:49:55.434350+00:00,2025-01-18 10:49:55.434350+00:00,1.0,2847.5739866666668,2,1423.7869933333334,1,2024-12-03 01:30:06.854227+00:00,2024-12-05 05:39:40.660698+00:00,0.0,0.0,999.0,0.0,1.0,3.0,0,False,0,0
571-11001-1521-1571-152,0.00049242,1.0,0.00049242,2025-03-12 15:08:44.095516+00:00,2025-03-12 15:08:44.095516+00:00,1.0,60883.0,1.0,60883.0,2025-03-12 16:22:33.340095+00:00,2025-03-12 16:22:33.340095+00:00,1.0,15.58322,1,15.58322,1,2025-03-11 19:27:23.177752+00:00,2025-03-11 19:27:23.177752+00:00,8.087972011891661e-09,123640388.28642215,1.230345716388889,47469294.50469112,2.0,3.0,0,False,0,0
571-11001-1521-1571-155,4831.4279,3.0,1610.4759666666666,2025-01-18 04:47:38.518418+00:00,2025-01-18 07:44:15.652092+00:00,1.0,4812.0,3.0,1604.0,2025-01-18 04:52:48.122658+00:00,2025-01-18 08:25:21.412778+00:00,1.0,224.90933333333334,1,224.90933333333334,1,2024-12-02 11:02:30.730025+00:00,2024-12-02 11:02:30.730025+00:00,1.0040373857024105,0.9959788492341985,0.08600117777777778,69.82697599606112,2.0,7.0,0,False,0,0
571-11001-1521-1571-156,0.0,0.0,0.0,0,0,0.0,58900.0,6.0,9816.666666666666,2025-01-17 19:19:22.606829+00:00,2025-03-12 16:21:01.282764+00:00,1.0,373.2522,6,62.2087,3,2024-11-30 19:13:25.084905+00:00,2024-12-10 13:31:29.680053+00:00,0.0,0.0,999.0,0.0,1.0,12.0,0,True,0,0
571-11011-1521-1561-150,0.00129685,1.0,0.00129685,2025-03-12 15:31:47.297409+00:00,2025-03-12 15:31:47.297409+00:00,1.0,85918.0,3.0,28639.333333333332,2025-01-18 04:14:17.405951+00:00,2025-03-12 15:45:19.369991+00:00,1.0,268.5230466666667,2,134.26152333333334,1,2024-12-05 18:29:39.934474+00:00,2024-12-09 22:53:26.152149+00:00,1.5094043157429176e-08,66251301.22990323,-1283.291636516111,310586860.4695994,2.0,6.0,0,True,0,0
571-11011-1521-1561-199,25.24,1.0,25.24,2025-03-12 15:31:44.681593+00:00,2025-03-12 15:31:44.681593+00:00,1.0,120045.0,14.0,8574.642857142857,2025-01-17 15:43:14.892951+00:00,2025-03-12 13:56:06.774365+00:00,1.0,90.9506,1,90.9506,1,2024-11-28 16:12:43.024825+00:00,2024-11-28 16:12:43.024825+00:00,0.00021025448790037068,4756.141045958796,-1295.8082746227778,5405.146592709983,2.0,16.0,0,False,0,0
571-11011-1521-1571-1101,0.0,0.0,0.0,0,0,0.0,92169.0,2.0,46084.5,2025-01-17 19:37:13.460157+00:00,2025-01-18 09:01:43.881393+00:00,1.0,19.933253333333333,2,9.966626666666667,1,2024-11-28 16:08:08.490697+00:00,2024-11-28 16:29:34.120964+00:00,0.0,0.0,999.0,0.0,1.0,4.0,0,True,0,0
571-11011-1521-1571-150,0.00097416,1.0,0.00097416,2025-01-18 08:17:20.298087+00:00,2025-01-18 08:17:20.298087+00:00,1.0,160000.0,1.0,160000.0,2025-01-18 09:38:54.612488+00:00,2025-01-18 09:38:54.612488+00:00,1.0,49.85385333333333,1,49.85385333333333,1,2024-12-01 16:12:58.570693+00:00,2024-12-01 16:12:58.570693+00:00,6.088499999999999e-09,164244066.68309107,1.3595317780555554,76764371.35583477,2.0,3.0,0,False,0,0
571-11011-1521-1571-157,0.00073966,2.0,0.00036983,2025-01-17 20:52:46.983560+00:00,2025-03-12 12:46:57.690631+00:00,1.0,114700.0,5.0,22940.0,2025-01-17 18:04:13.733425+00:00,2025-03-12 15:20:15.740303+00:00,1.0,217.98580666666666,2,108.99290333333333,1,2024-11-30 05:16:13.573169+00:00,2024-12-05 04:11:37.660051+00:00,6.448648648648648e-09,155071248.9522213,-2.8092361486111113,442066233.13414276,2.0,9.0,0,True,0,0
571-11011-1521-1971-1101,0.06753993,1.0,0.06753993,2025-01-18 03:24:29.379903+00:00,2025-01-18 03:24:29.379903+00:00,1.0,610000.0,4.0,152500.0,2025-01-18 03:23:01.734476+00:00,2025-01-18 11:55:33.965774+00:00,1.0,179.99824666666666,1,179.99824666666666,1,2024-11-29 11:53:52.646224+00:00,2024-11-29 11:53:52.646224+00:00,1.1072119672131147e-07,9031694.28810483,-0.024345951944444444,3997596.236774305,2.0,6.0,0,False,0,0
571-11011-1521-1971-1102,28.5,1.0,28.5,2025-01-18 11:12:56.907814+00:00,2025-01-18 11:12:56.907814+00:00,1.0,22000.0,2.0,11000.0,2025-01-18 11:46:18.211046+00:00,2025-01-18 11:46:40.425930+00:00,1.0,27.74832,2,13.87416,1,2024-12-02 11:10:44.035133+00:00,2024-12-05 17:48:36.360059+00:00,0.0012954545454545454,771.9298245614035,0.5559175644444444,1460.437894736842,2.0,5.0,0,True,0,0
571-11021-1521-1571-1102,0.00115048,2.0,0.00057524,2025-01-17 20:37:04.322909+00:00,2025-01-18 07:13:58.219282+00:00,1.0,202825.0,2.0,101412.5,2025-01-17 21:04:42.457016+00:00,2025-01-18 07:29:23.394038+00:00,1.0,16.592546666666667,1,16.592546666666667,1,2024-12-09 12:19:33.368328+00:00,2024-12-09 12:19:33.368328+00:00,5.672279058301491e-09,176295980.80801058,0.46059280750000003,21633422.57144844,2.0,5.0,0,False,0,0
571-11021-1521-1971-154,0.0,0.0,0.0,0,0,0.0,356800.0,9.0,39644.444444444445,2025-01-17 14:58:15.137558+00:00,2025-01-18 12:17:06.530088+00:00,1.0,126.66260666666666,3,42.22086888888889,1,2024-11-27 20:39:35.049214+00:00,2024-12-05 04:58:53.202559+00:00,0.0,0.0,999.0,0.0,1.0,12.0,0,True,0,0
571-11021-1521-1981-150,0.00010486,1.0,0.00010486,2025-01-17 17:25:21.828312+00:00,2025-01-17 17:25:21.828312+00:00,1.0,43340.0,6.0,7223.333333333333,2025-01-17 17:27:40.594511+00:00,2025-01-18 12:32:14.612801+00:00,1.0,6.079433333333333,3,2.0264777777777776,2,2024-11-28 16:23:32.107271+00:00,2024-12-04 12:47:51.230862+00:00,2.4194739270881403e-09,413312988.7469006,0.038546166388888886,86965000.95365249,2.0,10.0,0,True,0,0
571-11021-1521-1981-151,0.0,0.0,0.0,0,0,0.0,1497.0,1.0,1497.0,2025-01-18 07:59:44.263333+00:00,2025-01-18 07:59:44.263333+00:00,1.0,4.270664882,1,4.270664882,1,2024-12-02 11:22:26.517610+00:00,2024-12-02 11:22:26.517610+00:00,0.0,0.0,999.0,0.0,1.0,2.0,0,False,0,0
571-11021-1521-1981-152,398300.0,4.0,99575.0,2025-01-18 04:22:46.869065+00:00,2025-01-18 08:31:17.458654+00:00,1.0,70000.0,3.0,23333.333333333332,2025-03-12 13:51:58.258740+00:00,2025-03-12 14:41:06.161094+00:00,1.0,789.97784,1,789.97784,1,2024-12-07 08:16:02.476895+00:00,2024-12-07 08:16:02.476895+00:00,5.69,0.1757469244288225,1281.4864971319444,2.975060908862666,2.0,8.0,0,False,0,0
571-11021-1521-1981-155,373.23400683,2.0,186.617003415,2025-01-17 16:19:28.921482+00:00,2025-01-18 07:21:31.152010+00:00,2.0,649800.0,3.0,216600.0,2025-01-17 16:27:00.808298+00:00,2025-01-18 07:33:02.712818+00:00,1.0,55.28198,1,55.28198,1,2024-11-28 16:11:47.582818+00:00,2024-11-28 16:11:47.582818+00:00,0.0005743828975530933,1740.9989125025518,0.12552411555555557,222.17420835869765,3.0,6.0,0,False,0,0
571-1491-1521-1561-1100,0.04404573,1.0,0.04404573,2025-01-17 19:25:55.558056+00:00,2025-01-17 19:25:55.558056+00:00,1.0,430000.0,6.0,71666.66666666667,2025-01-17 21:31:48.149991+00:00,2025-01-18 11:23:02.795915+00:00,1.0,133.51860666666667,2,66.75930333333334,1,2024-12-05 05:06:05.184980+00:00,2024-12-08 17:56:33.494708+00:00,1.0243193023255813e-07,9762580.844953643,2.097942204166667,4547044.855426394,2.0,9.0,0,True,0,0
571-1491-1521-1571-149,0.0,0.0,0.0,0,0,0.0,103000.0,4.0,25750.0,2025-01-18 06:16:24.807009+00:00,2025-03-12 17:00:41.964628+00:00,1.0,691.4812733333333,1,691.4812733333333,1,2024-12-03 18:34:43.693854+00:00,2024-12-03 18:34:43.693854+00:00,0.0,0.0,999.0,0.0,1.0,5.0,0,False,0,0
571-1491-1521-1571-151,0.0006634,1.0,0.0006634,2025-01-18 07:13:23.461909+00:00,2025-01-18 07:13:23.461909+00:00,1.0,109650.0,2.0,54825.0,2025-01-18 07:29:57.648783+00:00,2025-01-18 07:45:19.291221+00:00,1.0,72.46173333333334,1,72.46173333333334,1,2024-12-05 18:08:04.465544+00:00,2024-12-05 18:08:04.465544+00:00,6.05015959872321e-09,165284895.99035275,0.2761630205555555,163841724.44980407,2.0,4.0,0,False,0,0
571-1491-1521-1971-197,0.004909,4.0,0.00122725,2025-01-17 15:31:11.008307+00:00,2025-03-12 17:42:57.904918+00:00,1.0,753000.0,8.0,94125.0,2025-01-17 15:35:30.838559+00:00,2025-01-18 12:59:20.802909+00:00,1.0,33.328786666666666,1,33.328786666666666,1,2024-12-05 04:44:50.456256+00:00,2024-12-05 04:44:50.456256+00:00,6.51925630810093e-09,153391729.47647178,0.07217507,10183984.518231818,2.0,13.0,0,False,0,0
571-1501-1521-1561-150,0.00819361,1.0,0.00819361,2025-01-17 18:32:46.778767+00:00,2025-01-17 18:32:46.778767+00:00,1.0,1376335.0,1.0,1376335.0,2025-01-17 19:17:50.088881+00:00,2025-01-17 19:17:50.088881+00:00,1.0,832.64548,1,832.64548,1,2024-12-05 18:09:45.242791+00:00,2024-12-05 18:09:45.242791+00:00,5.953209066106726e-09,167976630.56943154,0.7509194761111111,152431982.97209653,2.0,3.0,0,False,0,0
571-1501-1521-1981-199,0.0,0.0,0.0,0,0,0.0,70000.0,4.0,17500.0,2025-01-17 17:48:46.822127+00:00,2025-03-12 11:40:15.820858+00:00,1.0,99.05147333333333,1,99.05147333333333,1,2024-12-07 07:45:10.720164+00:00,2024-12-07 07:45:10.720164+00:00,0.0,0.0,999.0,0.0,1.0,5.0,0,False,0,0
571-1511-1521-1561-1102,0.0,0.0,0.0,0,0,0.0,40000.0,3.0,13333.333333333334,2025-01-17 17:17:42.380314+00:00,2025-01-18 11:36:23.805153+00:00,1.0,129.49065333333334,1,129.49065333333334,1,2024-11-30 05:27:58.939363+00:00,2024-11-30 05:27:58.939363+00:00,0.0,0.0,999.0,0.0,1.0,4.0,0,False,0,0
571-1511-1521-1561-199,0.00194054,1.0,0.00194054,2025-01-17 23:40:37.406624+00:00,2025-01-17 23:40:37.406624+00:00,1.0,344796.0,2.0,172398.0,2025-01-18 01:17:42.845365+00:00,2025-03-12 12:10:44.461310+00:00,1.0,53.32522,3,17.775073333333335,2,2024-12-02 11:48:32.094256+00:00,2024-12-08 18:01:35.426109+00:00,5.628081532268356e-09,177680439.46530348,1.6181774280555556,41219366.77419687,2.0,6.0,0,True,0,0
571-1511-1521-1571-153,0.29393091,1.0,0.29393091,2025-01-17 17:10:28.266336+00:00,2025-01-17 17:10:28.266336+00:00,1.0,64424.0,1.0,64424.0,2025-01-17 18:03:35.670999+00:00,2025-01-17 18:03:35.670999+00:00,1.0,9.985026666666668,1,9.985026666666668,1,2024-12-08 17:43:25.763347+00:00,2024-12-08 17:43:25.763347+00:00,4.5624442754253074e-06,219180.75917908736,0.8853901841666666,50955.98826268392,2.0,3.0,0,False,0,0
571-1511-1521-1971-199,38.81,1.0,38.81,2025-01-18 12:03:27.669544+00:00,2025-01-18 12:03:27.669544+00:00,1.0,0.0,0.0,0.0,0,0,0.0,47.29314,2,23.64657,2,2024-12-02 10:56:42.934353+00:00,2024-12-02 10:56:53.524255+00:00,999.0,0.0,999.0,1827.8719402215922,1.0,3.0,0,True,0,0
571-1521-1521-1561-156,0.0,0.0,0.0,0,0,0.0,90200.0,2.0,45100.0,2025-01-18 11:38:35.942314+00:00,2025-01-18 12:35:54.039669+00:00,1.0,401.33568,6,66.88928,1,2024-12-01 15:59:34.309070+00:00,2024-12-11 13:17:30.111055+00:00,0.0,0.0,999.0,0.0,1.0,8.0,0,True,0,0
571-1521-1521-1981-156,0.0,0.0,0.0,0,0,0.0,40281.0,2.0,20140.5,2025-01-17 22:04:21.739571+00:00,2025-03-12 13:30:39.825706+00:00,1.0,7.258533333333333,2,3.6292666666666666,1,2024-12-11 11:11:27.280581+00:00,2024-12-11 11:11:45.065645+00:00,0.0,0.0,999.0,0.0,1.0,4.0,0,True,0,0
571-1531-1521-1561-151,0.00769983,4.0,0.0019249575,2025-03-12 12:42:06.868224+00:00,2025-03-12 12:45:43.564286+00:00,1.0,0.0,0.0,0.0,0,0,0.0,40.30146,1,40.30146,1,2024-12-09 12:30:02.044418+00:00,2024-12-09 12:30:02.044418+00:00,999.0,0.0,999.0,7851107.102364598,1.0,5.0,0,False,0,0
571-1531-1521-1971-148,0.0,0.0,0.0,0,0,0.0,70213.0,6.0,11702.166666666666,2025-01-17 16:09:55.291043+00:00,2025-03-12 17:29:07.984248+00:00,1.0,3.4322133333333333,1,3.4322133333333333,1,2024-12-02 11:27:00.470775+00:00,2024-12-02 11:27:00.470775+00:00,0.0,0.0,999.0,0.0,1.0,7.0,0,False,0,0
571-1531-1521-1971-151,0.0,0.0,0.0,0,0,0.0,2500.0,1.0,2500.0,2025-01-18 12:25:09.322306+00:00,2025-01-18 12:25:09.322306+00:00,1.0,65.36648,1,65.36648,1,2025-03-11 14:09:29.290523+00:00,2025-03-11 14:09:29.290523+00:00,0.0,0.0,999.0,0.0,1.0,2.0,0,False,0,0
571-1531-1521-1971-199,0.00150347,1.0,0.00150347,2025-01-17 15:15:44.018172+00:00,2025-01-17 15:15:44.018172+00:00,1.0,250000.0,4.0,62500.0,2025-01-17 19:37:06.162458+00:00,2025-01-18 12:00:59.076847+00:00,1.0,204.74916000000002,2,102.37458000000001,1,2024-11-29 12:24:09.539725+00:00,2024-12-01 16:45:09.020925+00:00,6.01388e-09,166282000.9710869,4.356151190555556,204276600.13169536,2.0,7.0,0,True,0,0
571-1541-1521-1561-1102,150.00199789,2.0,75.000998945,2025-01-18 11:47:33.352909+00:00,2025-03-12 17:05:36.021122+00:00,2.0,19050.0,2.0,9525.0,2025-01-17 17:24:07.478818+00:00,2025-01-18 12:30:06.879214+00:00,2.0,39.925646666666665,1,39.925646666666665,1,2024-12-07 08:14:41.676924+00:00,2024-12-07 08:14:41.676924+00:00,0.007874120624146982,126.99830847566318,-18.390520580833336,399.251148934147,4.0,5.0,0,False,0,0
571-1541-1521-1971-149,0.0,0.0,0.0,0,0,0.0,2007954.0,1.0,2007954.0,2025-03-12 15:08:57.291309+00:00,2025-03-12 15:08:57.291309+00:00,1.0,121.60637333333334,1,121.60637333333334,1,2024-11-29 11:51:57.478525+00:00,2024-11-29 11:51:57.478525+00:00,0.0,0.0,999.0,0.0,1.0,2.0,0,False,0,0
571-1541-1521-1981-1101,0.00768719,2.0,0.003843595,2025-01-17 18:56:01.475900+00:00,2025-01-17 19:27:51.056643+00:00,1.0,701300.0,6.0,116883.33333333333,2025-01-17 19:11:11.622328+00:00,2025-01-18 10:30:21.121867+00:00,1.0,798.7033333333334,1,798.7033333333334,1,2024-12-10 20:06:02.988368+00:00,2024-12-10 20:06:02.988368+00:00,1.0961343219734779e-08,91229695.11616078,0.2528184522222222,155850837.56223014,2.0,9.0,0,False,0,0
571-1541-1521-1981-199,0.0,0.0,0.0,0,0,0.0,4949.0,1.0,4949.0,2025-01-17 18:04:07.223986+00:00,2025-01-17 18:04:07.223986+00:00,1.0,14.652746666666665,1,14.652746666666665,1,2024-12-02 11:14:31.852932+00:00,2024-12-02 11:14:31.852932+00:00,0.0,0.0,999.0,0.0,1.0,2.0,0,False,0,0
571-1551-1521-1561-157,0.0,0.0,0.0,0,0,0.0,60000.0,1.0,60000.0,2025-01-18 12:34:14.990258+00:00,2025-01-18 12:34:14.990258+00:00,1.0,3.3001266666666664,1,3.3001266666666664,1,2024-12-05 05:56:06.338389+00:00,2024-12-05 05:56:06.338389+00:00,0.0,0.0,999.0,0.0,1.0,2.0,0,False,0,0
571-1551-1521-1571-154,0.0,0.0,0.0,0,0,0.0,200000.0,2.0,100000.0,2025-01-18 12:18:37.477091+00:00,2025-03-12 11:23:53.347039+00:00,1.0,427.36359333333337,1,427.36359333333337,1,2024-12-10 20:02:38.114967+00:00,2024-12-10 20:02:38.114967+00:00,0.0,0.0,999.0,0.0,1.0,3.0,0,False,0,0
571-1551-1521-1971-153,45.5,1.0,45.5,2025-03-12 15:14:43.389562+00:00,2025-03-12 15:14:43.389562+00:00,1.0,0.0,0.0,0.0,0,0,0.0,7.681593333333333,1,7.681593333333333,1,2024-12-02 11:15:30.019777+00:00,2024-12-02 11:15:30.019777+00:00,999.0,0.0,999.0,253.23934065934063,1.0,2.0,0,False,0,0
571-1551-1521-1971-154,0.0,0.0,0.0,0,0,0.0,17100.0,3.0,5700.0,2025-01-17 20:00:03.269301+00:00,2025-01-18 05:00:08.757128+00:00,1.0,424.64684,4,106.16171,2,2024-12-04 12:05:08.324522+00:00,2024-12-09 11:57:26.170523+00:00,0.0,0.0,999.0,0.0,1.0,7.0,0,True,0,0
571-1551-1521-1971-197,699.53,1.0,699.53,2025-01-18 05:39:29.460879+00:00,2025-01-18 05:39:29.460879+00:00,1.0,100000.0,1.0,100000.0,2025-03-12 17:17:19.035019+00:00,2025-03-12 17:17:19.035019+00:00,1.0,561.13,1,561.13,1,2024-12-01 16:26:03.958548+00:00,2024-12-01 16:26:03.958548+00:00,0.0069952999999999994,142.9531256700928,1283.6304372611112,1203.2293111088873,2.0,3.0,0,False,0,0
571-1551-1521-1981-1100,35.61,1.0,35.61,2025-03-12 15:25:05.801993+00:00,2025-03-12 15:25:05.801993+00:00,1.0,46967.0,1.0,46967.0,2025-03-12 11:46:50.137389+00:00,2025-03-12 11:46:50.137389+00:00,1.0,117.06666666666666,3,39.02222222222222,1,2024-12-04 12:41:50.041612+00:00,2024-12-11 11:12:41.989684+00:00,0.0007581919219877786,1318.9272676214546,-3.637684612222222,4931.199101376018,2.0,5.0,0,True,0,0
571-1551-1521-1981-151,0.0006196800000000001,2.0,0.00030984000000000003,2025-01-17 17:24:57.565405+00:00,2025-01-17 20:52:52.829564+00:00,1.0,103962.0,2.0,51981.0,2025-01-17 18:59:45.881638+00:00,2025-01-17 21:47:00.925649+00:00,1.0,569.20644,2,284.60322,1,2024-11-27 21:41:26.110263+00:00,2024-12-08 18:05:29.519828+00:00,5.9606394644196925e-09,167767234.70178154,1.5800878424999998,1377823489.54299,2.0,6.0,0,False,0,0
571-1561-1521-1561-155,0.0,0.0,0.0,0,0,0.0,408487.0,7.0,58355.28571428572,2025-01-18 01:24:25.740262+00:00,2025-03-12 12:35:06.177966+00:00,1.0,153.38537333333335,2,76.69268666666667,1,2024-12-06 13:18:47.060253+00:00,2024-12-08 17:57:59.442920+00:00,0.0,0.0,999.0,0.0,1.0,9.0,0,True,0,0
571-1561-1521-1981-156,0.00362615,3.0,0.0012087166666666666,2025-01-17 18:56:24.130588+00:00,2025-03-12 15:15:58.928142+00:00,1.0,55408.0,4.0,13852.0,2025-01-17 19:49:18.496831+00:00,2025-01-18 01:42:58.623981+00:00,1.0,37.95765333333333,5,7.591530666666666,1,2024-11-27 20:47:04.621459+00:00,2024-12-07 21:10:56.529656+00:00,6.5444520646838e-08,15280118.031521035,0.8817684008333333,15701633.964397501,2.0,12.0,0,True,0,0
571-1561-1521-1981-198,0.0,0.0,0.0,0,0,0.0,26000.0,1.0,26000.0,2025-01-18 07:32:09.056256+00:00,2025-01-18 07:32:09.056256+00:00,1.0,333.64686666666665,5,66.72937333333333,5,2024-12-09 22:48:02.951432+00:00,2024-12-09 22:50:19.864927+00:00,0.0,0.0,999.0,0.0,1.0,6.0,0,True,0,0
571-1571-1521-1561-1101,0.0,0.0,0.0,0,0,0.0,74325.0,1.0,74325.0,2025-01-17 16:44:53.274541+00:00,2025-01-17 16:44:53.274541+00:00,1.0,237.13346666666666,2,118.56673333333333,1,2024-12-03 18:05:54.534083+00:00,2024-12-03 18:31:41.554094+00:00,0.0,0.0,999.0,0.0,1.0,3.0,0,True,0,0
571-1571-1521-1561-149,0.02344623,1.0,0.02344623,2025-03-12 17:14:26.272831+00:00,2025-03-12 17:14:26.272831+00:00,1.0,119100.0,8.0,14887.5,2025-01-17 20:07:02.732988+00:00,2025-03-12 14:28:57.326716+00:00,1.0,102.02746,1,102.02746,1,2024-12-03 18:18:22.309139+00:00,2024-12-03 18:18:22.309139+00:00,1.9686171284634759e-07,5079707.910397535,-1293.1232055119442,6527326.141558793,2.0,10.0,0,False,0,0
571-1571-1521-1561-154,0.2390207,1.0,0.2390207,2025-01-17 18:16:31.792773+00:00,2025-01-17 18:16:31.792773+00:00,1.0,0.0,0.0,0.0,0,0,0.0,107.11609333333334,2,53.55804666666667,1,2024-12-05 05:47:22.554228+00:00,2024-12-07 07:45:36.092767+00:00,999.0,0.0,999.0,672218.5149654403,1.0,3.0,0,True,0,0
571-1571-1521-1571-151,0.0,0.0,0.0,0,0,0.0,40000.0,1.0,40000.0,2025-01-18 11:29:29.375059+00:00,2025-01-18 11:29:29.375059+00:00,1.0,4.661033333333333,1,4.661033333333333,1,2024-12-02 11:49:36.638877+00:00,2024-12-02 11:49:36.638877+00:00,0.0,0.0,999.0,0.0,1.0,2.0,0,False,0,0
571-1571-1521-1971-199,0.0,0.0,0.0,0,0,0.0,21000.0,2.0,10500.0,2025-01-17 18:06:03.150232+00:00,2025-01-18 11:47:44.438299+00:00,1.0,13.33856,1,13.33856,1,2024-12-09 12:05:06.589574+00:00,2024-12-09 12:05:06.589574+00:00,0.0,0.0,999.0,0.0,1.0,3.0,0,False,0,0
571-1971-1521-1571-154,23.395,1.0,23.395,2025-01-18 12:25:41.699714+00:00,2025-01-18 12:25:41.699714+00:00,1.0,38297.0,1.0,38297.0,2025-01-18 12:42:13.568959+00:00,2025-01-18 12:42:13.568959+00:00,1.0,106.74545333333333,2,53.372726666666665,1,2024-12-07 21:14:00.944872+00:00,2024-12-10 13:29:01.991749+00:00,0.0006108833590098441,1636.9737123316947,0.27551923472222223,6844.119683693097,2.0,4.0,0,True,0,0
571-1971-1521-1971-157,0.0007306,2.0,0.0003653,2025-01-17 15:15:23.191971+00:00,2025-01-18 08:17:19.946191+00:00,1.0,239000.0,3.0,79666.66666666667,2025-01-17 17:51:57.465558+00:00,2025-01-18 10:24:35.466656+00:00,1.0,59.640233333333335,2,29.820116666666667,1,2024-11-28 15:52:11.620085+00:00,2024-12-04 12:19:50.858519+00:00,3.0569037656903763e-09,327128387.62660825,2.6095204408333332,122447782.64440186,2.0,7.0,0,True,0,0
571-1971-1521-1971-197,0.0,0.0,0.0,0,0,0.0,8000.0,1.0,8000.0,2025-01-18 09:48:55.222985+00:00,2025-01-18 09:48:55.222985+00:00,1.0,52.62733333333333,1,52.62733333333333,1,2024-12-09 12:11:56.332740+00:00,2024-12-09 12:11:56.332740+00:00,0.0,0.0,999.0,0.0,1.0,2.0,0,False,0,0
571-1981-1521-1561-148,85.0,1.0,85.0,2025-01-18 13:05:44.923894+00:00,2025-01-18 13:05:44.923894+00:00,1.0,81732.0,5.0,16346.4,2025-01-17 15:24:09.014885+00:00,2025-01-17 22:11:09.424115+00:00,1.0,23.557846666666663,1,23.557846666666663,1,2024-12-03 18:23:42.612537+00:00,2024-12-03 18:23:42.612537+00:00,0.0010399843390593647,961.5529411764705,-21.693308058055553,415.7267058823529,2.0,7.0,0,False,0,0
571-1981-1521-1571-1101,45.97157591,1.0,45.97157591,2025-01-17 20:42:03.836234+00:00,2025-01-17 20:42:03.836234+00:00,1.0,60014.061566,2.0,30007.030783,2025-01-17 20:50:30.982772+00:00,2025-01-17 23:20:40.890390+00:00,2.0,90.09218567333333,2,45.046092836666666,1,2024-12-04 12:38:03.363097+00:00,2024-12-07 07:41:09.331794+00:00,0.0007660134093647889,1305.4601757288333,0.14087403833333334,2939.6050893396487,3.0,5.0,0,True,0,0
571-1981-1521-1971-150,0.00040881,1.0,0.00040881,2025-03-12 16:13:38.009237+00:00,2025-03-12 16:13:38.009237+00:00,1.0,51500.0,3.0,17166.666666666668,2025-01-17 16:56:24.321694+00:00,2025-03-12 16:26:36.603599+00:00,1.0,19.999933333333335,1,19.999933333333335,1,2024-11-30 05:43:10.518398+00:00,2024-11-30 05:43:10.518398+00:00,7.938058252427185e-09,125975391.99138965,-1295.2871354286112,73383478.87771825,2.0,5.0,0,False,0,0
571-1981-1521-1971-154,0.0,0.0,0.0,0,0,0.0,17105.0,3.0,5701.666666666667,2025-01-18 05:23:02.253060+00:00,2025-01-18 12:53:57.706733+00:00,1.0,121.03267333333332,3,40.34422444444444,1,2024-12-02 11:03:59.467919+00:00,2024-12-02 11:51:18.150796+00:00,0.0,0.0,999.0,0.0,1.0,6.0,0,True,0,0
571-1981-1521-1981-157,0.0,0.0,0.0,0,0,0.0,60000.0,1.0,60000.0,2025-03-12 11:34:49.968180+00:00,2025-03-12 11:34:49.968180+00:00,1.0,193.83990666666665,2,96.91995333333332,2,2024-11-27 21:44:27.435036+00:00,2024-12-10 13:53:39.399242+00:00,0.0,0.0,999.0,0.0,1.0,3.0,0,True,0,0
571-1991-1521-1561-197,0.0039188899999999995,2.0,0.0019594449999999998,2025-01-18 00:57:59.281799+00:00,2025-01-18 01:47:11.743720+00:00,1.0,40926.0,1.0,40926.0,2025-01-17 19:58:21.966448+00:00,2025-01-17 19:58:21.966448+00:00,1.0,66.67345333333333,1,66.67345333333333,1,2024-12-10 20:05:08.145275+00:00,2024-12-10 20:05:08.145275+00:00,9.575550994477837e-08,10443263.270977242,-4.993698708611111,25520027.354684617,2.0,4.0,0,False,0,0
571-1991-1521-1571-153,0.00027468,1.0,0.00027468,2025-01-18 03:43:40.441892+00:00,2025-01-18 03:43:40.441892+00:00,1.0,169401.0,4.0,42350.25,2025-01-17 15:23:55.737323+00:00,2025-01-18 12:42:38.760589+00:00,1.0,243.95207333333335,2,121.97603666666667,2,2024-11-27 21:28:16.833197+00:00,2024-12-03 03:23:57.549123+00:00,1.6214780314165797e-09,616721275.6662297,-12.3290846025,1332197866.608417,2.0,7.0,0,True,0,0
571-1991-1521-1571-154,0.0,0.0,0.0,0,0,0.0,113500.0,2.0,56750.0,2025-03-12 15:43:28.534521+00:00,2025-03-12 17:13:21.445627+00:00,1.0,81.56440666666667,1,81.56440666666667,1,2024-12-05 04:41:06.412226+00:00,2024-12-05 04:41:06.412226+00:00,0.0,0.0,999.0,0.0,1.0,3.0,0,False,0,0
571-1991-1521-1571-198,0.0,0.0,0.0,0,0,0.0,75394.0,1.0,75394.0,2025-03-12 11:13:13.203081+00:00,2025-03-12 11:13:13.203081+00:00,1.0,914.6000866666666,1,914.6000866666666,1,2024-12-02 11:22:30.782879+00:00,2024-12-02 11:22:30.782879+00:00,0.0,0.0,999.0,0.0,1.0,2.0,0,False,0,0
571-1991-1521-1971-150,0.00014283,1.0,0.00014283,2025-01-17 17:25:09.212684+00:00,2025-01-17 17:25:09.212684+00:00,1.0,9100.0,1.0,9100.0,2025-01-17 19:25:32.734188+00:00,2025-01-17 19:25:32.734188+00:00,1.0,33.116193333333335,1,33.116193333333335,1,2024-11-30 06:22:33.660624+00:00,2024-11-30 06:22:33.660624+00:00,1.56956043956044e-08,63712105.30000699,2.006533751111111,347786109.3607785,2.0,3.0,0,False,0,0
571-1991-1521-1981-154,0.01557,1.0,0.01557,2025-03-12 12:48:36.040918+00:00,2025-03-12 12:48:36.040918+00:00,1.0,120914.0,8.0,15114.25,2025-01-17 16:49:45.427562+00:00,2025-03-12 14:16:24.067572+00:00,1.0,23.23088,4,5.80772,1,2024-11-30 19:01:35.016009+00:00,2024-12-10 20:00:53.335416+00:00,1.2876920786674826e-07,7765831.727681438,-1291.9807259322222,2238042.3892100193,2.0,13.0,0,True,0,0
971-11001-1521-1561-1102,0.05180771,1.0,0.05180771,2025-01-17 18:21:13.602953+00:00,2025-01-17 18:21:13.602953+00:00,1.0,25584.0,2.0,12792.0,2025-01-17 18:48:10.667889+00:00,2025-04-01 12:50:40.494974+00:00,1.0,75.85072666666667,2,37.92536333333334,1,2024-11-29 11:41:30.747702+00:00,2024-12-01 16:07:05.884740+00:00,2.0250042995622263e-06,493826.1119821741,0.4491847044444444,2196122.7392602377,2.0,5.0,0,True,0,0
971-11001-1521-1561-157,0.00153208,2.0,0.00076604,2025-01-17 17:00:48.406234+00:00,2025-01-18 10:52:08.449372+00:00,1.0,252000.0,3.0,84000.0,2025-01-17 17:19:12.605915+00:00,2025-01-18 12:50:55.683322+00:00,1.0,1254.7237933333333,2,627.3618966666667,1,2024-12-03 00:58:33.332064+00:00,2024-12-05 05:14:39.053250+00:00,6.079682539682539e-09,164482272.46618977,0.3067221336111111,1228451314.552765,2.0,7.0,0,False,0,0
971-11001-1521-1561-197,0.0,0.0,0.0,0,0,0.0,45300.0,2.0,22650.0,2025-01-18 04:36:34.788151+00:00,2025-03-12 13:43:55.769399+00:00,1.0,20.214133333333333,1,20.214133333333333,1,2024-12-07 20:44:55.095369+00:00,2024-12-07 20:44:55.095369+00:00,0.0,0.0,999.0,0.0,1.0,3.0,0,False,0,0
971-11001-1521-1571-1101,0.14560118,4.0,0.036400295,2025-01-17 15:28:23.234630+00:00,2025-01-17 22:29:49.087304+00:00,1.0,466600.0,12.0,38883.333333333336,2025-01-17 14:37:56.818033+00:00,2025-03-12 11:17:56.383450+00:00,1.0,84.27948666666667,1,84.27948666666667,1,2025-03-11 14:23:23.270147+00:00,2025-03-11 14:23:23.270147+00:00,3.120471067295328e-07,3204644.3579646815,-0.8406712769444444,868256.9056102431,2.0,17.0,0,False,0,0
971-11001-1521-1971-148,0.0,0.0,0.0,0,0,0.0,24700.0,3.0,8233.333333333334,2025-01-17 21:44:14.707513+00:00,2025-01-18 06:28:38.574023+00:00,1.0,46.57386382666667,2,23.286931913333333,2,2024-11-28 16:16:35.860152+00:00,2024-12-04 12:19:19.225916+00:00,0.0,0.0,999.0,0.0,1.0,5.0,0,True,0,0
971-11011-1521-1561-148,0.0,0.0,0.0,0,0,0.0,286754.0,2.0,143377.0,2025-01-17 15:42:06.249443+00:00,2025-03-12 13:29:12.145194+00:00,1.0,66.62126666666666,3,22.207088888888887,1,2024-12-03 18:28:19.596920+00:00,2024-12-11 07:50:20.569203+00:00,0.0,0.0,999.0,0.0,1.0,5.0,0,True,0,0
971-11011-1521-1571-1102,52.304317,2.0,26.1521585,2025-01-18 01:24:35.801524+00:00,2025-01-18 10:36:52.501870+00:00,2.0,72226.0,9.0,8025.111111111111,2025-01-17 18:32:10.885450+00:00,2025-03-12 17:37:48.973394+00:00,1.0,21.953213333333334,6,3.658868888888889,1,2024-11-27 20:54:49.520617+00:00,2024-12-07 07:31:02.156005+00:00,0.0007241757400382133,1380.880281832186,-6.873587798333333,629.5813020558132,3.0,17.0,0,True,0,0
971-11011-1521-1571-150,7180.0,1.0,7180.0,2025-01-17 22:10:39.858072+00:00,2025-01-17 22:10:39.858072+00:00,1.0,819957.0,7.0,117136.71428571429,2025-01-17 22:28:48.292662+00:00,2025-03-12 17:20:51.502900+00:00,1.0,6.666666666666667,1,6.666666666666667,1,2025-07-18 16:32:33.092141+00:00,2025-07-18 16:32:33.092141+00:00,0.008756556746268402,114.20013927576602,0.3023429416666667,1.3927576601671308,2.0,9.0,0,False,0,0
971-11011-1521-1971-1100,0.00277662,1.0,0.00277662,2025-01-17 18:32:36.703100+00:00,2025-01-17 18:32:36.703100+00:00,1.0,453000.0,3.0,151000.0,2025-01-17 20:18:04.341046+00:00,2025-03-12 12:58:42.448726+00:00,1.0,13.332566666666665,1,13.332566666666665,1,2024-12-07 08:07:03.866532+00:00,2024-12-07 08:07:03.866532+00:00,6.129403973509934e-09,163148000.08643603,1.7576772072222222,7202588.038694527,2.0,5.0,0,False,0,0
971-11011-1521-1971-153,376.49921700000004,3.0,125.49973900000002,2025-01-17 15:10:08.282935+00:00,2025-03-12 12:57:09.997746+00:00,2.0,143823.0,2.0,71911.5,2025-01-18 07:30:05.724222+00:00,2025-01-18 07:30:19.911238+00:00,1.0,169.76486,2,84.88243,2,2024-11-28 16:34:32.631953+00:00,2024-11-29 12:00:51.394212+00:00,0.0026177956029286,382.00079443989915,16.332622579722223,676.3554305081063,3.0,7.0,0,True,0,0
971-11011-1521-1971-198,30300.0,2.0,15150.0,2025-01-18 08:18:19.610679+00:00,2025-01-18 12:14:34.450919+00:00,1.0,66.7,2.0,33.35,2025-01-18 08:25:34.438276+00:00,2025-01-18 12:20:16.497071+00:00,1.0,13.347893333333333,1,13.347893333333333,1,2024-11-30 19:41:51.940125+00:00,2024-11-30 19:41:51.940125+00:00,454.2728635682159,0.0022013201320132013,0.12078544361111111,0.660786798679868,2.0,5.0,0,False,0,0
971-11021-1521-1571-1101,415700.0,2.0,207850.0,2025-01-18 11:49:23.485914+00:00,2025-03-12 16:18:37.757769+00:00,1.0,2.63,2.0,1.315,2025-01-18 11:51:26.990161+00:00,2025-03-12 16:20:55.659004+00:00,1.0,25.951113333333332,2,12.975556666666666,1,2025-03-11 17:39:06.934751+00:00,2025-03-11 17:41:02.014086+00:00,158060.83650190115,6.32667789271109e-06,0.03430673527777778,0.09364125571325475,2.0,6.0,0,True,0,0
971-11021-1521-1971-1101,0.0,0.0,0.0,0,0,0.0,26196.0,2.0,13098.0,2025-01-17 15:00:18.904511+00:00,2025-01-18 10:39:51.638557+00:00,1.0,88.66005333333334,2,44.33002666666667,1,2024-11-30 05:54:11.411688+00:00,2024-12-03 01:09:34.291247+00:00,0.0,0.0,999.0,0.0,1.0,4.0,0,True,0,0
971-11021-1521-1981-152,65.059582,2.0,32.529791,2025-01-17 16:47:12.151374+00:00,2025-03-12 11:51:16.976786+00:00,1.0,96903.0,4.0,24225.75,2025-01-17 16:48:36.993884+00:00,2025-01-17 20:36:57.469043+00:00,1.0,26.010286666666666,3,8.670095555555555,1,2024-12-01 16:37:19.802770+00:00,2024-12-07 08:12:19.044586+00:00,0.0006713887289351208,1489.4500859227776,0.02356736388888889,599.687683207064,2.0,9.0,0,True,0,0
971-1481-1521-1571-153,0.00919498,1.0,0.00919498,2025-01-17 19:33:25.359280+00:00,2025-01-17 19:33:25.359280+00:00,1.0,3188.0,1.0,3188.0,2025-01-18 00:52:58.081326+00:00,2025-01-18 00:52:58.081326+00:00,1.0,5.268486666666667,2,2.6342433333333335,1,2024-11-30 06:12:10.217907+00:00,2024-11-30 19:20:27.322932+00:00,2.8842471769134254e-06,346710.92269912496,5.325756123888889,859461.3582628783,2.0,4.0,0,True,0,0
971-1481-1521-1971-149,0.02703231,2.0,0.013516155,2025-01-17 15:04:41.613245+00:00,2025-01-17 16:34:59.160983+00:00,1.0,149205.0,2.0,74602.5,2025-01-17 15:11:09.969215+00:00,2025-01-18 08:55:38.400293+00:00,1.0,48.642853333333335,1,48.642853333333335,1,2024-12-04 12:01:51.068463+00:00,2024-12-04 12:01:51.068463+00:00,1.811756308434704e-07,5519506.102142214,0.10787665833333333,2699150.757001529,2.0,5.0,0,False,0,0
971-1481-1521-1981-1102,300.897,2.0,150.4485,2025-01-17 20:41:03.666107+00:00,2025-01-18 04:31:38.894119+00:00,1.0,405100.0,8.0,50637.5,2025-01-17 20:51:45.445235+00:00,2025-01-18 11:19:20.951909+00:00,1.0,992.6070266666666,3,330.86900888888886,1,2024-11-30 05:54:32.348546+00:00,2024-12-11 07:45:26.454362+00:00,0.0007427721550234509,1346.3078727936802,0.17827198,4948.239896044161,2.0,13.0,0,False,0,0
971-1491-1521-1571-1100,0.00011485,1.0,0.00011485,2025-01-17 22:47:10.634622+00:00,2025-01-17 22:47:10.634622+00:00,1.0,19154.0,1.0,19154.0,2025-01-18 11:40:37.361485+00:00,2025-01-18 11:40:37.361485+00:00,1.0,17.478373333333334,2,8.739186666666667,1,2024-12-07 07:32:19.603848+00:00,2024-12-07 21:29:32.307169+00:00,5.996136577216247e-09,166774053.11275578,12.890757461944446,228276534.61036134,2.0,4.0,0,True,0,0
971-1491-1521-1571-1102,0.0,0.0,0.0,0,0,0.0,101600.0,2.0,50800.0,2025-03-12 12:26:33.591538+00:00,2025-03-12 12:32:13.644676+00:00,1.0,56.42990666666667,2,28.214953333333334,2,2025-03-11 17:35:03.262271+00:00,2025-03-11 17:43:32.718186+00:00,0.0,0.0,999.0,0.0,1.0,4.0,0,True,0,0
971-1491-1521-1971-1102,0.00913187,3.0,0.0030439566666666668,2025-01-17 15:07:24.340232+00:00,2025-03-12 16:14:29.677781+00:00,1.0,780336.0,2.0,390168.0,2025-01-17 15:15:44.278536+00:00,2025-01-17 17:24:37.237298+00:00,1.0,17.635546666666666,1,17.635546666666666,1,2024-12-03 18:01:05.741095+00:00,2024-12-03 18:01:05.741095+00:00,1.1702484570749011e-08,85451939.19755757,0.1388717511111111,2896813.029532834,2.0,6.0,0,False,0,0
971-1491-1521-1971-154,0.00404229,1.0,0.00404229,2025-01-18 12:19:36.328915+00:00,2025-01-18 12:19:36.328915+00:00,1.0,767860.0,4.0,191965.0,2025-01-17 15:44:26.786947+00:00,2025-01-18 12:37:33.506506+00:00,1.0,6.665613333333333,1,6.665613333333333,1,2024-12-07 08:01:23.369539+00:00,2024-12-07 08:01:23.369539+00:00,5.264358086109446e-09,189956682.96930704,-20.58598388,2473454.4033208904,2.0,6.0,0,False,0,0
971-1491-1521-1981-151,0.75425613,1.0,0.75425613,2025-03-12 16:37:54.299884+00:00,2025-03-12 16:37:54.299884+00:00,1.0,750000.0,1.0,750000.0,2025-03-12 17:00:07.250974+00:00,2025-03-12 17:00:07.250974+00:00,1.0,255.03666666666666,1,255.03666666666666,1,2025-03-11 17:43:35.079354+00:00,2025-03-11 17:43:35.079354+00:00,1.00567484e-06,994357.1820887952,0.3702641916666667,507195.082391972,2.0,3.0,0,False,0,0
971-1501-1521-1571-157,0.0,0.0,0.0,0,0,0.0,24000.0,2.0,12000.0,2025-03-12 15:36:53.321960+00:00,2025-03-12 16:24:53.919107+00:00,1.0,30.86938,1,30.86938,1,2024-12-05 18:04:16.003924+00:00,2024-12-05 18:04:16.003924+00:00,0.0,0.0,999.0,0.0,1.0,3.0,0,False,0,0
971-1501-1521-1571-199,0.0,0.0,0.0,0,0,0.0,5000.0,1.0,5000.0,2025-01-17 16:58:03.463113+00:00,2025-01-17 16:58:03.463113+00:00,1.0,162.51724,1,162.51724,1,2024-12-10 19:56:29.077827+00:00,2024-12-10 19:56:29.077827+00:00,0.0,0.0,999.0,0.0,1.0,2.0,0,False,0,0
971-1501-1521-1971-153,350.10000698,6.0,58.35000116333333,2025-01-17 15:58:57.256125+00:00,2025-01-18 13:07:21.915391+00:00,2.0,608745.0,8.0,76093.125,2025-01-17 16:11:42.340653+00:00,2025-01-18 11:09:46.206104+00:00,1.0,155.67963822,4,38.919909555,3,2024-11-28 16:25:45.984860+00:00,2025-03-11 14:18:53.412439+00:00,0.0005751176715701977,1738.7746011521087,0.21252348,667.0078625372325,3.0,18.0,0,True,0,0
971-1501-1521-1981-157,0.0,0.0,0.0,0,0,0.0,13101.0,1.0,13101.0,2025-01-17 18:42:55.311853+00:00,2025-01-17 18:42:55.311853+00:00,1.0,6.877773333333334,2,3.438886666666667,1,2024-11-27 21:37:16.664383+00:00,2024-12-02 11:15:21.578702+00:00,0.0,0.0,999.0,0.0,1.0,3.0,0,True,0,0
971-1511-1521-1561-154,0.0,0.0,0.0,0,0,0.0,18200.0,5.0,3640.0,2025-03-12 11:42:30.206140+00:00,2025-03-12 17:38:12.233007+00:00,1.0,153.18542,18,8.510301111111112,1,2024-11-28 16:08:12.753186+00:00,2024-12-09 12:30:34.028048+00:00,0.0,0.0,999.0,0.0,1.0,23.0,0,False,0,0
971-1511-1521-1571-148,0.00094788,1.0,0.00094788,2025-01-17 23:32:25.021906+00:00,2025-01-17 23:32:25.021906+00:00,1.0,158634.0,3.0,52878.0,2025-01-17 23:45:31.910400+00:00,2025-01-18 00:18:23.737492+00:00,1.0,47.245960000000004,5,9.449192,3,2024-11-29 12:01:18.619400+00:00,2024-12-08 17:26:53.832880+00:00,5.975263814819017e-09,167356627.42119256,0.21858013722222222,74765729.83922017,2.0,9.0,0,True,0,0
971-1511-1521-1571-149,0.0,0.0,0.0,0,0,0.0,115000.0,5.0,23000.0,2025-01-17 19:36:56.260872+00:00,2025-01-18 10:59:09.373092+00:00,1.0,25.941953333333338,2,12.970976666666669,1,2024-12-04 12:30:51.566959+00:00,2024-12-11 07:35:43.094168+00:00,0.0,0.0,999.0,0.0,1.0,7.0,0,True,0,0
971-1511-1521-1571-157,0.00874764,1.0,0.00874764,2025-01-17 23:25:32.180718+00:00,2025-01-17 23:25:32.180718+00:00,1.0,1464500.0,2.0,732250.0,2025-01-17 23:46:01.807528+00:00,2025-01-18 08:20:24.862854+00:00,1.0,533.8454,1,533.8454,1,2024-11-30 19:11:57.374145+00:00,2024-11-30 19:11:57.374145+00:00,5.973123933082963e-09,167416583.21558732,0.3415630027777778,91541044.21306777,2.0,4.0,0,False,0,0
971-1511-1521-1981-152,0.00385854,1.0,0.00385854,2025-01-17 20:26:32.866439+00:00,2025-01-17 20:26:32.866439+00:00,1.0,0.0,0.0,0.0,0,0,0.0,156.3005533333333,1,156.3005533333333,1,2024-12-10 13:32:30.087289+00:00,2024-12-10 13:32:30.087289+00:00,999.0,0.0,999.0,60761539.338713594,1.0,2.0,0,False,0,0
971-1521-1521-1561-157,0.0,0.0,0.0,0,0,0.0,85900.0,3.0,28633.333333333332,2025-01-17 15:06:29.760846+00:00,2025-03-12 13:00:03.431627+00:00,1.0,55.078920000000004,1,55.078920000000004,1,2024-12-03 01:39:29.736679+00:00,2024-12-03 01:39:29.736679+00:00,0.0,0.0,999.0,0.0,1.0,4.0,0,False,0,0
971-1521-1521-1571-148,0.0,0.0,0.0,0,0,0.0,802000.0,1.0,802000.0,2025-01-18 07:30:36.287502+00:00,2025-01-18 07:30:36.287502+00:00,1.0,617.2200066666667,2,308.61000333333334,1,2024-11-27 21:43:51.753833+00:00,2024-12-01 16:00:08.464146+00:00,0.0,0.0,999.0,0.0,1.0,3.0,0,False,0,0
971-1521-1521-1981-1102,0.0,0.0,0.0,0,0,0.0,6000.0,1.0,6000.0,2025-01-18 12:19:31.820490+00:00,2025-01-18 12:19:31.820490+00:00,1.0,361.48818666666665,2,180.74409333333332,1,2024-12-01 15:55:29.102106+00:00,2024-12-10 00:03:57.862566+00:00,0.0,0.0,999.0,0.0,1.0,3.0,0,True,0,0
971-1521-1521-1981-149,0.00201711,1.0,0.00201711,2025-01-17 16:44:21.079801+00:00,2025-01-17 16:44:21.079801+00:00,1.0,0.0,0.0,0.0,0,0,0.0,33.34831333333334,1,33.34831333333334,1,2024-12-07 07:48:45.837808+00:00,2024-12-07 07:48:45.837808+00:00,999.0,0.0,999.0,24799078.880180065,1.0,2.0,0,False,0,0
971-1521-1521-1981-154,22650.0,2.0,11325.0,2025-01-17 20:30:09.183656+00:00,2025-01-18 10:51:41.482772+00:00,1.0,0.0,0.0,0.0,0,0,0.0,31.417950413333337,4,7.854487603333334,4,2024-12-03 18:16:45.062957+00:00,2024-12-05 18:13:22.548293+00:00,999.0,0.0,999.0,2.08065896777042,1.0,6.0,0,True,0,0
971-1531-1521-1561-1102,538.508902,4.0,134.6272255,2025-01-17 17:28:22.425181+00:00,2025-03-12 15:23:30.320353+00:00,1.0,835012.357804,14.0,59643.73984314286,2025-01-17 16:54:05.747482+00:00,2025-03-12 16:28:48.645048+00:00,2.0,203.49042,1,203.49042,1,2025-03-11 17:39:31.890598+00:00,2025-03-11 17:39:31.890598+00:00,0.0006449112961827598,1550.6008437424123,-0.5712993608333333,566.816312351323,3.0,19.0,0,False,0,0
971-1531-1521-1561-198,80.0,2.0,40.0,2025-01-17 15:44:21.201639+00:00,2025-01-17 20:25:56.987329+00:00,1.0,121200.0,2.0,60600.0,2025-01-17 16:08:03.520076+00:00,2025-01-17 20:41:25.639779+00:00,1.0,138.8394,1,138.8394,1,2024-12-08 17:33:24.865258+00:00,2024-12-08 17:33:24.865258+00:00,0.0006600660066006601,1515.0,0.3950884547222222,2603.23875,2.0,5.0,0,False,0,0
971-1531-1521-1571-150,0.0,0.0,0.0,0,0,0.0,20000.0,1.0,20000.0,2025-01-18 10:26:47.889988+00:00,2025-01-18 10:26:47.889988+00:00,1.0,103.31733333333334,1,103.31733333333334,1,2024-12-08 17:15:18.059247+00:00,2024-12-08 17:15:18.059247+00:00,0.0,0.0,999.0,0.0,1.0,2.0,0,False,0,0
971-1531-1521-1571-154,0.01066771,2.0,0.005333855,2025-01-17 16:31:21.418073+00:00,2025-01-17 21:39:14.395519+00:00,1.0,450000.0,1.0,450000.0,2025-01-17 23:52:32.271142+00:00,2025-01-17 23:52:32.271142+00:00,1.0,129.61696,3,43.20565333333334,1,2024-11-27 21:19:29.920782+00:00,2024-12-07 21:37:34.148715+00:00,2.370602222222222e-08,42183373.93873662,7.353014741388889,18225602.30827422,2.0,6.0,0,True,0,0
971-1531-1521-1571-199,0.00073824,2.0,0.00036912,2025-01-17 21:29:41.682733+00:00,2025-01-18 09:51:11.654110+00:00,1.0,154700.0,8.0,19337.5,2025-01-17 14:47:34.490432+00:00,2025-01-18 11:46:48.343274+00:00,1.0,553.2897,1,553.2897,1,2024-11-28 16:18:48.545931+00:00,2024-11-28 16:18:48.545931+00:00,4.7720749838396896e-09,209552449.06805375,-6.701997861388889,1124206965.2145646,2.0,11.0,0,False,0,0
971-1531-1521-1971-1101,3.58043054,2.0,1.79021527,2025-01-17 15:39:31.393460+00:00,2025-01-18 12:16:37.447666+00:00,2.0,108423.0,5.0,21684.6,2025-01-17 15:50:03.625412+00:00,2025-03-12 15:42:32.615098+00:00,1.0,111.69918000000001,5,22.339836000000002,2,2024-11-30 18:43:17.652682+00:00,2024-12-04 12:45:47.403849+00:00,3.302279534785055e-05,30282.112385288725,0.17561998666666667,46795.704630538654,3.0,12.0,0,True,0,0
971-1531-1521-1971-156,0.00147686,2.0,0.00073843,2025-01-17 18:56:16.450158+00:00,2025-01-18 02:36:30.957020+00:00,1.0,147000.0,2.0,73500.0,2025-01-17 21:04:25.860437+00:00,2025-01-18 03:01:12.223780+00:00,1.0,73.30271333333334,1,73.30271333333334,1,2024-12-05 05:31:36.456871+00:00,2024-12-05 05:31:36.456871+00:00,1.0046666666666666e-08,99535500.99535501,2.135947299722222,74451247.91787983,2.0,5.0,0,False,0,0
971-1531-1521-1981-153,2000.0,1.0,2000.0,2025-01-17 14:39:45.669391+00:00,2025-01-17 14:39:45.669391+00:00,1.0,12250.0,1.0,12250.0,2025-01-17 14:50:14.045561+00:00,2025-01-17 14:50:14.045561+00:00,1.0,812.8978266666667,1,812.8978266666667,1,2024-12-11 14:47:41.269292+00:00,2024-12-11 14:47:41.269292+00:00,0.16326530612244897,6.125,0.1745489361111111,609.6733700000001,2.0,3.0,0,False,0,0
971-1541-1521-1561-149,0.00762058,1.0,0.00762058,2025-01-18 08:32:15.604062+00:00,2025-01-18 08:32:15.604062+00:00,1.0,0.0,0.0,0.0,0,0,0.0,1118.1136666666666,5,223.62273333333331,3,2024-12-04 12:40:41.116012+00:00,2024-12-10 19:57:59.243663+00:00,999.0,0.0,999.0,220084363.6573594,1.0,6.0,0,False,0,0
971-1541-1521-1571-198,0.0,0.0,0.0,0,0,0.0,556500.0,3.0,185500.0,2025-01-17 21:05:38.229554+00:00,2025-01-18 13:01:48.024681+00:00,1.0,4.9776,1,4.9776,1,2024-11-27 20:56:22.532349+00:00,2024-11-27 20:56:22.532349+00:00,0.0,0.0,999.0,0.0,1.0,4.0,0,False,0,0
971-1541-1521-1971-150,21150.0,1.0,21150.0,2025-01-17 16:22:43.797603+00:00,2025-01-17 16:22:43.797603+00:00,1.0,0.0,0.0,0.0,0,0,0.0,15.01752,1,15.01752,1,2024-12-06 13:28:24.319575+00:00,2024-12-06 13:28:24.319575+00:00,999.0,0.0,999.0,1.0650723404255318,1.0,2.0,0,False,0,0
971-1541-1521-1981-156,0.0,0.0,0.0,0,0,0.0,8100.0,3.0,2700.0,2025-01-17 17:50:22.497292+00:00,2025-01-18 12:36:58.814918+00:00,1.0,24.288326666666666,1,24.288326666666666,1,2024-12-10 13:57:22.049266+00:00,2024-12-10 13:57:22.049266+00:00,0.0,0.0,999.0,0.0,1.0,4.0,0,False,0,0
971-1551-1521-1561-1102,6150.0,1.0,6150.0,2025-01-18 09:16:39.625127+00:00,2025-01-18 09:16:39.625127+00:00,1.0,11.7,1.0,11.7,2025-01-18 09:22:39.216755+00:00,2025-01-18 09:22:39.216755+00:00,1.0,29.465773333333335,2,14.732886666666667,2,2024-11-30 06:09:23.853084+00:00,2024-12-05 18:24:01.932580+00:00,525.6410256410256,0.0019024390243902439,0.09988656333333333,7.186773983739839,2.0,4.0,0,True,0,0
971-1551-1521-1561-198,1683.2900000000002,3.0,561.0966666666667,2025-01-17 22:16:44.511984+00:00,2025-01-17 23:44:54.244240+00:00,1.0,0.0,0.0,0.0,0,0,0.0,210.43124,2,105.21562,1,2024-11-30 19:32:36.118452+00:00,2024-12-05 18:04:38.412733+00:00,999.0,0.0,999.0,187.51781332984808,1.0,5.0,0,True,0,0
971-1551-1521-1571-156,0.0,0.0,0.0,0,0,0.0,10607.0,2.0,5303.5,2025-03-12 15:46:48.515098+00:00,2025-03-12 15:46:56.901670+00:00,1.0,63.687200000000004,3,21.229066666666668,1,2024-12-04 12:15:05.859001+00:00,2024-12-05 17:49:01.165227+00:00,0.0,0.0,999.0,0.0,1.0,5.0,0,True,0,0
971-1551-1521-1971-150,0.00035455,1.0,0.00035455,2025-01-17 20:29:54.745388+00:00,2025-01-17 20:29:54.745388+00:00,1.0,0.0,0.0,0.0,0,0,0.0,484.69489333333337,5,96.93897866666667,2,2024-12-03 17:57:52.259626+00:00,2024-12-09 23:26:54.591693+00:00,999.0,0.0,999.0,2050605951.2057538,1.0,6.0,0,True,0,0
971-1551-1521-1971-199,0.0,0.0,0.0,0,0,0.0,90839.0,4.0,22709.75,2025-03-12 11:40:06.637333+00:00,2025-03-12 16:39:32.230226+00:00,1.0,4.621366666666667,1,4.621366666666667,1,2024-12-10 13:56:55.466531+00:00,2024-12-10 13:56:55.466531+00:00,0.0,0.0,999.0,0.0,1.0,5.0,0,False,0,0
971-1561-1521-1561-1101,6800.0,1.0,6800.0,2025-01-17 22:47:22.725344+00:00,2025-01-17 22:47:22.725344+00:00,1.0,6384.0,1.0,6384.0,2025-01-18 10:04:06.002036+00:00,2025-01-18 10:04:06.002036+00:00,1.0,0.22375333333333333,1,0.22375333333333333,1,2024-11-27 20:47:01.924308+00:00,2024-11-27 20:47:01.924308+00:00,1.0651629072681705,0.9388235294117647,11.27868797,0.04935735294117647,2.0,3.0,1,False,0,0
971-1561-1521-1561-156,5.692518,1.0,5.692518,2025-01-17 21:57:41.804934+00:00,2025-01-17 21:57:41.804934+00:00,1.0,1100.0,1.0,1100.0,2025-01-18 12:11:54.345410+00:00,2025-01-18 12:11:54.345410+00:00,1.0,2.5130266666666667,1,2.5130266666666667,1,2024-11-30 19:23:50.237844+00:00,2024-11-30 19:23:50.237844+00:00,0.005175016363636363,193.2361039525918,14.23681679888889,662.1920211758663,2.0,3.0,0,False,0,0
971-1561-1521-1561-157,0.00581177,1.0,0.00581177,2025-03-12 15:08:35.982654+00:00,2025-03-12 15:08:35.982654+00:00,1.0,57500.0,3.0,19166.666666666668,2025-03-12 16:27:21.276811+00:00,2025-03-12 16:36:19.875165+00:00,1.0,138.20112666666668,1,138.20112666666668,1,2024-12-05 17:45:38.155406+00:00,2024-12-05 17:45:38.155406+00:00,1.0107426086956521e-07,9893715.683862232,1.312581710277778,35669286.6372895,2.0,5.0,0,False,0,0
971-1561-1521-1971-1102,30.29105431,2.0,15.145527155,2025-01-18 01:31:26.709543+00:00,2025-03-12 16:26:22.601275+00:00,1.0,47787.0,2.0,23893.5,2025-01-18 01:37:15.446986+00:00,2025-03-12 17:05:40.095919+00:00,1.0,4.668606562666667,1,4.668606562666667,1,2024-11-29 11:30:45.829382+00:00,2024-11-29 11:30:45.829382+00:00,0.0006338764582417812,1577.594477595455,0.09687151194444445,231.18739190560714,2.0,5.0,0,False,0,0
971-1561-1521-1981-157,0.0,0.0,0.0,0,0,0.0,116199.0,1.0,116199.0,2025-01-17 20:03:51.059698+00:00,2025-01-17 20:03:51.059698+00:00,1.0,12.601339999999999,1,12.601339999999999,1,2025-03-11 14:26:43.120359+00:00,2025-03-11 14:26:43.120359+00:00,0.0,0.0,999.0,0.0,1.0,2.0,0,False,0,0
971-1561-1521-1981-198,5.310900930000001,2.0,2.6554504650000004,2025-03-12 14:37:12.434295+00:00,2025-03-12 15:31:30.608729+00:00,1.0,0.0,0.0,0.0,0,0,0.0,422.30890666666664,2,211.15445333333332,1,2024-12-05 05:37:35.439355+00:00,2025-03-11 17:41:43.882346+00:00,999.0,0.0,999.0,119276.06414605062,1.0,4.0,0,True,0,0
971-1571-1521-1561-152,0.0,0.0,0.0,0,0,0.0,33047.001569,2.0,16523.5007845,2025-01-17 21:00:04.362167+00:00,2025-01-17 21:41:40.392248+00:00,2.0,132.35532666666666,2,66.17766333333333,1,2024-12-02 11:03:56.939874+00:00,2024-12-04 12:19:41.415391+00:00,0.0,0.0,999.0,0.0,2.0,4.0,0,True,0,0
971-1571-1521-1571-155,5000.0,1.0,5000.0,2025-01-18 09:34:14.209382+00:00,2025-01-18 09:34:14.209382+00:00,1.0,0.02001211,1.0,0.02001211,2025-01-18 09:38:54.536417+00:00,2025-01-18 09:38:54.536417+00:00,1.0,3.3577666666666666,1,3.3577666666666666,1,2024-12-09 23:29:43.070458+00:00,2024-12-09 23:29:43.070458+00:00,249848.71660209744,4.002422e-06,0.07786862083333335,1.0073299999999998,2.0,3.0,0,False,0,0
971-1571-1521-1981-155,0.0,0.0,0.0,0,0,0.0,4000.0,2.0,2000.0,2025-03-12 14:01:46.877478+00:00,2025-03-12 16:27:56.550484+00:00,1.0,11.9482,3,3.9827333333333335,1,2024-12-09 23:26:59.207940+00:00,2025-03-11 17:40:01.865051+00:00,0.0,0.0,999.0,0.0,1.0,5.0,0,True,0,0
971-1571-1521-1981-156,0.00119468,1.0,0.00119468,2025-03-12 12:46:51.131938+00:00,2025-03-12 12:46:51.131938+00:00,1.0,100000.0,4.0,25000.0,2025-03-12 11:41:13.393376+00:00,2025-03-12 14:44:25.034677+00:00,1.0,78.07979333333333,9,8.675532592592592,2,2024-11-30 18:53:39.918965+00:00,2024-12-08 17:22:21.301274+00:00,1.19468e-08,83704422.94170824,-1.0938162672222222,98034360.66561757,2.0,14.0,0,True,0,0
971-1571-1521-1981-157,0.0,0.0,0.0,0,0,0.0,5000.0,1.0,5000.0,2025-01-17 21:02:41.296579+00:00,2025-01-17 21:02:41.296579+00:00,1.0,64.70359333333333,1,64.70359333333333,1,2024-12-01 16:07:49.988136+00:00,2024-12-01 16:07:49.988136+00:00,0.0,0.0,999.0,0.0,1.0,2.0,0,False,0,0
971-1971-1521-1561-1102,24.0,1.0,24.0,2025-01-17 19:17:58.220726+00:00,2025-01-17 19:17:58.220726+00:00,1.0,39270.0,1.0,39270.0,2025-01-18 10:45:48.534928+00:00,2025-01-18 10:45:48.534928+00:00,1.0,167.79695333333333,2,83.89847666666667,1,2024-12-06 12:55:00.833219+00:00,2024-12-07 21:39:52.654323+00:00,0.0006111535523300229,1636.25,15.463976167222222,10487.309583333334,2.0,4.0,0,True,0,0
971-1971-1521-1971-156,67.67,2.0,33.835,2025-01-17 16:45:41.684714+00:00,2025-01-18 08:19:06.442513+00:00,1.0,21000.0,3.0,7000.0,2025-01-17 18:58:38.681800+00:00,2025-03-12 16:33:00.248094+00:00,1.0,33.822179999999996,1,33.822179999999996,1,2024-12-07 07:39:01.558833+00:00,2024-12-07 07:39:01.558833+00:00,0.0032223809523809523,310.3295404167282,2.215832523888889,749.7158268065612,2.0,6.0,0,False,0,0
971-1971-1521-1981-152,0.0,0.0,0.0,0,0,0.0,50000.0,3.0,16666.666666666668,2025-01-17 21:28:40.813190+00:00,2025-03-12 17:45:31.410761+00:00,1.0,20.00208,2,10.00104,1,2024-12-06 13:12:02.519862+00:00,2024-12-06 13:12:10.670050+00:00,0.0,0.0,999.0,0.0,1.0,5.0,0,True,0,0
971-1971-1521-1981-199,8.8,1.0,8.8,2025-03-12 14:39:31.805391+00:00,2025-03-12 14:39:31.805391+00:00,1.0,270747.0,4.0,67686.75,2025-01-17 14:46:39.212132+00:00,2025-03-12 15:10:27.958362+00:00,1.0,9.9864,1,9.9864,1,2024-12-03 18:45:41.059587+00:00,2024-12-03 18:45:41.059587+00:00,3.250266854295708e-05,30766.704545454544,-1295.8812759052778,1702.2272727272727,2.0,6.0,0,False,0,0
971-1981-1521-1561-199,0.0,0.0,0.0,0,0,0.0,49600.0,2.0,24800.0,2025-01-18 10:16:07.337672+00:00,2025-03-12 17:12:30.409533+00:00,1.0,226.67464666666666,2,113.33732333333333,1,2024-12-09 12:24:17.524513+00:00,2024-12-11 07:26:48.986316+00:00,0.0,0.0,999.0,0.0,1.0,4.0,0,True,0,0
971-1981-1521-1571-1102,0.0,0.0,0.0,0,0,0.0,190000.0,3.0,63333.333333333336,2025-01-17 19:14:23.117323+00:00,2025-03-12 11:46:31.877289+00:00,1.0,63.75718666666667,1,63.75718666666667,1,2024-12-06 13:14:04.856113+00:00,2024-12-06 13:14:04.856113+00:00,0.0,0.0,999.0,0.0,1.0,4.0,0,False,0,0
971-1981-1521-1971-150,0.0027691,2.0,0.00138455,2025-01-17 18:32:47.751264+00:00,2025-01-18 04:17:18.805378+00:00,1.0,463705.0,2.0,231852.5,2025-01-17 18:52:21.099140+00:00,2025-01-18 04:34:17.769862+00:00,1.0,73.27207333333334,1,73.27207333333334,1,2024-12-10 19:57:17.463797+00:00,2024-12-10 19:57:17.463797+00:00,5.971684583948847e-09,167456935.46639702,0.3259299655555556,39690914.01538406,2.0,5.0,0,False,0,0
971-1981-1521-1981-1100,0.0,0.0,0.0,0,0,0.0,17030.0,2.0,8515.0,2025-01-18 09:00:10.796246+00:00,2025-03-12 14:19:42.861969+00:00,1.0,30.83172666666667,4,7.707931666666667,1,2024-12-05 05:55:03.179274+00:00,2025-03-11 18:44:12.844337+00:00,0.0,0.0,999.0,0.0,1.0,6.0,0,True,0,0
971-1981-1521-1981-199,299.896596,1.0,299.896596,2025-01-17 23:03:55.541795+00:00,2025-01-17 23:03:55.541795+00:00,1.0,430000.0,9.0,47777.77777777778,2025-01-17 22:25:22.894617+00:00,2025-01-18 09:20:07.626809+00:00,1.0,66.72729333333334,1,66.72729333333334,1,2024-12-05 04:14:06.008870+00:00,2024-12-05 04:14:06.008870+00:00,0.0006974339441860465,1433.827545011548,-0.642401993888889,333.751504135112,2.0,11.0,0,False,0,0
971-1991-1521-1571-148,0.0,0.0,0.0,0,0,0.0,100000.0,1.0,100000.0,2025-03-12 21:58:33.931876+00:00,2025-03-12 21:58:33.931876+00:00,1.0,1059.8530266666667,4,264.96325666666667,1,2024-12-04 12:35:36.282458+00:00,2024-12-07 21:36:55.324689+00:00,0.0,0.0,999.0,0.0,1.0,5.0,0,False,0,0
971-1991-1521-1971-153,0.54646726,1.0,0.54646726,2025-03-12 12:43:59.954740+00:00,2025-03-12 12:43:59.954740+00:00,1.0,75656.0,2.0,37828.0,2025-03-12 13:01:53.812465+00:00,2025-03-12 13:01:59.386206+00:00,1.0,150.81672666666665,1,150.81672666666665,1,2024-12-06 13:35:04.486640+00:00,2024-12-06 13:35:04.486640+00:00,7.223052500793064e-06,138445.62252457722,0.29829381250000003,413977.3899720909,2.0,4.0,0,False,0,0
971-1991-1521-1981-151,0.0,0.0,0.0,0,0,0.0,248750.0,3.0,82916.66666666667,2025-01-17 17:16:01.711107+00:00,2025-01-18 12:56:00.720455+00:00,1.0,51.763400000000004,1,51.763400000000004,1,2024-12-08 17:31:00.781334+00:00,2024-12-08 17:31:00.781334+00:00,0.0,0.0,999.0,0.0,1.0,4.0,0,False,0,0
971-1991-1521-1981-155,37.44,3.0,12.479999999999999,2025-01-17 16:01:28.249308+00:00,2025-03-12 14:03:55.842304+00:00,1.0,60292.0,3.0,20097.333333333332,2025-01-17 16:21:35.805852+00:00,2025-03-12 14:18:44.255117+00:00,1.0,10.411073333333334,1,10.411073333333334,1,2024-12-03 02:16:23.933075+00:00,2024-12-03 02:16:23.933075+00:00,0.0006209779075167517,1610.363247863248,0.33543237333333337,417.1103098290599,2.0,7.0,0,False,0,0
981-11001-1521-1561-1101,0.00859712,1.0,0.00859712,2025-03-12 12:38:09.608221+00:00,2025-03-12 12:38:09.608221+00:00,1.0,0.0,0.0,0.0,0,0,0.0,5.736581848,4,1.434145462,3,2024-11-30 19:20:43.746948+00:00,2024-12-05 18:28:13.297469+00:00,999.0,0.0,999.0,1000901.787110102,1.0,5.0,0,True,0,0
981-11001-1521-1561-151,126.0,1.0,126.0,2025-01-18 01:31:42.964306+00:00,2025-01-18 01:31:42.964306+00:00,1.0,118500.0,5.0,23700.0,2025-01-17 18:43:16.782481+00:00,2025-03-12 13:27:19.439193+00:00,1.0,10.214266666666667,1,10.214266666666667,1,2025-03-11 18:42:24.369333+00:00,2025-03-11 18:42:24.369333+00:00,0.0010632911392405063,940.4761904761905,-6.807272729166667,121.5984126984127,2.0,7.0,0,False,0,0
981-11001-1521-1571-148,0.0,0.0,0.0,0,0,0.0,9100.0,2.0,4550.0,2025-01-17 18:52:55.001950+00:00,2025-01-17 19:03:36.540216+00:00,1.0,1.4286866666666667,2,0.7143433333333333,2,2024-11-29 11:30:06.159221+00:00,2024-12-03 02:03:43.083264+00:00,0.0,0.0,999.0,0.0,1.0,4.0,0,True,0,0
981-11011-1521-1571-150,0.0,0.0,0.0,0,0,0.0,80305.0,5.0,16061.0,2025-01-17 16:40:41.952367+00:00,2025-03-12 12:46:56.724681+00:00,1.0,27.165953333333334,2,13.582976666666667,1,2024-11-29 12:22:28.070396+00:00,2024-12-03 18:09:07.701210+00:00,0.0,0.0,999.0,0.0,1.0,7.0,0,True,0,0
981-11011-1521-1971-148,0.00067389,1.0,0.00067389,2025-01-17 16:31:40.607973+00:00,2025-01-17 16:31:40.607973+00:00,1.0,94900.0,2.0,47450.0,2025-01-17 16:33:00.060099+00:00,2025-01-17 16:33:04.991974+00:00,1.0,743.4349733333335,5,148.6869946666667,1,2024-11-27 21:42:45.905400+00:00,2024-12-08 17:23:07.017411+00:00,7.101053740779768e-09,140824170.11678463,0.022070035000000002,1654798943.4477441,2.0,8.0,0,False,0,0
981-11011-1521-1971-155,0.0639,1.0,0.0639,2025-01-18 11:42:14.657494+00:00,2025-01-18 11:42:14.657494+00:00,1.0,139700.0,1.0,139700.0,2025-01-18 12:05:42.036455+00:00,2025-01-18 12:05:42.036455+00:00,1.0,35.27404,1,35.27404,1,2024-12-08 17:26:04.369954+00:00,2024-12-08 17:26:04.369954+00:00,4.574087329992842e-07,2186228.48200313,0.39093860027777777,828029.1079812207,2.0,3.0,0,False,0,0
981-11011-1521-1981-153,0.02047181,3.0,0.006823936666666666,2025-01-17 20:26:32.119921+00:00,2025-01-18 11:37:57.075569+00:00,1.0,0.0,0.0,0.0,0,0,0.0,12.68726,1,12.68726,1,2024-12-04 12:03:30.598077+00:00,2024-12-04 12:03:30.598077+00:00,999.0,0.0,999.0,929614.4307708992,1.0,4.0,0,False,0,0
981-11021-1521-1561-150,0.0,0.0,0.0,0,0,0.0,55000.0,2.0,27500.0,2025-01-17 19:15:33.277788+00:00,2025-01-18 08:46:50.471616+00:00,1.0,20.0,1,20.0,1,2024-12-09 12:24:22.961719+00:00,2024-12-09 12:24:22.961719+00:00,0.0,0.0,999.0,0.0,1.0,3.0,0,False,0,0
981-11021-1521-1571-151,650.00010661,2.0,325.000053305,2025-01-18 11:13:34.039760+00:00,2025-01-18 12:37:31.614171+00:00,2.0,17400.0,1.0,17400.0,2025-01-18 11:20:26.371188+00:00,2025-01-18 11:20:26.371188+00:00,1.0,13.1163,1,13.1163,1,2024-12-05 18:07:57.689024+00:00,2024-12-05 18:07:57.689024+00:00,0.03735632796609195,26.76922637866581,0.11453650777777778,30.268379650904688,3.0,4.0,0,False,0,0
981-11021-1521-1571-154,0.0042236999999999995,3.0,0.0014079,2025-01-18 07:13:31.551320+00:00,2025-03-12 17:37:27.908139+00:00,1.0,610224.0,11.0,55474.90909090909,2025-01-18 08:00:51.137690+00:00,2025-03-12 17:33:52.876942+00:00,1.0,308.7159266666667,1,308.7159266666667,1,2024-12-10 13:27:51.229124+00:00,2024-12-10 13:27:51.229124+00:00,6.921556674270431e-09,144476170.1825414,0.7887739916666666,109637022.04228522,2.0,15.0,0,False,0,0
981-11021-1521-1971-1100,0.00132272,1.0,0.00132272,2025-01-18 01:47:05.084067+00:00,2025-01-18 01:47:05.084067+00:00,1.0,74003.0,2.0,37001.5,2025-01-18 01:02:02.114431+00:00,2025-01-18 02:03:37.562341+00:00,1.0,102.64801333333334,6,17.108002222222222,2,2024-12-03 18:06:10.156260+00:00,2024-12-09 22:36:54.992635+00:00,1.7873869978244128e-08,55947592.83899842,-0.7508248988888888,116405603.60469337,2.0,9.0,0,True,0,0
981-11021-1521-1971-1101,50.0,1.0,50.0,2025-01-17 17:37:37.460052+00:00,2025-01-17 17:37:37.460052+00:00,1.0,0.0,0.0,0.0,0,0,0.0,23.67386666666667,1,23.67386666666667,1,2024-11-30 05:34:49.114007+00:00,2024-11-30 05:34:49.114007+00:00,999.0,0.0,999.0,710.2160000000001,1.0,2.0,0,False,0,0
981-11021-1521-1971-148,0.0,0.0,0.0,0,0,0.0,19897.0,2.0,9948.5,2025-01-17 14:45:08.604770+00:00,2025-01-18 09:40:53.301624+00:00,1.0,7.918426666666667,3,2.639475555555556,1,2024-11-27 21:39:25.530616+00:00,2024-12-07 21:17:27.952080+00:00,0.0,0.0,999.0,0.0,1.0,5.0,0,True,0,0
981-11021-1521-1971-156,0.0,0.0,0.0,0,0,0.0,460000.0,4.0,115000.0,2025-01-17 18:12:00.962073+00:00,2025-01-18 02:36:57.321408+00:00,1.0,54.68098,1,54.68098,1,2024-12-03 01:18:07.714275+00:00,2024-12-03 01:18:07.714275+00:00,0.0,0.0,999.0,0.0,1.0,5.0,0,False,0,0
981-11021-1521-1981-155,0.0,0.0,0.0,0,0,0.0,21958.0,2.0,10979.0,2025-01-17 18:20:07.024282+00:00,2025-01-18 09:24:22.215139+00:00,1.0,25.941013333333334,2,12.970506666666667,1,2024-12-05 05:30:23.852353+00:00,2024-12-07 07:45:59.209871+00:00,0.0,0.0,999.0,0.0,1.0,4.0,0,True,0,0
981-1481-1521-1561-151,0.0,0.0,0.0,0,0,0.0,269000.0,5.0,53800.0,2025-01-17 17:26:48.468192+00:00,2025-04-01 12:34:34.635602+00:00,1.0,147.32599333333334,3,49.10866444444445,1,2024-11-28 16:33:56.202177+00:00,2025-03-11 14:34:00.537960+00:00,0.0,0.0,999.0,0.0,1.0,8.0,0,True,0,0
981-1481-1521-1561-153,0.00023674,1.0,0.00023674,2025-01-17 20:30:34.468458+00:00,2025-01-17 20:30:34.468458+00:00,1.0,300000.0,2.0,150000.0,2025-01-17 15:29:28.462907+00:00,2025-01-18 13:03:11.933377+00:00,1.0,393.90957333333336,3,131.30319111111112,2,2024-12-03 03:33:00.277214+00:00,2024-12-09 23:06:28.080153+00:00,7.891333333333333e-10,1267212976.260877,-5.018334875277778,2495836614.0069275,2.0,6.0,0,True,0,0
981-1481-1521-1971-1100,0.00479356,4.0,0.00119839,2025-01-17 15:07:03.045175+00:00,2025-01-18 11:13:58.030226+00:00,1.0,883315.0,5.0,176663.0,2025-01-17 15:14:25.627724+00:00,2025-01-18 06:03:02.634005+00:00,1.0,25.80524,2,12.90262,1,2024-12-03 04:17:47.299288+00:00,2024-12-04 12:22:14.189659+00:00,5.426784329486083e-09,184271188.84503376,0.12293959694444444,8074971.419988485,2.0,11.0,0,True,0,0
981-1481-1521-1971-152,0.00424471,1.0,0.00424471,2025-01-17 20:06:47.068158+00:00,2025-01-17 20:06:47.068158+00:00,1.0,120000.0,2.0,60000.0,2025-01-17 18:21:11.373295+00:00,2025-01-17 19:56:26.266411+00:00,1.0,112.44866666666667,2,56.224333333333334,1,2024-11-29 11:27:55.898886+00:00,2024-11-29 11:28:24.952067+00:00,3.537258333333333e-08,28270482.553578455,-1.7599152397222222,39737225.864664495,2.0,5.0,0,True,0,0
981-1501-1521-1571-1100,0.0,0.0,0.0,0,0,0.0,4060.0,2.0,2030.0,2025-01-17 19:08:32.928845+00:00,2025-01-18 12:46:07.386645+00:00,1.0,28.061100000000003,5,5.612220000000001,1,2024-11-30 05:53:07.383542+00:00,2024-12-11 11:14:53.411406+00:00,0.0,0.0,999.0,0.0,1.0,7.0,0,True,0,0
981-1501-1521-1571-148,0.0006761,1.0,0.0006761,2025-01-18 13:01:01.029422+00:00,2025-01-18 13:01:01.029422+00:00,1.0,230000.0,4.0,57500.0,2025-01-17 15:44:56.923793+00:00,2025-03-12 12:02:06.673928+00:00,1.0,44.06828,1,44.06828,1,2024-11-28 15:57:14.127529+00:00,2024-11-28 15:57:14.127529+00:00,2.939565217391304e-09,340186362.9640586,-21.267807119166665,97770181.92575063,2.0,6.0,0,False,0,0
981-1501-1521-1571-150,0.0,0.0,0.0,0,0,0.0,122800.0,4.0,30700.0,2025-01-17 18:17:13.508423+00:00,2025-01-17 21:52:29.408514+00:00,1.0,33.661186666666666,1,33.661186666666666,1,2024-12-07 21:05:32.893638+00:00,2024-12-07 21:05:32.893638+00:00,0.0,0.0,999.0,0.0,1.0,5.0,0,False,0,0
981-1501-1521-1571-197,1052.9166139,3.0,350.9722046333333,2025-01-18 09:23:53.161101+00:00,2025-03-12 17:08:53.964258+00:00,1.0,345346.0,3.0,115115.33333333333,2025-01-18 10:24:07.255058+00:00,2025-03-12 23:44:41.289460+00:00,1.0,253.29523333333333,2,126.64761666666666,1,2024-12-01 15:55:05.083578+00:00,2024-12-03 18:10:07.005037+00:00,0.003048874502383117,327.98988584750265,1.0039149880555556,360.84799592314613,2.0,8.0,0,True,0,0
981-1501-1521-1971-148,24000.00044798,2.0,12000.00022399,2025-01-17 18:56:17.296189+00:00,2025-03-12 13:31:11.674073+00:00,2.0,75573.11,2.0,37786.555,2025-01-17 19:56:35.813062+00:00,2025-03-12 13:39:48.335122+00:00,2.0,251.60418666666666,4,62.901046666666666,2,2024-12-03 01:57:58.595205+00:00,2024-12-08 17:46:52.317345+00:00,0.3175732803371464,3.148879524556873,1.0051435758333334,15.725261373141558,4.0,8.0,0,True,0,0
981-1501-1521-1971-151,0.0,0.0,0.0,0,0,0.0,29000.0,4.0,7250.0,2025-01-17 19:43:47.003237+00:00,2025-01-18 07:11:53.378434+00:00,1.0,2.54718,1,2.54718,1,2025-07-18 16:31:16.533029+00:00,2025-07-18 16:31:16.533029+00:00,0.0,0.0,999.0,0.0,1.0,5.0,0,False,0,0
981-1501-1521-1981-1102,0.0,0.0,0.0,0,0,0.0,10167.0,1.0,10167.0,2025-01-18 11:12:57.236441+00:00,2025-01-18 11:12:57.236441+00:00,1.0,433.48061333333334,1,433.48061333333334,1,2024-12-09 12:02:52.218534+00:00,2024-12-09 12:02:52.218534+00:00,0.0,0.0,999.0,0.0,1.0,2.0,0,False,0,0
981-1501-1521-1981-148,0.0,0.0,0.0,0,0,0.0,35448.0,1.0,35448.0,2025-04-01 12:00:05.121859+00:00,2025-04-01 12:00:05.121859+00:00,1.0,4.698193333333333,1,4.698193333333333,1,2024-12-03 00:52:31.191774+00:00,2024-12-03 00:52:31.191774+00:00,0.0,0.0,999.0,0.0,1.0,2.0,0,False,0,0
981-1501-1521-1981-149,50000.0,1.0,50000.0,2025-03-12 16:30:37.880961+00:00,2025-03-12 16:30:37.880961+00:00,1.0,96212.0,1.0,96212.0,2025-01-18 11:05:42.830209+00:00,2025-01-18 11:05:42.830209+00:00,1.0,134.55948,1,134.55948,1,2024-11-27 20:44:42.512284+00:00,2024-11-27 20:44:42.512284+00:00,0.519685694092213,1.92424,-1277.4152918755556,4.0367844,2.0,3.0,0,False,0,0
981-1501-1521-1981-198,0.00184738,2.0,0.00092369,2025-01-17 19:45:10.265150+00:00,2025-01-18 12:31:05.458363+00:00,1.0,311000.0,2.0,155500.0,2025-01-17 19:52:41.232173+00:00,2025-01-18 12:34:40.561614+00:00,1.0,53.48612666666667,1,53.48612666666667,1,2024-12-01 16:15:46.871407+00:00,2024-12-01 16:15:46.871407+00:00,5.940128617363344e-09,168346523.18418518,0.12526861749999998,43428634.06554147,2.0,5.0,0,False,0,0
981-1511-1521-1561-1101,0.0,0.0,0.0,0,0,0.0,5100.0,1.0,5100.0,2025-01-17 18:50:07.181367+00:00,2025-01-17 18:50:07.181367+00:00,1.0,6.535944,1,6.535944,1,2024-11-28 16:05:56.011963+00:00,2024-11-28 16:05:56.011963+00:00,0.0,0.0,999.0,0.0,1.0,2.0,0,False,0,0
981-1511-1521-1571-153,0.0,0.0,0.0,0,0,0.0,10000.0,1.0,10000.0,2025-01-17 19:00:20.820212+00:00,2025-01-17 19:00:20.820212+00:00,1.0,95.69246,1,95.69246,1,2024-12-04 12:27:31.091463+00:00,2024-12-04 12:27:31.091463+00:00,0.0,0.0,999.0,0.0,1.0,2.0,0,False,0,0
981-1511-1521-1981-1102,0.0,0.0,0.0,0,0,0.0,21000.0,1.0,21000.0,2025-03-12 12:56:20.108827+00:00,2025-03-12 12:56:20.108827+00:00,1.0,124.56691333333333,2,62.283456666666666,1,2024-11-29 11:34:11.128842+00:00,2024-12-03 17:59:19.176355+00:00,0.0,0.0,999.0,0.0,1.0,3.0,0,True,0,0
981-1511-1521-1981-149,382.818508,2.0,191.409254,2025-01-17 14:44:51.970361+00:00,2025-01-17 22:58:58.325456+00:00,1.0,22800.0,1.0,22800.0,2025-01-17 16:05:10.162526+00:00,2025-01-17 16:05:10.162526+00:00,1.0,312.9432266666667,6,52.15720444444445,1,2024-12-03 18:02:36.611756+00:00,2024-12-11 11:13:57.545025+00:00,0.01679028543859649,59.55824894443191,1.3383867125000002,1226.2072762688895,2.0,9.0,0,True,0,0
981-1521-1521-1561-157,0.06657789,1.0,0.06657789,2025-01-18 08:08:53.589405+00:00,2025-01-18 08:08:53.589405+00:00,1.0,90286.0,2.0,45143.0,2025-01-17 14:51:42.033165+00:00,2025-01-18 08:52:17.589921+00:00,1.0,20.997586666666667,1,20.997586666666667,1,2024-12-07 08:02:43.037215+00:00,2024-12-07 08:02:43.037215+00:00,7.374110050284651e-07,1356095.845032037,-17.2865434,473075.6712175769,2.0,4.0,0,False,0,0
981-1521-1521-1561-198,0.0,0.0,0.0,0,0,0.0,332808.0,1.0,332808.0,2025-03-12 11:22:40.558414+00:00,2025-03-12 11:22:40.558414+00:00,1.0,751.81612,1,751.81612,1,2024-11-27 21:11:21.917529+00:00,2024-11-27 21:11:21.917529+00:00,0.0,0.0,999.0,0.0,1.0,2.0,0,False,0,0
981-1521-1521-1981-1100,0.0,0.0,0.0,0,0,0.0,20000.0,1.0,20000.0,2025-01-18 05:57:26.015865+00:00,2025-01-18 05:57:26.015865+00:00,1.0,105.5085,1,105.5085,1,2024-12-05 04:37:34.754679+00:00,2024-12-05 04:37:34.754679+00:00,0.0,0.0,999.0,0.0,1.0,2.0,0,False,0,0
981-1521-1521-1981-153,0.26695071,4.0,0.0667376775,2025-01-18 06:58:39.761380+00:00,2025-03-12 17:15:56.340031+00:00,1.0,1023100.0,3.0,341033.3333333333,2025-01-18 08:18:43.988364+00:00,2025-03-12 14:15:23.303717+00:00,1.0,677.8995333333334,1,677.8995333333334,1,2024-12-03 18:09:18.877452+00:00,2024-12-03 18:09:18.877452+00:00,2.609233799237611e-07,3832542.7192158434,1.3345074955555556,3809127.5351917963,2.0,8.0,0,False,0,0
981-1531-1521-1571-154,0.13337265,3.0,0.044457550000000005,2025-01-17 15:15:18.530255+00:00,2025-03-12 11:29:19.226757+00:00,2.0,888987.0,11.0,80817.0,2025-01-17 15:45:32.048397+00:00,2025-03-12 12:41:46.365643+00:00,1.0,502.13996000000003,3,167.37998666666667,2,2024-12-02 11:24:25.104635+00:00,2024-12-09 11:59:46.335773+00:00,1.50027671945709e-07,6665437.029255997,0.5037550394444444,5647409.2701914525,3.0,17.0,0,False,0,0
981-1531-1521-1971-149,56.0,2.0,28.0,2025-01-18 05:51:29.326644+00:00,2025-01-18 11:15:22.842368+00:00,1.0,7345.0,1.0,7345.0,2025-01-18 07:53:33.186195+00:00,2025-01-18 07:53:33.186195+00:00,1.0,7.455360000000001,1,7.455360000000001,1,2024-12-04 12:49:16.042876+00:00,2024-12-04 12:49:16.042876+00:00,0.007624234172906739,131.16071428571428,2.034405430833333,199.69714285714286,2.0,4.0,0,False,0,0
981-1531-1521-1981-151,40150.0,1.0,40150.0,2025-01-18 03:47:34.578895+00:00,2025-01-18 03:47:34.578895+00:00,1.0,20.0,1.0,20.0,2025-01-18 03:58:06.820947+00:00,2025-01-18 03:58:06.820947+00:00,1.0,197.81384666666668,3,65.9379488888889,1,2024-12-03 02:54:00.102998+00:00,2024-12-10 00:02:13.765968+00:00,2007.5,0.00049813200498132,0.1756227922222222,7.390305603985056,2.0,5.0,0,True,0,0
981-1531-1521-1981-198,89.8,1.0,89.8,2025-03-12 12:55:31.919961+00:00,2025-03-12 12:55:31.919961+00:00,1.0,80245.0,5.0,16049.0,2025-01-17 18:23:31.796960+00:00,2025-03-12 14:32:40.713779+00:00,1.0,128.46064,2,64.23032,1,2024-12-10 13:49:31.997635+00:00,2024-12-11 07:47:14.425471+00:00,0.001119072839429248,893.5968819599109,-1290.5333675002778,2145.7790645879736,2.0,8.0,0,True,0,0
981-1541-1521-1561-1102,0.0,0.0,0.0,0,0,0.0,20500.0,1.0,20500.0,2025-01-18 10:06:44.699641+00:00,2025-01-18 10:06:44.699641+00:00,1.0,11.909333333333333,3,3.9697777777777774,2,2024-11-28 16:20:11.790275+00:00,2024-12-09 12:12:09.693177+00:00,0.0,0.0,999.0,0.0,1.0,4.0,0,True,0,0
981-1541-1521-1561-152,0.0,0.0,0.0,0,0,0.0,60100.0,2.0,30050.0,2025-01-18 11:03:06.310268+00:00,2025-03-12 11:22:19.013498+00:00,1.0,194.91848666666667,3,64.97282888888888,1,2024-11-29 11:39:57.055515+00:00,2024-12-07 21:09:48.370783+00:00,0.0,0.0,999.0,0.0,1.0,5.0,0,True,0,0
981-1541-1521-1571-153,0.00354,1.0,0.00354,2025-01-18 01:08:49.989766+00:00,2025-01-18 01:08:49.989766+00:00,1.0,98.0,1.0,98.0,2025-03-12 15:35:26.599335+00:00,2025-03-12 15:35:26.599335+00:00,1.0,200.22,1,200.22,1,2024-12-01 16:08:09.234351+00:00,2024-12-01 16:08:09.234351+00:00,3.612244897959184e-05,27683.615819209037,1286.4435026580556,84838983.05084744,2.0,3.0,0,False,0,0
981-1541-1521-1971-1100,0.00296833,1.0,0.00296833,2025-01-17 17:54:46.599090+00:00,2025-01-17 17:54:46.599090+00:00,1.0,400000.0,1.0,400000.0,2025-01-17 19:19:02.252986+00:00,2025-01-17 19:19:02.252986+00:00,1.0,28.83348,1,28.83348,1,2024-12-06 13:22:14.180994+00:00,2024-12-06 13:22:14.180994+00:00,7.4208249999999995e-09,134755906.51982766,1.4043483044444445,14570556.508204952,2.0,3.0,0,False,0,0
981-1541-1521-1971-156,35.71617,1.0,35.71617,2025-03-12 13:30:28.256263+00:00,2025-03-12 13:30:28.256263+00:00,1.0,92900.0,3.0,30966.666666666668,2025-03-12 11:35:33.025956+00:00,2025-05-08 15:14:22.895626+00:00,1.0,196.62485333333333,2,98.31242666666667,1,2024-12-08 17:28:42.800008+00:00,2024-12-08 17:33:55.374154+00:00,0.0003844582346609257,2601.0627679283643,-1.9153417519444444,8257.808158041582,2.0,6.0,0,True,0,0
981-1541-1521-1981-151,0.0,0.0,0.0,0,0,0.0,25000.0,1.0,25000.0,2025-01-17 17:30:53.986109+00:00,2025-01-17 17:30:53.986109+00:00,1.0,26.54912,1,26.54912,1,2024-12-11 11:05:55.561721+00:00,2024-12-11 11:05:55.561721+00:00,0.0,0.0,999.0,0.0,1.0,2.0,0,False,0,0
981-1541-1521-1981-154,52.5,4.0,13.125,2025-01-17 15:43:31.169487+00:00,2025-03-12 13:47:43.549512+00:00,1.0,97449.0,6.0,16241.5,2025-01-17 15:50:45.212581+00:00,2025-03-12 15:04:57.038509+00:00,1.0,12.25696,1,12.25696,1,2025-03-11 14:11:13.361612+00:00,2025-03-11 14:11:13.361612+00:00,0.0005387433426715512,1856.1714285714286,0.12056752611111111,350.1988571428571,2.0,11.0,0,False,0,0
981-1541-1521-1981-155,0.0,0.0,0.0,0,0,0.0,88000.0,4.0,22000.0,2025-01-17 16:58:07.211404+00:00,2025-01-18 12:13:27.224728+00:00,1.0,35.77036666666666,4,8.942591666666665,1,2024-11-30 05:37:55.450266+00:00,2024-12-03 18:04:14.125405+00:00,0.0,0.0,999.0,0.0,1.0,8.0,0,True,0,0
981-1541-1521-1981-198,3.48,1.0,3.48,2025-03-12 15:45:48.447200+00:00,2025-03-12 15:45:48.447200+00:00,1.0,0.0,0.0,0.0,0,0,0.0,1569.5931066666667,3,523.1977022222222,1,2024-11-29 11:37:29.153927+00:00,2024-12-08 17:45:27.880494+00:00,999.0,0.0,999.0,676548.7528735632,1.0,4.0,0,False,0,0
981-1551-1521-1561-151,0.8,1.0,0.8,2025-01-18 08:16:12.477115+00:00,2025-01-18 08:16:12.477115+00:00,1.0,6813.0,1.0,6813.0,2025-01-18 08:26:03.940383+00:00,2025-01-18 08:26:03.940383+00:00,1.0,267.66524,1,267.66524,1,2024-11-28 16:41:49.211831+00:00,2024-11-28 16:41:49.211831+00:00,0.0001174225744899457,8516.25,0.16429535222222222,501872.32499999995,2.0,3.0,0,False,0,0
981-1551-1521-1561-197,0.00767558,1.0,0.00767558,2025-01-18 11:20:07.641795+00:00,2025-01-18 11:20:07.641795+00:00,1.0,0.0,0.0,0.0,0,0,0.0,9.604646666666666,1,9.604646666666666,1,2024-12-07 08:09:15.232546+00:00,2024-12-07 08:09:15.232546+00:00,999.0,0.0,999.0,1876987.7976648016,1.0,2.0,0,False,0,0
981-1551-1521-1561-198,0.0,0.0,0.0,0,0,0.0,10000.0,1.0,10000.0,2025-01-17 16:42:13.938999+00:00,2025-01-17 16:42:13.938999+00:00,1.0,6.219919999999999,1,6.219919999999999,1,2025-03-11 14:16:45.020868+00:00,2025-03-11 14:16:45.020868+00:00,0.0,0.0,999.0,0.0,1.0,2.0,0,False,0,0
981-1551-1521-1571-156,0.0,0.0,0.0,0,0,0.0,77103.0,3.0,25701.0,2025-01-17 21:34:07.348233+00:00,2025-01-18 13:00:08.425334+00:00,1.0,38.32217333333333,1,38.32217333333333,1,2025-03-11 14:12:12.822874+00:00,2025-03-11 14:12:12.822874+00:00,0.0,0.0,999.0,0.0,1.0,4.0,0,False,0,0
981-1561-1521-1561-150,0.0,0.0,0.0,0,0,0.0,66150.0,9.0,7350.0,2025-01-17 16:16:15.458820+00:00,2025-01-18 10:36:29.621587+00:00,1.0,3.3297866666666667,1,3.3297866666666667,1,2024-12-10 20:10:42.417833+00:00,2024-12-10 20:10:42.417833+00:00,0.0,0.0,999.0,0.0,1.0,10.0,0,False,0,0
981-1561-1521-1561-151,0.01119348,1.0,0.01119348,2025-01-18 13:00:46.892966+00:00,2025-01-18 13:00:46.892966+00:00,1.0,1035039.0,1.0,1035039.0,2025-03-12 12:03:02.277012+00:00,2025-03-12 12:03:02.277012+00:00,1.0,258.4209466666667,1,258.4209466666667,1,2025-03-11 18:42:30.537630+00:00,2025-03-11 18:42:30.537630+00:00,1.0814549016993563e-08,92468026.02943856,1271.0376066794445,34630107.88423261,2.0,3.0,0,False,0,0
981-1561-1521-1561-199,0.0,0.0,0.0,0,0,0.0,5000.0,1.0,5000.0,2025-01-18 02:15:24.610906+00:00,2025-01-18 02:15:24.610906+00:00,1.0,34.9292,1,34.9292,1,2024-12-02 11:20:43.299571+00:00,2024-12-02 11:20:43.299571+00:00,0.0,0.0,999.0,0.0,1.0,2.0,0,False,0,0
981-1561-1521-1571-154,14.0242,1.0,14.0242,2025-01-18 02:12:59.295449+00:00,2025-01-18 02:12:59.295449+00:00,1.0,0.0,0.0,0.0,0,0,0.0,36.94837333333333,1,36.94837333333333,1,2024-12-06 13:18:14.734578+00:00,2024-12-06 13:18:14.734578+00:00,999.0,0.0,999.0,3951.9231043481973,1.0,2.0,0,False,0,0
981-1561-1521-1971-156,0.00026065,1.0,0.00026065,2025-01-18 12:43:15.473359+00:00,2025-01-18 12:43:15.473359+00:00,1.0,43200.0,1.0,43200.0,2025-01-18 13:08:03.159520+00:00,2025-01-18 13:08:03.159520+00:00,1.0,48.19408,2,24.09704,1,2024-11-27 21:51:17.091795+00:00,2024-12-05 17:46:13.451325+00:00,6.033564814814815e-09,165739497.41032034,0.41324615583333335,277349395.7414157,2.0,4.0,0,True,0,0
981-1561-1521-1981-154,0.00014491,1.0,0.00014491,2025-01-18 12:13:24.864688+00:00,2025-01-18 12:13:24.864688+00:00,1.0,69802.0,3.0,23267.333333333332,2025-03-12 14:40:54.095634+00:00,2025-03-12 16:40:17.723126+00:00,1.0,73.27753333333334,6,12.212922222222224,1,2024-11-27 21:13:45.220650+00:00,2024-12-07 21:06:47.477637+00:00,2.07601501389645e-09,481692084.74225384,1274.458119707222,758514250.2242773,2.0,10.0,0,True,0,0
981-1561-1521-1981-157,0.07933856,1.0,0.07933856,2025-01-18 10:12:56.395813+00:00,2025-01-18 10:12:56.395813+00:00,1.0,30581.0,1.0,30581.0,2025-01-18 10:31:21.750873+00:00,2025-01-18 10:31:21.750873+00:00,1.0,8.74978,1,8.74978,1,2024-12-03 18:09:34.020595+00:00,2024-12-03 18:09:34.020595+00:00,2.59437428468657e-06,385449.3956028443,0.30704307222222227,165426.11814482135,2.0,3.0,0,False,0,0
981-1571-1521-1571-150,0.01530676,2.0,0.00765338,2025-01-18 01:52:41.124038+00:00,2025-01-18 05:24:23.894213+00:00,1.0,83200.0,3.0,27733.333333333332,2025-01-18 02:01:52.563552+00:00,2025-01-18 05:46:58.992462+00:00,1.0,11.426606666666666,1,11.426606666666666,1,2024-12-09 22:58:32.960515+00:00,2024-12-09 22:58:32.960515+00:00,1.8397548076923077e-07,5435506.926351494,0.1531776427777778,1119760.8115629954,2.0,6.0,0,False,0,0
981-1571-1521-1571-152,0.037599,2.0,0.0187995,2025-01-17 18:46:34.091334+00:00,2025-01-18 11:58:51.740451+00:00,1.0,28876.0,3.0,9625.333333333334,2025-01-17 18:51:39.217321+00:00,2025-03-12 16:26:37.105386+00:00,1.0,10.152506666666667,1,10.152506666666667,1,2024-12-03 18:18:38.981121+00:00,2024-12-03 18:18:38.981121+00:00,1.302084776284804e-06,767999.1489135349,0.08475721861111112,405030.9848666188,2.0,6.0,0,False,0,0
981-1571-1521-1571-157,0.0,0.0,0.0,0,0,0.0,491600.0,2.0,245800.0,2025-01-17 16:57:19.479956+00:00,2025-01-18 07:57:54.870185+00:00,1.0,239.29174,2,119.64587,2,2024-12-06 13:33:10.284698+00:00,2024-12-06 13:33:40.542986+00:00,0.0,0.0,999.0,0.0,1.0,4.0,0,True,0,0
981-1571-1521-1971-151,135.33966386,4.0,33.834915965,2025-01-17 14:58:52.364141+00:00,2025-03-12 14:40:01.312697+00:00,1.0,321930.0,10.0,32193.0,2025-01-17 15:26:12.194543+00:00,2025-03-12 15:33:26.043390+00:00,1.0,5.152653333333333,3,1.717551111111111,2,2024-12-01 16:48:25.783193+00:00,2024-12-07 21:16:11.791118+00:00,0.00042040090659460134,2378.6818351567317,0.45550844500000004,57.10801829680265,2.0,17.0,0,True,0,0
981-1571-1521-1981-152,0.00034784,1.0,0.00034784,2025-01-18 00:58:02.431740+00:00,2025-01-18 00:58:02.431740+00:00,1.0,58252.0,1.0,58252.0,2025-01-18 12:27:33.690914+00:00,2025-01-18 12:27:33.690914+00:00,1.0,238.77131999999997,1,238.77131999999997,1,2024-12-02 11:13:41.678458+00:00,2024-12-02 11:13:41.678458+00:00,5.971297122845567e-09,167467801.2879485,11.492016437222222,1029660131.0947562,2.0,3.0,0,False,0,0
981-1971-1521-1561-151,0.008,1.0,0.008,2025-01-17 16:45:37.400225+00:00,2025-01-17 16:45:37.400225+00:00,1.0,2850.0,1.0,2850.0,2025-01-17 16:55:01.815318+00:00,2025-01-17 16:55:01.815318+00:00,1.0,10.788693333333333,2,5.394346666666666,1,2024-12-05 17:46:33.819641+00:00,2024-12-10 20:18:07.436872+00:00,2.8070175438596493e-06,356250.0,0.15678197027777777,2022879.9999999998,2.0,4.0,0,True,0,0
981-1971-1521-1571-155,55.0,1.0,55.0,2025-03-12 16:13:00.541478+00:00,2025-03-12 16:13:00.541478+00:00,1.0,85228.0,1.0,85228.0,2025-03-12 16:27:32.338058+00:00,2025-03-12 16:27:32.338058+00:00,1.0,86.47794666666667,1,86.47794666666667,1,2024-12-02 11:27:37.348336+00:00,2024-12-02 11:27:37.348336+00:00,0.0006453278265358802,1549.6,0.24216571666666664,2358.4894545454545,2.0,3.0,0,False,0,0
981-1971-1521-1981-1100,0.00121348,1.0,0.00121348,2025-01-17 22:12:26.983381+00:00,2025-01-17 22:12:26.983381+00:00,1.0,125009.0,3.0,41669.666666666664,2025-01-17 19:46:14.995518+00:00,2025-03-12 14:34:12.996890+00:00,1.0,43.25288,3,14.417626666666665,1,2024-12-05 18:20:40.266475+00:00,2024-12-09 12:02:44.178381+00:00,9.70714108584182e-09,103016943.00688927,-2.436663295277778,53465504.16982562,2.0,7.0,0,True,0,0
981-1971-1521-1981-199,0.18,3.0,0.06,2025-01-17 15:36:01.105149+00:00,2025-03-12 13:39:00.408823+00:00,1.0,48233.0,4.0,12058.25,2025-01-17 15:36:23.402252+00:00,2025-04-01 12:24:10.717292+00:00,1.0,178.0062,3,59.3354,1,2024-12-01 16:49:57.108451+00:00,2024-12-10 13:34:02.009094+00:00,3.7318848091555572e-06,267961.1111111111,0.006193639722222222,1483385.0000000002,2.0,10.0,0,True,0,0
981-1981-1521-1561-156,1.005,1.0,1.005,2025-03-12 17:16:02.678223+00:00,2025-03-12 17:16:02.678223+00:00,1.0,38000.0,1.0,38000.0,2025-03-12 17:36:12.992754+00:00,2025-03-12 17:36:12.992754+00:00,1.0,92.30673333333334,2,46.15336666666667,1,2024-12-04 12:15:43.787914+00:00,2024-12-10 19:59:15.016835+00:00,2.644736842105263e-05,37810.94527363184,0.3361984808333333,137771.24378109456,2.0,4.0,0,True,0,0
981-1981-1521-1571-1101,0.0,0.0,0.0,0,0,0.0,19966.0,3.0,6655.333333333333,2025-01-17 17:02:25.225099+00:00,2025-01-17 21:41:53.555222+00:00,1.0,4.656833333333333,2,2.3284166666666666,1,2024-12-02 10:59:09.895586+00:00,2024-12-06 12:56:41.437086+00:00,0.0,0.0,999.0,0.0,1.0,5.0,0,True,0,0
981-1981-1521-1571-155,0.0,0.0,0.0,0,0,0.0,8000.0,1.0,8000.0,2025-01-17 19:52:04.275005+00:00,2025-01-17 19:52:04.275005+00:00,1.0,15.444273333333332,3,5.1480911111111105,1,2024-11-30 04:29:27.830622+00:00,2024-12-07 08:10:05.114540+00:00,0.0,0.0,999.0,0.0,1.0,4.0,0,True,0,0
981-1981-1521-1981-1100,0.0,0.0,0.0,0,0,0.0,188300.0,8.0,23537.5,2025-01-17 21:13:04.514193+00:00,2025-01-18 10:41:12.800777+00:00,1.0,206.09724666666665,2,103.04862333333332,1,2024-12-02 11:41:08.058212+00:00,2024-12-06 12:56:53.939258+00:00,0.0,0.0,999.0,0.0,1.0,10.0,0,True,0,0
981-1981-1521-1981-1102,0.00090974,1.0,0.00090974,2025-01-18 02:53:43.143530+00:00,2025-01-18 02:53:43.143530+00:00,1.0,99788.0,5.0,19957.6,2025-01-18 08:12:39.309097+00:00,2025-01-18 11:59:55.818261+00:00,1.0,26.666453333333333,1,26.666453333333333,1,2024-12-09 12:03:22.934133+00:00,2024-12-09 12:03:22.934133+00:00,9.116727462219906e-09,109688482.42354958,5.315601546388889,43968254.66616835,2.0,7.0,0,False,0,0
981-1981-1521-1981-148,3089.149609,1.0,3089.149609,2025-01-17 14:49:10.769959+00:00,2025-01-17 14:49:10.769959+00:00,1.0,5059966.0,1.0,5059966.0,2025-01-17 15:46:52.701401+00:00,2025-01-17 15:46:52.701401+00:00,1.0,603.0157266666666,1,603.0157266666666,1,2024-11-27 20:44:23.047039+00:00,2024-11-27 20:44:23.047039+00:00,0.0006105079775239596,1637.9802341907227,0.9616476227777778,292.8066634794055,2.0,3.0,0,False,0,0
981-1981-1521-1981-198,0.0,0.0,0.0,0,0,0.0,44918.0,4.0,11229.5,2025-01-18 08:06:08.262957+00:00,2025-03-12 17:13:59.079043+00:00,1.0,9.048306666666667,2,4.5241533333333335,1,2024-11-30 19:24:17.212604+00:00,2024-12-03 17:57:10.284376+00:00,0.0,0.0,999.0,0.0,1.0,6.0,0,True,0,0
981-1991-1521-1571-1101,0.0,0.0,0.0,0,0,0.0,5000.0,1.0,5000.0,2025-01-18 07:31:18.982761+00:00,2025-01-18 07:31:18.982761+00:00,1.0,44.02337333333333,1,44.02337333333333,1,2024-11-28 16:04:28.260854+00:00,2024-11-28 16:04:28.260854+00:00,0.0,0.0,999.0,0.0,1.0,2.0,0,False,0,0
981-1991-1521-1981-151,0.0,0.0,0.0,0,0,0.0,69960.0,2.0,34980.0,2025-01-17 16:06:50.480826+00:00,2025-01-17 19:15:08.789626+00:00,1.0,70.01205999999999,1,70.01205999999999,1,2024-12-03 03:36:57.435145+00:00,2024-12-03 03:36:57.435145+00:00,0.0,0.0,999.0,0.0,1.0,3.0,0,False,0,0
991-11011-1521-1561-1100,0.00102,3.0,0.00034,2025-01-17 16:37:32.637986+00:00,2025-03-12 13:37:06.737305+00:00,1.0,111432.0,7.0,15918.857142857143,2025-01-17 15:28:36.566561+00:00,2025-03-12 14:31:55.739306+00:00,1.0,39.03728666666667,2,19.518643333333333,1,2024-11-30 18:57:29.615167+00:00,2024-12-01 16:44:44.252370+00:00,9.153564505707517e-09,109247058.8235294,-1.1489087291666666,57407774.50980391,2.0,12.0,0,True,0,0
991-11011-1521-1561-157,0.0,0.0,0.0,0,0,0.0,50250.0,3.0,16750.0,2025-01-17 17:31:58.148022+00:00,2025-01-18 09:58:46.821619+00:00,1.0,151.73267333333334,1,151.73267333333334,1,2024-12-07 07:33:37.458746+00:00,2024-12-07 07:33:37.458746+00:00,0.0,0.0,999.0,0.0,1.0,4.0,0,False,0,0
991-11011-1521-1571-155,0.0,0.0,0.0,0,0,0.0,5193.0,1.0,5193.0,2025-01-18 12:25:29.354615+00:00,2025-01-18 12:25:29.354615+00:00,1.0,6.670373333333333,1,6.670373333333333,1,2024-12-07 08:01:37.026591+00:00,2024-12-07 08:01:37.026591+00:00,0.0,0.0,999.0,0.0,1.0,2.0,0,False,0,0
991-11011-1521-1981-156,0.0,0.0,0.0,0,0,0.0,4700.0,1.0,4700.0,2025-01-17 17:40:20.742378+00:00,2025-01-17 17:40:20.742378+00:00,1.0,35.040639999999996,6,5.840106666666666,3,2024-12-05 04:15:39.377535+00:00,2024-12-05 05:57:10.026089+00:00,0.0,0.0,999.0,0.0,1.0,7.0,0,True,0,0
991-11011-1521-1981-198,0.0,0.0,0.0,0,0,0.0,196300.0,1.0,196300.0,2025-01-18 08:22:59.281516+00:00,2025-01-18 08:22:59.281516+00:00,1.0,103.22,1,103.22,1,2024-12-09 22:36:39.935275+00:00,2024-12-09 22:36:39.935275+00:00,0.0,0.0,999.0,0.0,1.0,2.0,0,False,0,0
991-11021-1521-1561-198,10.0,1.0,10.0,2025-01-18 12:22:39.597357+00:00,2025-01-18 12:22:39.597357+00:00,1.0,16364.0,1.0,16364.0,2025-01-18 12:49:20.254667+00:00,2025-01-18 12:49:20.254667+00:00,1.0,5.408446666666666,1,5.408446666666666,1,2024-11-30 18:57:34.457052+00:00,2024-11-30 18:57:34.457052+00:00,0.0006110975311659741,1636.4,0.4446270305555556,811.2669999999999,2.0,3.0,0,False,0,0
991-11021-1521-1971-154,51.870000000000005,2.0,25.935000000000002,2025-01-17 17:43:54.903905+00:00,2025-01-18 09:39:34.775376+00:00,1.0,63200.0,3.0,21066.666666666668,2025-01-17 17:54:44.713214+00:00,2025-01-18 11:24:24.115141+00:00,1.0,63.3356,1,63.3356,1,2024-12-09 12:40:09.457632+00:00,2024-12-09 12:40:09.457632+00:00,0.0008207278481012659,1218.4306921149025,0.18050258583333334,1831.5673799884325,2.0,6.0,0,False,0,0
991-1481-1521-1561-1100,0.00085222,1.0,0.00085222,2025-01-17 19:27:38.815731+00:00,2025-01-17 19:27:38.815731+00:00,1.0,90300.0,3.0,30100.0,2025-01-17 21:24:17.752639+00:00,2025-03-12 17:00:44.049799+00:00,1.0,65.9477,3,21.982566666666667,1,2024-11-30 06:17:23.284362+00:00,2024-12-03 02:49:49.468029+00:00,9.43765227021041e-09,105958555.3026214,1.944149141111111,116075133.18157282,2.0,7.0,0,True,0,0
991-1481-1521-1561-154,49.6,1.0,49.6,2025-01-18 10:22:13.345638+00:00,2025-01-18 10:22:13.345638+00:00,1.0,81700.0,2.0,40850.0,2025-01-18 10:47:10.713620+00:00,2025-01-18 11:31:48.665465+00:00,1.0,104.59011333333333,3,34.863371111111114,1,2024-11-28 16:14:42.072788+00:00,2024-12-04 12:15:34.492416+00:00,0.0006070991432068544,1647.1774193548388,0.41593555055555553,3163.0074596774193,2.0,6.0,0,True,0,0
991-1481-1521-1561-197,0.0,0.0,0.0,0,0,0.0,11118.0,2.0,5559.0,2025-01-18 05:22:23.585697+00:00,2025-03-12 17:34:19.756519+00:00,1.0,13.333333333333334,1,13.333333333333334,1,2025-07-18 16:33:00.347342+00:00,2025-07-18 16:33:00.347342+00:00,0.0,0.0,999.0,0.0,1.0,3.0,0,False,0,0
991-1481-1521-1561-198,0.0,0.0,0.0,0,0,0.0,21000.0,2.0,10500.0,2025-01-17 16:39:08.950698+00:00,2025-01-18 00:00:07.951350+00:00,1.0,3.95992,1,3.95992,1,2024-12-01 16:50:29.258073+00:00,2024-12-01 16:50:29.258073+00:00,0.0,0.0,999.0,0.0,1.0,3.0,0,False,0,0
991-1481-1521-1571-1102,4.06,1.0,4.06,2025-01-17 15:47:34.232014+00:00,2025-01-17 15:47:34.232014+00:00,1.0,20533.0,1.0,20533.0,2025-01-17 16:02:50.894926+00:00,2025-01-17 16:02:50.894926+00:00,1.0,90.72053333333332,1,90.72053333333332,1,2024-11-27 21:24:35.499023+00:00,2024-11-27 21:24:35.499023+00:00,0.00019773048263770513,5057.389162561577,0.25462858666666666,33517.43842364532,2.0,3.0,0,False,0,0
991-1481-1521-1971-156,7000.0285189999995,4.0,1750.0071297499999,2025-01-17 20:52:01.274129+00:00,2025-03-12 15:22:05.321914+00:00,2.0,107069.08,7.0,15295.582857142857,2025-01-17 15:28:02.572859+00:00,2025-01-18 12:41:38.380380+00:00,2.0,430.262979502,23,18.70708606530435,8,2024-11-30 18:44:59.729257+00:00,2024-12-10 20:21:45.711485+00:00,0.06537861835555138,15.2955205410071,-5.399639241666667,92.19883426206368,4.0,34.0,0,False,0,0
991-1491-1521-1561-197,0.0,0.0,0.0,0,0,0.0,100000.0,1.0,100000.0,2025-01-18 08:59:14.342113+00:00,2025-01-18 08:59:14.342113+00:00,1.0,954.4391866666667,1,954.4391866666667,1,2024-11-30 05:41:11.500180+00:00,2024-11-30 05:41:11.500180+00:00,0.0,0.0,999.0,0.0,1.0,2.0,0,False,0,0
991-1491-1521-1571-154,0.0,0.0,0.0,0,0,0.0,52484.0,1.0,52484.0,2025-01-18 05:00:10.124431+00:00,2025-01-18 05:00:10.124431+00:00,1.0,6.6668199999999995,1,6.6668199999999995,1,2024-11-30 19:20:09.619629+00:00,2024-11-30 19:20:09.619629+00:00,0.0,0.0,999.0,0.0,1.0,2.0,0,False,0,0
991-1491-1521-1571-198,0.00043641999999999997,2.0,0.00021820999999999999,2025-01-18 00:12:02.794255+00:00,2025-01-18 01:47:23.518972+00:00,1.0,72955.0,2.0,36477.5,2025-01-18 00:28:08.816308+00:00,2025-01-18 06:30:19.499052+00:00,1.0,77.70558666666668,1,77.70558666666668,1,2024-11-27 21:40:33.172103+00:00,2024-11-27 21:40:33.172103+00:00,5.982043725584264e-09,167166949.26905274,0.2683394591666667,267078456.53269795,2.0,5.0,0,False,0,0
991-1491-1521-1971-149,0.0,0.0,0.0,0,0,0.0,16859.0,1.0,16859.0,2025-01-18 01:00:05.208402+00:00,2025-01-18 01:00:05.208402+00:00,1.0,11.061666666666667,1,11.061666666666667,1,2024-12-11 11:09:29.169888+00:00,2024-12-11 11:09:29.169888+00:00,0.0,0.0,999.0,0.0,1.0,2.0,0,False,0,0
991-1491-1521-1971-151,0.00856,2.0,0.00428,2025-01-17 17:25:04.942839+00:00,2025-01-17 20:26:39.746305+00:00,1.0,1446165.0,2.0,723082.5,2025-01-17 17:40:12.785617+00:00,2025-01-17 20:30:43.582086+00:00,1.0,245.17993333333334,1,245.17993333333334,1,2024-11-30 04:46:15.190864+00:00,2024-11-30 04:46:15.190864+00:00,5.919103283511909e-09,168944509.34579438,0.25217854944444446,42963773.36448599,2.0,5.0,0,False,0,0
991-1491-1521-1971-152,98.974791,2.0,49.4873955,2025-01-17 18:47:52.773387+00:00,2025-03-12 17:45:20.248065+00:00,1.0,121661.0,6.0,20276.833333333332,2025-01-17 19:29:58.967312+00:00,2025-03-12 17:54:01.295888+00:00,1.0,32.35898,1,32.35898,1,2024-12-10 13:15:08.638755+00:00,2024-12-10 13:15:08.638755+00:00,0.0008135293232835501,1229.2119919707636,0.7017205347222222,490.4124526011882,2.0,9.0,0,False,0,0
991-1491-1521-1971-154,12752910.0,105.0,121456.28571428571,2025-01-17 14:46:18.350277+00:00,2025-03-12 17:17:19.039609+00:00,1.0,12274400.0,31.0,395948.3870967742,2025-01-17 14:56:29.820892+00:00,2025-03-12 17:36:33.390270+00:00,1.0,4.273373333333334,1,4.273373333333334,1,2024-11-29 12:00:09.265758+00:00,2024-11-29 12:00:09.265758+00:00,1.0389843902756957,0.9624783676823564,0.1698529486111111,0.0005026350848551429,2.0,137.0,1,False,0,0
991-1491-1521-1971-155,19.1927,1.0,19.1927,2025-01-17 16:58:38.435095+00:00,2025-01-17 16:58:38.435095+00:00,1.0,31419.0,1.0,31419.0,2025-01-17 17:07:02.649358+00:00,2025-01-17 17:07:02.649358+00:00,1.0,5.6398,1,5.6398,1,2024-11-28 16:16:55.556179+00:00,2024-11-28 16:16:55.556179+00:00,0.0006108628536872592,1637.028661939175,0.1400595175,440.776962074122,2.0,3.0,0,False,0,0
991-1491-1521-1971-197,0.0003505,1.0,0.0003505,2025-01-18 08:17:36.737793+00:00,2025-01-18 08:17:36.737793+00:00,1.0,406800.0,7.0,58114.28571428572,2025-01-17 16:43:47.401340+00:00,2025-03-12 16:26:25.543767+00:00,1.0,1399.2704733333333,1,1399.2704733333333,1,2024-11-27 21:05:45.752041+00:00,2024-11-27 21:05:45.752041+00:00,8.616027531956736e-10,1160627674.7503567,-15.563704570277778,5988318716.119828,2.0,9.0,0,False,0,0
991-1491-1521-1981-156,0.0,0.0,0.0,0,0,0.0,35136.0,2.0,17568.0,2025-01-18 00:50:30.422279+00:00,2025-01-18 00:50:37.800216+00:00,1.0,74.38154666666668,6,12.396924444444446,1,2024-11-27 20:51:48.683994+00:00,2024-12-09 23:00:43.586414+00:00,0.0,0.0,999.0,0.0,1.0,8.0,0,True,0,0
991-1491-1521-1981-157,151.570244,1.0,151.570244,2025-03-12 16:42:22.513762+00:00,2025-03-12 16:42:22.513762+00:00,1.0,203000.0,3.0,67666.66666666667,2025-03-12 14:15:40.319235+00:00,2025-03-12 17:18:11.459612+00:00,1.0,5.2844533333333334,1,5.2844533333333334,1,2024-12-05 17:48:37.281455+00:00,2024-12-05 17:48:37.281455+00:00,0.000746651448275862,1339.3130118600322,-2.445054035277778,52.29707224064375,2.0,5.0,0,False,0,0
991-1501-1521-1561-150,0.0,0.0,0.0,0,0,0.0,152376.0,1.0,152376.0,2025-01-17 15:05:06.215823+00:00,2025-01-17 15:05:06.215823+00:00,1.0,13.84736,1,13.84736,1,2024-12-09 22:55:18.796573+00:00,2024-12-09 22:55:18.796573+00:00,0.0,0.0,999.0,0.0,1.0,2.0,0,False,0,0
991-1501-1521-1571-1100,69.0,1.0,69.0,2025-01-17 20:44:19.025060+00:00,2025-01-17 20:44:19.025060+00:00,1.0,112939.0,1.0,112939.0,2025-01-17 21:00:57.536829+00:00,2025-01-17 21:00:57.536829+00:00,1.0,195.72816,1,195.72816,1,2024-12-09 22:50:07.499573+00:00,2024-12-09 22:50:07.499573+00:00,0.0006109492735016247,1636.7971014492753,0.27736438027777777,4254.96,2.0,3.0,0,False,0,0
991-1501-1521-1971-148,75.04621036,3.0,25.015403453333334,2025-01-17 19:03:35.937839+00:00,2025-01-18 03:26:48.112379+00:00,2.0,128233.0,4.0,32058.25,2025-01-17 19:19:45.238051+00:00,2025-01-18 03:36:59.213434+00:00,1.0,41.56744666666667,2,20.783723333333334,2,2024-12-05 05:52:36.969038+00:00,2024-12-08 17:38:31.761677+00:00,0.0005852332111079051,1708.720525458389,0.26925005888888887,830.837022960902,3.0,9.0,0,True,0,0
991-1501-1521-1981-199,0.001683,2.0,0.0008415,2025-01-17 17:34:04.096356+00:00,2025-01-18 05:08:57.973496+00:00,1.0,263341.0,6.0,43890.166666666664,2025-01-18 01:38:25.734002+00:00,2025-01-18 11:29:58.023109+00:00,1.0,3.32516,1,3.32516,1,2024-11-28 16:06:02.659120+00:00,2024-11-28 16:06:02.659120+00:00,6.390953174780988e-09,156471182.41235888,8.072677123888889,2963600.7130124774,2.0,9.0,0,False,0,0
991-1511-1521-1561-151,0.0,0.0,0.0,0,0,0.0,44050.0,1.0,44050.0,2025-03-12 11:11:41.177666+00:00,2025-03-12 11:11:41.177666+00:00,1.0,139.03501333333332,2,69.51750666666666,1,2024-12-06 13:05:04.225274+00:00,2025-03-11 17:33:12.962167+00:00,0.0,0.0,999.0,0.0,1.0,3.0,0,True,0,0
991-1511-1521-1561-198,0.0290802,2.0,0.0145401,2025-01-17 14:42:06.457063+00:00,2025-01-17 21:13:42.917421+00:00,1.0,11841.0,2.0,5920.5,2025-01-17 15:33:37.880689+00:00,2025-01-17 15:43:36.213417+00:00,1.0,48.62872,7,6.94696,1,2024-11-29 12:21:43.156550+00:00,2025-03-11 18:41:53.412472+00:00,2.4558905497846464e-06,407184.26970928675,0.8587287849999999,2508341.758309778,2.0,11.0,0,True,0,0
991-1511-1521-1571-1100,95025.0,2.0,47512.5,2025-01-18 09:31:35.708321+00:00,2025-01-18 09:54:08.063477+00:00,2.0,80.0,1.0,80.0,2025-01-18 09:37:42.978159+00:00,2025-01-18 09:37:42.978159+00:00,1.0,113.96126000000001,1,113.96126000000001,1,2024-12-09 23:17:16.609291+00:00,2024-12-09 23:17:16.609291+00:00,1187.8125,0.0008418837148118916,0.10201939944444444,1.798914917127072,3.0,4.0,0,False,0,0
991-1511-1521-1571-198,0.0,0.0,0.0,0,0,0.0,15500.0,2.0,7750.0,2025-01-18 06:59:47.410627+00:00,2025-01-18 12:37:40.513398+00:00,1.0,28.036666666666665,1,28.036666666666665,1,2024-12-04 12:36:30.433105+00:00,2024-12-04 12:36:30.433105+00:00,0.0,0.0,999.0,0.0,1.0,3.0,0,False,0,0
991-1511-1521-1971-1102,0.0,0.0,0.0,0,0,0.0,114500.0,2.0,57250.0,2025-01-17 15:09:07.901206+00:00,2025-01-18 12:10:17.464728+00:00,1.0,2122.7021666666665,1,2122.7021666666665,1,2024-12-01 16:07:30.567150+00:00,2024-12-01 16:07:30.567150+00:00,0.0,0.0,999.0,0.0,1.0,3.0,0,False,0,0
991-1511-1521-1971-149,0.0018,1.0,0.0018,2025-01-17 21:16:33.119293+00:00,2025-01-17 21:16:33.119293+00:00,1.0,302900.0,3.0,100966.66666666667,2025-01-17 21:35:43.687978+00:00,2025-01-18 11:31:00.066202+00:00,1.0,61.95070666666666,4,15.487676666666665,1,2024-11-29 12:04:26.646798+00:00,2024-12-08 17:09:33.149709+00:00,5.942555298778475e-09,168277777.7777778,0.3196024125,51625588.88888889,2.0,8.0,0,True,0,0
991-1511-1521-1971-199,912.7900000000001,2.0,456.39500000000004,2025-01-18 10:21:19.590662+00:00,2025-03-12 15:29:23.025360+00:00,1.0,0.0,0.0,0.0,0,0,0.0,105.83397333333333,1,105.83397333333333,1,2024-11-29 11:51:30.203019+00:00,2024-11-29 11:51:30.203019+00:00,999.0,0.0,999.0,173.91838210322197,1.0,3.0,0,False,0,0
991-1521-1521-1561-157,29.386512,2.0,14.693256,2025-01-18 08:04:06.382022+00:00,2025-01-18 10:50:20.308982+00:00,1.0,5000.0,1.0,5000.0,2025-01-18 10:51:23.139249+00:00,2025-01-18 10:51:23.139249+00:00,1.0,259.52347333333336,5,51.90469466666667,3,2024-11-27 21:46:19.902200+00:00,2024-12-08 17:58:16.388583+00:00,0.0058773024,170.1460860683296,2.787988118611111,13247.070969157552,2.0,8.0,0,True,0,0
991-1521-1521-1571-153,0.0,0.0,0.0,0,0,0.0,59775.0,1.0,59775.0,2025-03-12 15:11:36.592712+00:00,2025-03-12 15:11:36.592712+00:00,1.0,266.99018666666666,3,88.99672888888888,1,2024-11-30 19:31:15.105763+00:00,2024-12-09 12:21:06.798424+00:00,0.0,0.0,999.0,0.0,1.0,4.0,0,True,0,0
991-1521-1521-1571-198,35150.25523565,4.0,8787.5638089125,2025-01-17 23:26:10.733388+00:00,2025-01-18 09:44:54.181047+00:00,3.0,152418.22,5.0,30483.644,2025-01-18 09:31:47.434425+00:00,2025-01-18 12:22:29.955953+00:00,2.0,34.604033333333334,3,11.534677777777778,1,2024-11-29 11:37:30.083317+00:00,2024-12-11 13:12:21.337540+00:00,0.23061714823628043,4.3361909886052485,10.093528065833333,1.47669055749433,5.0,12.0,0,True,0,0
991-1521-1521-1971-157,0.03140255,3.0,0.010467516666666668,2025-01-17 19:25:50.882308+00:00,2025-01-18 07:40:27.392615+00:00,1.0,3080000.0,2.0,1540000.0,2025-01-17 17:18:38.788351+00:00,2025-01-17 20:23:10.288574+00:00,1.0,467.7856066666667,1,467.7856066666667,1,2024-11-30 19:08:16.604305+00:00,2024-11-30 19:08:16.604305+00:00,1.0195633116883117e-08,98081206.78097798,-2.1200260991666666,22344631.566544753,2.0,6.0,0,False,0,0
991-1521-1521-1981-156,2900.0,1.0,2900.0,2025-01-18 12:03:18.747762+00:00,2025-01-18 12:03:18.747762+00:00,1.0,0.00785901,1.0,0.00785901,2025-01-18 12:06:15.918467+00:00,2025-01-18 12:06:15.918467+00:00,1.0,0.8479333333333334,1,0.8479333333333334,1,2024-12-03 18:29:50.062768+00:00,2024-12-03 18:29:50.062768+00:00,369003.22050741763,2.710003448275862e-06,0.049214084722222225,0.43858620689655176,2.0,3.0,0,False,0,0
991-1531-1521-1561-198,0.20475669,1.0,0.20475669,2025-01-17 16:26:22.493573+00:00,2025-01-17 16:26:22.493573+00:00,1.0,81931.0,2.0,40965.5,2025-01-17 19:03:11.903944+00:00,2025-03-12 11:23:02.360223+00:00,1.0,119.5977,4,29.899425,1,2024-12-01 16:47:28.526218+00:00,2024-12-09 23:11:49.680071+00:00,2.499135736168239e-06,400138.33003454003,2.6137251030555557,876144.9992183406,2.0,7.0,0,True,0,0
991-1531-1521-1571-198,0.0,0.0,0.0,0,0,0.0,35100.0,3.0,11700.0,2025-01-18 10:19:59.714792+00:00,2025-01-18 11:40:47.264706+00:00,1.0,14.62118,2,7.31059,1,2024-12-06 13:00:27.538989+00:00,2024-12-06 13:37:56.204313+00:00,0.0,0.0,999.0,0.0,1.0,5.0,0,True,0,0
991-1531-1521-1971-1101,0.0,0.0,0.0,0,0,0.0,37293.0,1.0,37293.0,2025-01-18 04:00:06.654520+00:00,2025-01-18 04:00:06.654520+00:00,1.0,82.38218,2,41.19109,2,2024-12-08 17:26:25.624873+00:00,2024-12-11 14:21:41.855526+00:00,0.0,0.0,999.0,0.0,1.0,3.0,0,True,0,0
991-1531-1521-1981-154,0.0016698400000000001,3.0,0.0005566133333333333,2025-01-17 18:56:25.896506+00:00,2025-01-18 00:12:03.917390+00:00,1.0,105015.0,6.0,17502.5,2025-01-17 18:32:12.903048+00:00,2025-03-12 14:09:20.968376+00:00,1.0,15.972126666666664,2,7.986063333333332,1,2024-12-02 11:25:17.586583+00:00,2024-12-07 21:29:38.360858+00:00,1.5900966528591156e-08,62889258.85114741,-0.4036092938888889,14347596.176879218,2.0,11.0,0,True,0,0
991-1531-1521-1981-157,0.00143377,1.0,0.00143377,2025-01-17 18:32:59.531381+00:00,2025-01-17 18:32:59.531381+00:00,1.0,241033.0,1.0,241033.0,2025-01-17 19:54:18.725377+00:00,2025-01-17 19:54:18.725377+00:00,1.0,99.21195333333333,1,99.21195333333333,1,2025-07-18 16:33:39.857059+00:00,2025-07-18 16:33:39.857059+00:00,5.9484385955450085e-09,168111342.8234654,1.3553316655555556,103794841.57152122,2.0,3.0,0,False,0,0
991-1541-1521-1561-1102,15150.0,1.0,15150.0,2025-01-17 15:13:01.787444+00:00,2025-01-17 15:13:01.787444+00:00,1.0,32.3,1.0,32.3,2025-01-17 15:14:08.840681+00:00,2025-01-17 15:14:08.840681+00:00,1.0,484.2672266666667,2,242.13361333333336,2,2024-12-04 12:14:50.177464+00:00,2024-12-05 17:49:33.243306+00:00,469.0402476780186,0.002132013201320132,0.018625899166666664,47.947250165016506,2.0,4.0,0,True,0,0
991-1541-1521-1561-155,0.0,0.0,0.0,0,0,0.0,25000.0,4.0,6250.0,2025-01-17 18:40:57.879660+00:00,2025-01-18 10:56:59.561732+00:00,1.0,3.309686666666667,2,1.6548433333333334,1,2024-12-07 21:06:19.592644+00:00,2024-12-07 21:09:06.825042+00:00,0.0,0.0,999.0,0.0,1.0,6.0,0,True,0,0
991-1541-1521-1571-1100,0.00064428,1.0,0.00064428,2025-03-12 17:37:44.946829+00:00,2025-03-12 17:37:44.946829+00:00,1.0,9900.0,1.0,9900.0,2025-01-18 11:34:21.315003+00:00,2025-01-18 11:34:21.315003+00:00,1.0,85.39562666666667,2,42.697813333333336,2,2024-12-05 18:14:05.630070+00:00,2024-12-06 13:39:06.670125+00:00,6.507878787878787e-08,15365989.942261128,-1278.0565643961113,198816415.2231949,2.0,4.0,0,True,0,0
991-1541-1521-1971-151,30150.0,1.0,30150.0,2025-03-12 12:37:17.672584+00:00,2025-03-12 12:37:17.672584+00:00,1.0,18.0,1.0,18.0,2025-03-12 12:43:05.006041+00:00,2025-03-12 12:43:05.006041+00:00,1.0,23.322353333333332,1,23.322353333333332,1,2024-12-10 13:41:55.123665+00:00,2024-12-10 13:41:55.123665+00:00,1675.0,0.0005970149253731343,0.09648151583333334,1.160316086235489,2.0,3.0,0,False,0,0
991-1541-1521-1971-153,59.17954371,4.0,14.7948859275,2025-01-17 14:42:16.360057+00:00,2025-03-12 12:36:00.482950+00:00,3.0,50532.0,2.0,25266.0,2025-01-17 15:28:51.565919+00:00,2025-03-12 14:36:18.452658+00:00,1.0,193.74400666666668,3,64.58133555555555,2,2024-12-01 16:40:11.804929+00:00,2024-12-09 12:13:33.016466+00:00,0.0011711300504630728,853.8761340848466,0.7764460727777778,4910.751110622242,4.0,9.0,0,True,0,0
991-1541-1521-1971-156,0.00437859,1.0,0.00437859,2025-01-17 15:39:28.749427+00:00,2025-01-17 15:39:28.749427+00:00,1.0,707000.0,2.0,353500.0,2025-01-18 05:24:17.846244+00:00,2025-01-18 11:54:58.903171+00:00,1.0,566.3973066666667,2,283.19865333333337,1,2024-12-07 08:04:31.599660+00:00,2024-12-08 17:32:15.596413+00:00,6.193196605374823e-09,161467504.37926364,13.746971338055555,194034143.41146353,2.0,5.0,0,False,0,0
991-1541-1521-1981-151,0.06285117,1.0,0.06285117,2025-01-17 16:03:47.716256+00:00,2025-01-17 16:03:47.716256+00:00,1.0,185100.0,7.0,26442.85714285714,2025-01-17 15:19:21.062602+00:00,2025-01-18 02:32:38.617342+00:00,1.0,99.40040666666667,4,24.850101666666667,3,2024-12-03 18:01:15.588362+00:00,2024-12-11 13:14:40.525390+00:00,3.3955251215559153e-07,2945052.5742002893,-0.7407371261111112,2372280.5796614448,2.0,12.0,0,True,0,0
991-1551-1521-1561-148,0.0,0.0,0.0,0,0,0.0,90000.0,2.0,45000.0,2025-01-18 06:14:07.514554+00:00,2025-03-12 12:44:03.523908+00:00,1.0,552.0571733333334,1,552.0571733333334,1,2024-12-05 04:10:31.795595+00:00,2024-12-05 04:10:31.795595+00:00,0.0,0.0,999.0,0.0,1.0,3.0,0,False,0,0
991-1551-1521-1571-154,331.958776,8.0,41.494847,2025-01-17 14:46:07.827021+00:00,2025-01-18 12:40:55.518081+00:00,1.0,173700.0,4.0,43425.0,2025-01-17 14:56:25.270223+00:00,2025-01-17 20:00:06.593376+00:00,1.0,52.008673333333334,3,17.336224444444444,1,2024-11-29 11:40:05.197764+00:00,2024-12-08 17:14:34.797668+00:00,0.0019111040644789867,523.2577433048494,0.17151200055555557,235.00812643073488,2.0,15.0,0,True,0,0
991-1551-1521-1981-1100,50.0,1.0,50.0,2025-01-18 12:24:41.281406+00:00,2025-01-18 12:24:41.281406+00:00,1.0,50100.0,2.0,25050.0,2025-01-18 10:15:01.262858+00:00,2025-03-12 12:16:38.763761+00:00,1.0,115.87253333333332,1,115.87253333333332,1,2024-12-09 12:17:23.386809+00:00,2024-12-09 12:17:23.386809+00:00,0.000998003992015968,1002.0,-2.161116263333333,3476.176,2.0,4.0,0,False,0,0
991-1561-1521-1971-151,0.12630359,2.0,0.063151795,2025-01-17 17:29:54.364973+00:00,2025-01-17 21:45:06.846500+00:00,2.0,27896.040869,2.0,13948.0204345,2025-01-17 18:27:26.441024+00:00,2025-01-17 21:58:51.328868+00:00,2.0,60.968513333333334,5,12.193702666666667,2,2024-11-28 16:30:23.159424+00:00,2024-12-05 18:10:53.168038+00:00,4.5276528878460755e-06,220864.9878360544,0.9589100141666667,724071.0260096329,4.0,9.0,0,True,0,0
991-1561-1521-1971-152,0.0,0.0,0.0,0,0,0.0,9896.0,1.0,9896.0,2025-01-18 03:18:37.621388+00:00,2025-01-18 03:18:37.621388+00:00,1.0,23.03938,2,11.51969,2,2024-12-08 18:04:16.030742+00:00,2024-12-10 13:49:36.354683+00:00,0.0,0.0,999.0,0.0,1.0,3.0,0,True,0,0
991-1561-1521-1971-154,13.04,1.0,13.04,2025-01-17 19:33:18.961622+00:00,2025-01-17 19:33:18.961622+00:00,1.0,21337.0,1.0,21337.0,2025-01-17 19:39:41.172358+00:00,2025-01-17 19:39:41.172358+00:00,1.0,8.68852,1,8.68852,1,2024-11-30 04:39:06.263587+00:00,2024-11-30 04:39:06.263587+00:00,0.0006111449594600927,1636.2730061349694,0.10616964888888888,999.4463190184051,2.0,3.0,0,False,0,0
991-1561-1521-1971-155,0.0,0.0,0.0,0,0,0.0,120000.0,2.0,60000.0,2025-03-12 12:42:12.164260+00:00,2025-03-12 12:49:27.397045+00:00,1.0,199.63334,1,199.63334,1,2024-12-10 13:31:48.546820+00:00,2024-12-10 13:31:48.546820+00:00,0.0,0.0,999.0,0.0,1.0,3.0,0,False,0,0
991-1561-1521-1981-1102,0.0004085,1.0,0.0004085,2025-01-18 11:13:57.952036+00:00,2025-01-18 11:13:57.952036+00:00,1.0,0.0,0.0,0.0,0,0,0.0,530.4032266666667,1,530.4032266666667,1,2025-07-18 15:31:18.500647+00:00,2025-07-18 15:31:18.500647+00:00,999.0,0.0,999.0,1947625067.3194616,1.0,2.0,0,False,0,0
991-1561-1521-1981-149,0.08157316,1.0,0.08157316,2025-03-12 15:10:53.868054+00:00,2025-03-12 15:10:53.868054+00:00,1.0,228241.0,2.0,114120.5,2025-03-12 15:15:23.056447+00:00,2025-03-12 15:27:53.564096+00:00,1.0,74.11536,2,37.05768,2,2024-11-29 12:15:09.843613+00:00,2024-12-06 13:34:24.973850+00:00,3.573992402767251e-07,2797991.3981510582,0.07477455361111111,1362862.9809118586,2.0,5.0,0,True,0,0
991-1561-1521-1981-155,0.00548442,1.0,0.00548442,2025-03-12 21:57:31.763097+00:00,2025-03-12 21:57:31.763097+00:00,1.0,0.0,0.0,0.0,0,0,0.0,27.638426666666668,1,27.638426666666668,1,2025-03-11 14:19:06.351628+00:00,2025-03-11 14:19:06.351628+00:00,999.0,0.0,999.0,7559165.782343438,1.0,2.0,0,False,0,0
991-1571-1521-1971-148,53.461927,2.0,26.7309635,2025-01-17 18:44:14.918872+00:00,2025-01-18 09:37:09.267918+00:00,1.0,13826.0,2.0,6913.0,2025-01-17 19:37:07.068956+00:00,2025-01-17 20:40:29.075913+00:00,1.0,21.41424,2,10.70712,1,2024-12-03 18:42:31.416532+00:00,2024-12-05 05:46:22.538614+00:00,0.0038667674670909884,258.61394782870434,0.881152801111111,600.8268276599906,2.0,6.0,0,True,0,0
991-1971-1521-1561-197,0.0,0.0,0.0,0,0,0.0,10000.0,1.0,10000.0,2025-01-17 16:54:22.107741+00:00,2025-01-17 16:54:22.107741+00:00,1.0,116.99668,1,116.99668,1,2024-11-30 05:14:58.447854+00:00,2024-11-30 05:14:58.447854+00:00,0.0,0.0,999.0,0.0,1.0,2.0,0,False,0,0
991-1971-1521-1571-1100,392.943609,3.0,130.981203,2025-01-17 15:49:14.912154+00:00,2025-03-12 12:59:25.818483+00:00,1.0,58912.4,6.0,9818.733333333334,2025-01-17 15:45:01.377384+00:00,2025-01-18 07:37:26.518204+00:00,2.0,60.34386666666666,3,20.11462222222222,2,2024-12-01 16:01:41.450776+00:00,2024-12-11 07:38:39.923914+00:00,0.0066699643708285515,149.9258383408394,-0.070426325,230.3531548212558,3.0,12.0,0,True,0,0
991-1971-1521-1571-153,0.0,0.0,0.0,0,0,0.0,21100.0,1.0,21100.0,2025-01-17 22:58:49.897692+00:00,2025-01-17 22:58:49.897692+00:00,1.0,3.96036,1,3.96036,1,2024-12-11 11:16:09.912278+00:00,2024-12-11 11:16:09.912278+00:00,0.0,0.0,999.0,0.0,1.0,2.0,0,False,0,0
991-1971-1521-1571-157,117.00241088,4.0,29.25060272,2025-01-17 16:55:14.905557+00:00,2025-01-18 04:22:09.911331+00:00,2.0,588850.0,5.0,117770.0,2025-01-17 17:13:20.080827+00:00,2025-01-18 04:52:51.265390+00:00,1.0,28.1381,1,28.1381,1,2024-12-03 18:02:54.252027+00:00,2024-12-03 18:02:54.252027+00:00,0.00019869646069457417,5032.802277928583,0.301437575,360.73743850704494,3.0,10.0,0,False,0,0
991-1971-1521-1971-149,0.14512198,1.0,0.14512198,2025-03-12 14:08:58.612075+00:00,2025-03-12 14:08:58.612075+00:00,1.0,121097.0,3.0,40365.666666666664,2025-03-12 14:14:22.362226+00:00,2025-03-12 14:26:31.152798+00:00,1.0,44.728359999999995,1,44.728359999999995,1,2024-11-27 21:11:56.907093+00:00,2024-11-27 21:11:56.907093+00:00,1.1983945101860493e-06,834449.7504788729,0.0899305975,462318.25117049797,2.0,5.0,0,False,0,0
991-1971-1521-1971-155,200.0,1.0,200.0,2025-01-17 14:43:24.831323+00:00,2025-01-17 14:43:24.831323+00:00,1.0,210500.0,5.0,42100.0,2025-01-17 14:45:04.385089+00:00,2025-03-12 17:11:43.629441+00:00,1.0,106.62701999999999,3,35.542339999999996,1,2024-12-01 15:58:31.958383+00:00,2024-12-06 13:08:42.430883+00:00,0.0009501187648456057,1052.5,0.027653823888888887,799.70265,2.0,9.0,0,True,0,0
991-1971-1521-1981-199,83.34909999999999,3.0,27.783033333333332,2025-01-17 15:55:47.792181+00:00,2025-01-17 20:04:16.973124+00:00,1.0,136423.0,3.0,45474.333333333336,2025-01-17 16:11:43.780052+00:00,2025-01-17 20:48:02.583824+00:00,1.0,993.4297066666668,8,124.17871333333335,1,2024-11-28 15:58:40.347185+00:00,2024-12-10 13:31:00.875965+00:00,0.0006109607617483855,1636.766323811535,0.2655521863888889,17878.352135775913,2.0,14.0,0,False,0,0
991-1981-1521-1561-197,0.0,0.0,0.0,0,0,0.0,50000.0,1.0,50000.0,2025-01-17 16:27:21.806873+00:00,2025-01-17 16:27:21.806873+00:00,1.0,206.99,1,206.99,1,2024-12-02 11:21:57.775650+00:00,2024-12-02 11:21:57.775650+00:00,0.0,0.0,999.0,0.0,1.0,2.0,0,False,0,0
991-1981-1521-1571-197,0.0,0.0,0.0,0,0,0.0,5700.0,2.0,2850.0,2025-03-12 13:52:25.418775+00:00,2025-03-12 14:01:14.899584+00:00,1.0,27.23,1,27.23,1,2025-03-11 14:36:52.397387+00:00,2025-03-11 14:36:52.397387+00:00,0.0,0.0,999.0,0.0,1.0,3.0,0,False,0,0
991-1981-1521-1971-153,0.00692738,4.0,0.001731845,2025-01-17 20:53:03.489334+00:00,2025-05-08 15:21:50.301898+00:00,1.0,725826.0,2.0,362913.0,2025-01-17 21:36:13.533810+00:00,2025-03-12 16:27:32.908971+00:00,1.0,41.55469333333333,2,20.777346666666666,1,2024-12-05 18:20:20.730614+00:00,2024-12-08 17:34:18.239222+00:00,9.54413316690226e-09,104776408.97424422,0.7194567988888889,8997924.179126885,2.0,8.0,0,True,0,0
991-1981-1521-1971-154,47.1726,1.0,47.1726,2025-03-12 16:58:31.074713+00:00,2025-03-12 16:58:31.074713+00:00,1.0,10100.0,1.0,10100.0,2025-01-18 11:50:06.091001+00:00,2025-01-18 11:50:06.091001+00:00,1.0,49.54797333333334,1,49.54797333333334,1,2024-12-07 21:18:28.547379+00:00,2024-12-07 21:18:28.547379+00:00,0.0046705544554455445,214.10734197394248,-1277.1402732533334,1575.5324065241264,2.0,3.0,0,False,0,0
991-1981-1521-1971-197,0.0,0.0,0.0,0,0,0.0,10000.0,2.0,5000.0,2025-01-18 02:22:57.756780+00:00,2025-03-12 11:42:36.742229+00:00,1.0,375.90907999999996,4,93.97726999999999,1,2024-11-30 19:20:55.069837+00:00,2024-12-06 13:28:28.809991+00:00,0.0,0.0,999.0,0.0,1.0,6.0,0,True,0,0
991-1981-1521-1981-153,0.00516008,1.0,0.00516008,2025-01-18 02:12:57.021678+00:00,2025-01-18 02:12:57.021678+00:00,1.0,206000.0,4.0,51500.0,2025-01-17 19:02:34.720057+00:00,2025-03-12 14:31:53.206688+00:00,1.0,86.25,1,86.25,1,2024-12-05 05:11:42.832844+00:00,2024-12-05 05:11:42.832844+00:00,2.504893203883495e-08,39921861.67656315,-7.172861561388888,25072285.700996883,2.0,6.0,0,False,0,0
991-1981-1521-1981-156,0.01002558,1.0,0.01002558,2025-01-18 09:24:07.121953+00:00,2025-01-18 09:24:07.121953+00:00,1.0,52667.0,1.0,52667.0,2025-01-18 09:38:35.312366+00:00,2025-01-18 09:38:35.312366+00:00,1.0,243.94046666666668,2,121.97023333333334,1,2024-12-03 18:38:35.427039+00:00,2024-12-04 12:39:27.666383+00:00,1.903579091271574e-07,5253262.15540647,0.24116400361111112,36497708.86073425,2.0,4.0,0,True,0,0
991-1981-1521-1981-197,0.00608669,1.0,0.00608669,2025-01-18 00:50:56.716890+00:00,2025-01-18 00:50:56.716890+00:00,1.0,1020042.0,1.0,1020042.0,2025-01-18 05:13:19.675212+00:00,2025-01-18 05:13:19.675212+00:00,1.0,39.05986666666667,1,39.05986666666667,1,2024-11-28 16:36:34.590113+00:00,2024-11-28 16:36:34.590113+00:00,5.967097433242945e-09,167585666.42953724,4.3730439783333335,9625888.619265974,2.0,3.0,0,False,0,0
991-1991-1521-1561-152,0.0,0.0,0.0,0,0,0.0,7400.0,1.0,7400.0,2025-01-18 09:23:21.698725+00:00,2025-01-18 09:23:21.698725+00:00,1.0,18.141126666666665,1,18.141126666666665,1,2024-12-04 12:40:21.123071+00:00,2024-12-04 12:40:21.123071+00:00,0.0,0.0,999.0,0.0,1.0,2.0,0,False,0,0
991-1991-1521-1571-148,0.00080647,1.0,0.00080647,2025-01-17 21:17:09.344383+00:00,2025-01-17 21:17:09.344383+00:00,1.0,9900.0,1.0,9900.0,2025-01-17 21:00:04.851231+00:00,2025-01-17 21:00:04.851231+00:00,1.0,6.599846666666667,1,6.599846666666667,1,2024-12-07 20:59:21.167545+00:00,2024-12-07 20:59:21.167545+00:00,8.146161616161616e-08,12275720.11358141,-0.2845814311111111,12275434.920083825,2.0,3.0,0,False,0,0
991-1991-1521-1971-1100,30150.0,1.0,30150.0,2025-01-17 22:27:41.672146+00:00,2025-01-17 22:27:41.672146+00:00,1.0,0.0,0.0,0.0,0,0,0.0,9.999699999999999,1,9.999699999999999,1,2024-11-28 16:42:42.070794+00:00,2024-11-28 16:42:42.070794+00:00,999.0,0.0,999.0,0.4974975124378109,1.0,2.0,0,False,0,0
991-1991-1521-1971-1101,10000.0,1.0,10000.0,2025-03-12 16:59:18.184067+00:00,2025-03-12 16:59:18.184067+00:00,1.0,0.0,0.0,0.0,0,0,0.0,45.82167333333334,2,22.91083666666667,2,2024-12-09 11:55:54.555700+00:00,2024-12-09 11:58:22.509695+00:00,999.0,0.0,999.0,6.873251,1.0,3.0,0,True,0,0
991-1991-1521-1981-1101,0.0,0.0,0.0,0,0,0.0,59000.0,4.0,14750.0,2025-01-17 15:53:54.911309+00:00,2025-01-18 12:18:12.081963+00:00,1.0,89.46301333333332,1,89.46301333333332,1,2024-12-06 13:44:52.728061+00:00,2024-12-06 13:44:52.728061+00:00,0.0,0.0,999.0,0.0,1.0,5.0,0,False,0,0
991-1991-1521-1981-1102,440300.0,2.0,220150.0,2025-03-12 15:22:51.605819+00:00,2025-03-12 15:24:13.748929+00:00,1.0,98200.0,6.0,16366.666666666666,2025-01-17 19:14:33.642192+00:00,2025-03-12 15:09:14.226376+00:00,1.0,187.98508,1,187.98508,1,2024-12-03 02:19:25.164134+00:00,2024-12-03 02:19:25.164134+00:00,4.4837067209775965,0.22302975244151715,-1292.1383232297223,0.6404215761980467,2.0,9.0,0,False,0,0
991-1991-1521-1981-156,0.0,0.0,0.0,0,0,0.0,38000.0,3.0,12666.666666666666,2025-01-18 08:10:46.643997+00:00,2025-03-12 13:59:02.911161+00:00,1.0,130.71484666666666,1,130.71484666666666,1,2024-12-06 13:43:34.959720+00:00,2024-12-06 13:43:34.959720+00:00,0.0,0.0,999.0,0.0,1.0,4.0,0,False,0,0
